year,site,doy,week,tot.obs.length,species,caste,bee.sum,plant.species,plant.family
2015,Avery.Wash,141,2,80,bifarius,queen,1,Mertensia.fusiformis,Boraginaceae
2015,Avery.Wash,149,3,60,bifarius,queen,1,Mertensia.fusiformis,Boraginaceae
2015,Avery.Wash,153,4,60,bifarius,queen,2,Mertensia.fusiformis,Boraginaceae
2015,Avery.Wash,158,5,60,bifarius,queen,1,Mertensia.fusiformis,Boraginaceae
2015,Avery.Wash,158,5,60,flavifrons,queen,2,Mertensia.fusiformis,Boraginaceae
2015,Avery.Wash,168,6,60,appositus,queen,5,Delphinium.nuttallianum,Ranunculaceae
2015,Avery.Wash,168,6,60,flavifrons,queen,6,Delphinium.nuttallianum,Ranunculaceae
2015,Avery.Wash,168,6,60,flavifrons,queen,3,Hydrophyllum.fendleri,Hydrophyllaceae
2015,Avery.Wash,170,6,30,flavifrons,queen,1,Delphinium.nuttallianum,Ranunculaceae
2015,Avery.Wash,170,6,30,flavifrons,queen,1,Lonicera.involucrata,Caprifoliaceae
2015,Avery.Wash,170,6,30,flavifrons,queen,3,Hydrophyllum.fendleri,Hydrophyllaceae
2015,Avery.Wash,177,7,60,appositus,queen,1,Lathyrus.lanszwertii.var.leucanthus,Fabaceae
2015,Avery.Wash,177,7,60,flavifrons,queen,1,Delphinium.nuttallianum,Ranunculaceae
2015,Avery.Wash,177,7,60,flavifrons,queen,2,Hydrophyllum.fendleri,Hydrophyllaceae
2015,Avery.Wash,177,7,60,flavifrons,queen,1,Mertensia.ciliata,Boraginaceae
2015,Avery.Wash,177,7,60,nevadensis,queen,1,Hydrophyllum.fendleri,Hydrophyllaceae
2015,Avery.Wash,183,8,60,appositus,queen,1,Aquilegia.coerulea,Ranunculaceae
2015,Avery.Wash,183,8,60,appositus,queen,1,Delphinium.nuttallianum,Ranunculaceae
2015,Avery.Wash,183,8,60,appositus,queen,1,Hydrophyllum.fendleri,Hydrophyllaceae
2015,Avery.Wash,183,8,60,appositus,queen,2,Lathyrus.lanszwertii.var.leucanthus,Fabaceae
2015,Avery.Wash,183,8,60,appositus,queen,3,Vicia.americana,Fabaceae
2015,Avery.Wash,183,8,60,appositus,worker,1,Vicia.americana,Fabaceae
2015,Avery.Wash,183,8,60,flavifrons,queen,2,Hydrophyllum.fendleri,Hydrophyllaceae
2015,Avery.Wash,183,8,60,flavifrons,queen,1,Mertensia.ciliata,Boraginaceae
2015,Avery.Wash,183,8,60,rufocinctus,queen,1,Hydrophyllum.fendleri,Hydrophyllaceae
2015,Avery.Wash,191,9,60,appositus,queen,2,Delphinium.barbeyi,Ranunculaceae
2015,Avery.Wash,191,9,60,appositus,queen,1,Hydrophyllum.fendleri,Hydrophyllaceae
2015,Avery.Wash,191,9,60,appositus,queen,1,Vicia.americana,Fabaceae
2015,Avery.Wash,191,9,60,appositus,worker,1,Delphinium.barbeyi,Ranunculaceae
2015,Avery.Wash,191,9,60,appositus,worker,4,Vicia.americana,Fabaceae
2015,Avery.Wash,191,9,60,bifarius,worker,2,Helianthella.quinquenervis,Asteraceae
2015,Avery.Wash,191,9,60,flavifrons,queen,1,Helianthella.quinquenervis,Asteraceae
2015,Avery.Wash,191,9,60,flavifrons,queen,2,Mertensia.ciliata,Boraginaceae
2015,Avery.Wash,191,9,60,flavifrons,queen,3,Vicia.americana,Fabaceae
2015,Avery.Wash,191,9,60,flavifrons,worker,1,Delphinium.barbeyi,Ranunculaceae
2015,Avery.Wash,191,9,60,flavifrons,worker,10,Helianthella.quinquenervis,Asteraceae
2015,Avery.Wash,191,9,60,flavifrons,worker,1,Mertensia.ciliata,Boraginaceae
2015,Avery.Wash,191,9,60,flavifrons,worker,2,Vicia.americana,Fabaceae
2015,Avery.Wash,191,9,60,mixtus,worker,3,Helianthella.quinquenervis,Asteraceae
2015,Avery.Wash,191,9,60,mixtus,worker,1,Hydrophyllum.fendleri,Hydrophyllaceae
2015,Avery.Wash,191,9,60,rufocinctus,queen,1,Hymenoxys.hoopesii,Asteraceae
2015,Avery.Wash,197,10,60,appositus,queen,1,Vicia.americana,Fabaceae
2015,Avery.Wash,197,10,60,appositus,worker,2,Delphinium.barbeyi,Ranunculaceae
2015,Avery.Wash,197,10,60,appositus,worker,6,Vicia.americana,Fabaceae
2015,Avery.Wash,197,10,60,californicus,worker,1,Vicia.americana,Fabaceae
2015,Avery.Wash,197,10,60,flavifrons,queen,2,Vicia.americana,Fabaceae
2015,Avery.Wash,197,10,60,flavifrons,worker,1,Aconitum.columbianum,Ranunculaceae
2015,Avery.Wash,197,10,60,flavifrons,worker,1,Delphinium.barbeyi,Ranunculaceae
2015,Avery.Wash,197,10,60,flavifrons,worker,1,Helianthella.quinquenervis,Asteraceae
2015,Avery.Wash,197,10,60,flavifrons,worker,3,Hydrophyllum.fendleri,Hydrophyllaceae
2015,Avery.Wash,197,10,60,flavifrons,worker,1,Vicia.americana,Fabaceae
2015,Avery.Wash,197,10,60,frigidus,worker,1,Helianthella.quinquenervis,Asteraceae
2015,Avery.Wash,197,10,60,mixtus,queen,1,Hymenoxys.hoopesii,Asteraceae
2015,Avery.Wash,197,10,60,mixtus,worker,1,Erigeron.elatior,Asteraceae
2015,Avery.Wash,197,10,60,mixtus,worker,1,Helianthella.quinquenervis,Asteraceae
2015,Avery.Wash,197,10,60,sylvicola,worker,1,Hymenoxys.hoopesii,Asteraceae
2015,Avery.Wash,208,11,60,appositus,worker,7,Delphinium.barbeyi,Ranunculaceae
2015,Avery.Wash,208,11,60,appositus,worker,4,Vicia.americana,Fabaceae
2015,Avery.Wash,208,11,60,bifarius,queen,2,Senecio.bigelovii,Asteraceae
2015,Avery.Wash,208,11,60,bifarius,worker,5,Hymenoxys.hoopesii,Asteraceae
2015,Avery.Wash,208,11,60,bifarius,worker,5,Erigeron.elatior,Asteraceae
2015,Avery.Wash,208,11,60,bifarius,worker,1,Helianthella.quinquenervis,Asteraceae
2015,Avery.Wash,208,11,60,bifarius,worker,2,Heterotheca.villosa,Asteraceae
2015,Avery.Wash,208,11,60,bifarius,worker,6,Senecio.bigelovii,Asteraceae
2015,Avery.Wash,208,11,60,flavifrons,male,1,Cirsium.parryi,Asteraceae
2015,Avery.Wash,208,11,60,flavifrons,male,1,Helianthella.quinquenervis,Asteraceae
2015,Avery.Wash,208,11,60,flavifrons,male,1,Vicia.americana,Fabaceae
2015,Avery.Wash,208,11,60,flavifrons,queen,1,Senecio.bigelovii,Asteraceae
2015,Avery.Wash,208,11,60,flavifrons,worker,2,Aconitum.columbianum,Ranunculaceae
2015,Avery.Wash,208,11,60,flavifrons,worker,3,Cirsium.parryi,Asteraceae
2015,Avery.Wash,208,11,60,flavifrons,worker,16,Delphinium.barbeyi,Ranunculaceae
2015,Avery.Wash,208,11,60,flavifrons,worker,2,Senecio.bigelovii,Asteraceae
2015,Avery.Wash,208,11,60,flavifrons,worker,1,Solidago.multiradiata,Asteraceae
2015,Avery.Wash,208,11,60,frigidus,worker,1,Hymenoxys.hoopesii,Asteraceae
2015,Avery.Wash,208,11,60,mixtus,male,1,Erigeron.elatior,Asteraceae
2015,Avery.Wash,208,11,60,mixtus,male,1,Senecio.bigelovii,Asteraceae
2015,Avery.Wash,208,11,60,mixtus,worker,1,Erigeron.elatior,Asteraceae
2015,Avery.Wash,208,11,60,mixtus,worker,1,Helianthella.quinquenervis,Asteraceae
2015,Avery.Wash,208,11,60,mixtus,worker,8,Senecio.bigelovii,Asteraceae
2015,Avery.Wash,208,11,60,mixtus,worker,1,Solidago.multiradiata,Asteraceae
2015,Avery.Wash,208,11,60,rufocinctus,worker,1,Erigeron.elatior,Asteraceae
2015,Avery.Wash,208,11,60,rufocinctus,worker,1,Senecio.bigelovii,Asteraceae
2015,Avery.Wash,208,11,60,sylvicola,male,1,Senecio.bigelovii,Asteraceae
2015,Avery.Wash,208,11,60,sylvicola,worker,1,Helianthella.quinquenervis,Asteraceae
2015,Avery.Wash,208,11,60,sylvicola,worker,4,Senecio.bigelovii,Asteraceae
2015,Avery.Wash,208,11,60,sylvicola,worker,1,Rubus.idaeus,Rosaceae
2015,Avery.Wash,216,12,60,appositus,male,1,Delphinium.barbeyi,Ranunculaceae
2015,Avery.Wash,216,12,60,appositus,male,1,Erigeron.elatior,Asteraceae
2015,Avery.Wash,216,12,60,appositus,queen,2,Delphinium.barbeyi,Ranunculaceae
2015,Avery.Wash,216,12,60,appositus,worker,18,Delphinium.barbeyi,Ranunculaceae
2015,Avery.Wash,216,12,60,appositus,worker,1,Vicia.americana,Fabaceae
2015,Avery.Wash,216,12,60,balteatus,male,1,Senecio.serra.var.admirabilis,Asteraceae
2015,Avery.Wash,216,12,60,bifarius,male,4,Hymenoxys.hoopesii,Asteraceae
2015,Avery.Wash,216,12,60,bifarius,male,5,Erigeron.elatior,Asteraceae
2015,Avery.Wash,216,12,60,bifarius,male,8,Heliomeris.multiflora,Asteraceae
2015,Avery.Wash,216,12,60,bifarius,male,4,Senecio.serra.var.admirabilis,Asteraceae
2015,Avery.Wash,216,12,60,bifarius,worker,3,Hymenoxys.hoopesii,Asteraceae
2015,Avery.Wash,216,12,60,bifarius,worker,3,Erigeron.elatior,Asteraceae
2015,Avery.Wash,216,12,60,bifarius,worker,6,Heliomeris.multiflora,Asteraceae
2015,Avery.Wash,216,12,60,bifarius,worker,1,Heterotheca.villosa,Asteraceae
2015,Avery.Wash,216,12,60,bifarius,worker,2,Senecio.bigelovii,Asteraceae
2015,Avery.Wash,216,12,60,bifarius,worker,4,Senecio.serra.var.admirabilis,Asteraceae
2015,Avery.Wash,216,12,60,bifarius,worker,1,Solidago.multiradiata,Asteraceae
2015,Avery.Wash,216,12,60,flavifrons,male,8,Cirsium.parryi,Asteraceae
2015,Avery.Wash,216,12,60,flavifrons,male,1,Erigeron.elatior,Asteraceae
2015,Avery.Wash,216,12,60,flavifrons,male,10,Senecio.bigelovii,Asteraceae
2015,Avery.Wash,216,12,60,flavifrons,male,8,Senecio.serra.var.admirabilis,Asteraceae
2015,Avery.Wash,216,12,60,flavifrons,male,1,Vicia.americana,Fabaceae
2015,Avery.Wash,216,12,60,flavifrons,worker,26,Delphinium.barbeyi,Ranunculaceae
2015,Avery.Wash,216,12,60,flavifrons,worker,1,Senecio.bigelovii,Asteraceae
2015,Avery.Wash,216,12,60,flavifrons,worker,1,Senecio.serra.var.admirabilis,Asteraceae
2015,Avery.Wash,216,12,60,mixtus,male,1,Senecio.bigelovii,Asteraceae
2015,Avery.Wash,216,12,60,mixtus,worker,1,Erigeron.elatior,Asteraceae
2015,Avery.Wash,216,12,60,mixtus,worker,2,Senecio.bigelovii,Asteraceae
2015,Avery.Wash,216,12,60,rufocinctus,male,1,Heliomeris.multiflora,Asteraceae
2015,Avery.Wash,216,12,60,sylvicola,worker,1,Heterotheca.villosa,Asteraceae
2015,Avery.Wash,229,13,60,appositus,male,1,Agoseris.glauca,Asteraceae
2015,Avery.Wash,229,13,60,appositus,male,2,Cirsium.parryi,Asteraceae
2015,Avery.Wash,229,13,60,appositus,male,2,Delphinium.barbeyi,Ranunculaceae
2015,Avery.Wash,229,13,60,appositus,male,7,Gentiana.parryi,Gentianaceae
2015,Avery.Wash,229,13,60,appositus,male,2,Heliomeris.multiflora,Asteraceae
2015,Avery.Wash,229,13,60,appositus,male,1,Senecio.serra.var.admirabilis,Asteraceae
2015,Avery.Wash,229,13,60,bifarius,male,2,Erigeron.elatior,Asteraceae
2015,Avery.Wash,229,13,60,bifarius,male,1,Gentiana.parryi,Gentianaceae
2015,Avery.Wash,229,13,60,bifarius,male,12,Heliomeris.multiflora,Asteraceae
2015,Avery.Wash,229,13,60,bifarius,male,4,Senecio.serra.var.admirabilis,Asteraceae
2015,Avery.Wash,229,13,60,bifarius,queen,1,Heliomeris.multiflora,Asteraceae
2015,Avery.Wash,229,13,60,bifarius,worker,4,Heliomeris.multiflora,Asteraceae
2015,Avery.Wash,229,13,60,flavifrons,male,10,Cirsium.parryi,Asteraceae
2015,Avery.Wash,229,13,60,flavifrons,male,33,Heliomeris.multiflora,Asteraceae
2015,Avery.Wash,229,13,60,flavifrons,male,1,Senecio.bigelovii,Asteraceae
2015,Avery.Wash,229,13,60,flavifrons,male,58,Senecio.serra.var.admirabilis,Asteraceae
2015,Avery.Wash,229,13,60,flavifrons,worker,1,Agoseris.glauca,Asteraceae
2015,Avery.Wash,229,13,60,flavifrons,worker,1,Delphinium.barbeyi,Ranunculaceae
2015,Avery.Wash,229,13,60,flavifrons,worker,2,Heliomeris.multiflora,Asteraceae
2015,Avery.Wash,229,13,60,flavifrons,worker,1,Vicia.americana,Fabaceae
2015,Avery.Wash,229,13,60,insularis,male,3,Senecio.serra.var.admirabilis,Asteraceae
2015,Avery.Wash,229,13,60,mixtus,male,2,Heliomeris.multiflora,Asteraceae
2015,Avery.Wash,229,13,60,mixtus,male,2,Senecio.serra.var.admirabilis,Asteraceae
2015,Avery.Wash,229,13,60,mixtus,worker,3,Heliomeris.multiflora,Asteraceae
2015,Avery.Wash,229,13,60,rufocinctus,male,2,Senecio.serra.var.admirabilis,Asteraceae
2015,Avery.Wash,229,13,60,rufocinctus,worker,1,Heliomeris.multiflora,Asteraceae
2015,Avery.Wash,229,13,60,sylvicola,worker,1,Heliomeris.multiflora,Asteraceae
2015,Avery.Wash,236,14,60,appositus,male,3,Gentiana.parryi,Gentianaceae
2015,Avery.Wash,236,14,60,appositus,male,1,Heliomeris.multiflora,Asteraceae
2015,Avery.Wash,236,14,60,appositus,male,4,Vicia.americana,Fabaceae
2015,Avery.Wash,236,14,60,bifarius,male,2,Heliomeris.multiflora,Asteraceae
2015,Avery.Wash,236,14,60,bifarius,male,1,Senecio.serra.var.admirabilis,Asteraceae
2015,Avery.Wash,236,14,60,flavifrons,male,3,Chamerion.angustifolium,Onagraceae
2015,Avery.Wash,236,14,60,flavifrons,male,4,Cirsium.parryi,Asteraceae
2015,Avery.Wash,236,14,60,flavifrons,male,12,Heliomeris.multiflora,Asteraceae
2015,Avery.Wash,236,14,60,flavifrons,male,24,Senecio.serra.var.admirabilis,Asteraceae
2015,Avery.Wash,236,14,60,flavifrons,male,1,Vicia.americana,Fabaceae
2015,Avery.Wash,236,14,60,flavifrons,worker,1,Senecio.serra.var.admirabilis,Asteraceae
2015,Avery.Wash,236,14,60,insularis,male,2,Heliomeris.multiflora,Asteraceae
2015,Avery.Wash,236,14,60,mixtus,male,1,Senecio.serra.var.admirabilis,Asteraceae
2015,Avery.Wash,236,14,60,rufocinctus,worker,1,Heliomeris.multiflora,Asteraceae
2015,Avery.Wash,236,14,60,sylvicola,male,1,Senecio.serra.var.admirabilis,Asteraceae
2015,Avery.Wash,240,15,60,appositus,male,1,Gentiana.parryi,Gentianaceae
2015,Avery.Wash,240,15,60,appositus,male,1,Heliomeris.multiflora,Asteraceae
2015,Avery.Wash,240,15,60,bifarius,male,2,Heliomeris.multiflora,Asteraceae
2015,Avery.Wash,240,15,60,bifarius,male,1,Senecio.serra.var.admirabilis,Asteraceae
2015,Avery.Wash,240,15,60,flavifrons,male,4,Cirsium.parryi,Asteraceae
2015,Avery.Wash,240,15,60,flavifrons,male,12,Heliomeris.multiflora,Asteraceae
2015,Avery.Wash,240,15,60,flavifrons,male,24,Senecio.serra.var.admirabilis,Asteraceae
2015,Avery.Wash,240,15,60,flavifrons,worker,1,Senecio.serra.var.admirabilis,Asteraceae
2015,Avery.Wash,240,15,60,insularis,male,2,Heliomeris.multiflora,Asteraceae
2015,Copper.Creek,133,1,110,bifarius,queen,1,Mertensia.fusiformis,Boraginaceae
2015,Copper.Creek,141,2,85,bifarius,queen,2,Claytonia.lanceolata,Montiaceae
2015,Copper.Creek,145,2,48,bifarius,queen,1,Claytonia.lanceolata,Montiaceae
2015,Copper.Creek,152,3,60,bifarius,queen,1,Claytonia.lanceolata,Montiaceae
2015,Copper.Creek,152,3,60,bifarius,queen,1,Erythronium.grandiflorum,Liliaceae
2015,Copper.Creek,152,3,60,bifarius,queen,2,Hydrophyllum.capitatum,Hydrophyllaceae
2015,Copper.Creek,152,3,60,bifarius,queen,6,Mertensia.fusiformis,Boraginaceae
2015,Copper.Creek,152,3,60,californicus,queen,1,Mertensia.fusiformis,Boraginaceae
2015,Copper.Creek,155,4,60,bifarius,queen,1,Hydrophyllum.capitatum,Hydrophyllaceae
2015,Copper.Creek,155,4,60,bifarius,queen,1,Mertensia.fusiformis,Boraginaceae
2015,Copper.Creek,155,4,60,bifarius,queen,1,Taraxacum.officinale,Asteraceae
2015,Copper.Creek,155,4,60,californicus,queen,1,Delphinium.nuttallianum,Ranunculaceae
2015,Copper.Creek,155,4,60,californicus,queen,1,Erythronium.grandiflorum,Liliaceae
2015,Copper.Creek,155,4,60,californicus,queen,1,Mertensia.fusiformis,Boraginaceae
2015,Copper.Creek,155,4,60,flavifrons,queen,1,Hydrophyllum.capitatum,Hydrophyllaceae
2015,Copper.Creek,155,4,60,flavifrons,queen,1,Mertensia.fusiformis,Boraginaceae
2015,Copper.Creek,155,4,60,rufocinctus,queen,1,Mertensia.fusiformis,Boraginaceae
2015,Copper.Creek,159,5,60,appositus,queen,1,Delphinium.nuttallianum,Ranunculaceae
2015,Copper.Creek,159,5,60,bifarius,queen,1,Hydrophyllum.capitatum,Hydrophyllaceae
2015,Copper.Creek,159,5,60,californicus,queen,1,Delphinium.nuttallianum,Ranunculaceae
2015,Copper.Creek,159,5,60,rufocinctus,queen,1,Hydrophyllum.capitatum,Hydrophyllaceae
2015,Copper.Creek,161,5,45,appositus,queen,3,Delphinium.nuttallianum,Ranunculaceae
2015,Copper.Creek,161,5,45,californicus,queen,3,Delphinium.nuttallianum,Ranunculaceae
2015,Copper.Creek,161,5,45,californicus,queen,1,Hydrophyllum.capitatum,Hydrophyllaceae
2015,Copper.Creek,161,5,45,californicus,queen,1,Mertensia.fusiformis,Boraginaceae
2015,Copper.Creek,166,6,60,appositus,queen,6,Delphinium.nuttallianum,Ranunculaceae
2015,Copper.Creek,166,6,60,bifarius,queen,1,Geum.triflorum,Rosaceae
2015,Copper.Creek,166,6,60,bifarius,queen,2,Hydrophyllum.capitatum,Hydrophyllaceae
2015,Copper.Creek,166,6,60,bifarius,queen,2,Hydrophyllum.fendleri,Hydrophyllaceae
2015,Copper.Creek,166,6,60,californicus,queen,9,Delphinium.nuttallianum,Ranunculaceae
2015,Copper.Creek,166,6,60,flavifrons,queen,3,Delphinium.nuttallianum,Ranunculaceae
2015,Copper.Creek,166,6,60,flavifrons,queen,1,Hydrophyllum.capitatum,Hydrophyllaceae
2015,Copper.Creek,166,6,60,flavifrons,queen,1,Hydrophyllum.fendleri,Hydrophyllaceae
2015,Copper.Creek,166,6,60,nevadensis,queen,2,Delphinium.nuttallianum,Ranunculaceae
2015,Copper.Creek,173,7,60,appositus,queen,7,Delphinium.nuttallianum,Ranunculaceae
2015,Copper.Creek,173,7,60,bifarius,queen,1,Frasera.speciosa,Gentianaceae
2015,Copper.Creek,173,7,60,flavifrons,queen,3,Hydrophyllum.fendleri,Hydrophyllaceae
2015,Copper.Creek,173,7,60,rufocinctus,queen,1,Frasera.speciosa,Gentianaceae
2015,Copper.Creek,173,7,60,rufocinctus,queen,2,Lupinus.sericeus.var.sericeus,Fabaceae
2015,Copper.Creek,179,8,30,appositus,queen,1,Lupinus.sericeus.var.sericeus,Fabaceae
2015,Copper.Creek,179,8,30,californicus,queen,1,Hydrophyllum.fendleri,Hydrophyllaceae
2015,Copper.Creek,179,8,30,californicus,queen,1,Pedicularis.procera,Orobanchaceae
2015,Copper.Creek,179,8,30,flavifrons,queen,4,Hydrophyllum.fendleri,Hydrophyllaceae
2015,Copper.Creek,179,8,30,flavifrons,queen,1,Lupinus.sericeus.var.sericeus,Fabaceae
2015,Copper.Creek,179,8,30,rufocinctus,queen,1,Lupinus.sericeus.var.sericeus,Fabaceae
2015,Copper.Creek,180,8,60,appositus,queen,1,Frasera.speciosa,Gentianaceae
2015,Copper.Creek,180,8,60,appositus,queen,2,Lupinus.sericeus.var.sericeus,Fabaceae
2015,Copper.Creek,180,8,60,appositus,queen,2,Vicia.americana,Fabaceae
2015,Copper.Creek,180,8,60,bifarius,queen,1,Hydrophyllum.fendleri,Hydrophyllaceae
2015,Copper.Creek,190,9,60,appositus,queen,2,Delphinium.barbeyi,Ranunculaceae
2015,Copper.Creek,190,9,60,appositus,queen,2,Helianthella.quinquenervis,Asteraceae
2015,Copper.Creek,190,9,60,appositus,queen,1,Vicia.americana,Fabaceae
2015,Copper.Creek,190,9,60,appositus,worker,1,Delphinium.barbeyi,Ranunculaceae
2015,Copper.Creek,190,9,60,appositus,worker,1,Vicia.americana,Fabaceae
2015,Copper.Creek,190,9,60,bifarius,queen,2,Helianthella.quinquenervis,Asteraceae
2015,Copper.Creek,190,9,60,bifarius,queen,1,Lupinus.sericeus.var.sericeus,Fabaceae
2015,Copper.Creek,190,9,60,bifarius,worker,6,Helianthella.quinquenervis,Asteraceae
2015,Copper.Creek,190,9,60,californicus,queen,1,Delphinium.barbeyi,Ranunculaceae
2015,Copper.Creek,190,9,60,flavifrons,queen,1,Delphinium.barbeyi,Ranunculaceae
2015,Copper.Creek,190,9,60,flavifrons,queen,1,Hydrophyllum.fendleri,Hydrophyllaceae
2015,Copper.Creek,190,9,60,flavifrons,queen,1,Vicia.americana,Fabaceae
2015,Copper.Creek,190,9,60,flavifrons,worker,2,Delphinium.barbeyi,Ranunculaceae
2015,Copper.Creek,190,9,60,flavifrons,worker,5,Helianthella.quinquenervis,Asteraceae
2015,Copper.Creek,190,9,60,insularis,queen,4,Helianthella.quinquenervis,Asteraceae
2015,Copper.Creek,190,9,60,melanopygus,queen,1,Helianthella.quinquenervis,Asteraceae
2015,Copper.Creek,190,9,60,mixtus,worker,1,Helianthella.quinquenervis,Asteraceae
2015,Copper.Creek,190,9,60,rufocinctus,worker,2,Helianthella.quinquenervis,Asteraceae
2015,Copper.Creek,190,9,60,sylvicola,worker,2,Helianthella.quinquenervis,Asteraceae
2015,Copper.Creek,195,10,60,appositus,queen,1,Delphinium.barbeyi,Ranunculaceae
2015,Copper.Creek,195,10,60,appositus,queen,1,Pedicularis.bracteosa,Orobanchaceae
2015,Copper.Creek,195,10,60,appositus,worker,6,Delphinium.barbeyi,Ranunculaceae
2015,Copper.Creek,195,10,60,bifarius,queen,1,Helianthella.quinquenervis,Asteraceae
2015,Copper.Creek,195,10,60,bifarius,worker,2,Helianthella.quinquenervis,Asteraceae
2015,Copper.Creek,195,10,60,californicus,queen,2,Delphinium.barbeyi,Ranunculaceae
2015,Copper.Creek,195,10,60,californicus,worker,3,Delphinium.barbeyi,Ranunculaceae
2015,Copper.Creek,195,10,60,flavifrons,queen,1,Delphinium.barbeyi,Ranunculaceae
2015,Copper.Creek,195,10,60,flavifrons,queen,1,Lupinus.sericeus.var.sericeus,Fabaceae
2015,Copper.Creek,195,10,60,flavifrons,queen,1,Vicia.americana,Fabaceae
2015,Copper.Creek,195,10,60,flavifrons,worker,1,Aconitum.columbianum,Ranunculaceae
2015,Copper.Creek,195,10,60,flavifrons,worker,4,Delphinium.barbeyi,Ranunculaceae
2015,Copper.Creek,195,10,60,flavifrons,worker,4,Helianthella.quinquenervis,Asteraceae
2015,Copper.Creek,195,10,60,flavifrons,worker,4,Phacelia.heterophylla,Boraginaceae
2015,Copper.Creek,195,10,60,flavifrons,worker,1,Vicia.americana,Fabaceae
2015,Copper.Creek,195,10,60,insularis,queen,2,Helianthella.quinquenervis,Asteraceae
2015,Copper.Creek,195,10,60,nevadensis,queen,4,Delphinium.barbeyi,Ranunculaceae
2015,Copper.Creek,195,10,60,rufocinctus,queen,1,Helianthella.quinquenervis,Asteraceae
2015,Copper.Creek,195,10,60,rufocinctus,worker,1,Helianthella.quinquenervis,Asteraceae
2015,Copper.Creek,204,11,60,appositus,queen,1,Calochortus.gunnisonii,Liliaceae
2015,Copper.Creek,204,11,60,appositus,queen,2,Delphinium.barbeyi,Ranunculaceae
2015,Copper.Creek,204,11,60,appositus,queen,1,Erigeron.speciosus,Asteraceae
2015,Copper.Creek,204,11,60,appositus,queen,2,Pedicularis.procera,Orobanchaceae
2015,Copper.Creek,204,11,60,appositus,worker,8,Delphinium.barbeyi,Ranunculaceae
2015,Copper.Creek,204,11,60,bifarius,queen,1,Senecio.bigelovii,Asteraceae
2015,Copper.Creek,204,11,60,bifarius,worker,2,Hymenoxys.hoopesii,Asteraceae
2015,Copper.Creek,204,11,60,bifarius,worker,2,Erigeron.speciosus,Asteraceae
2015,Copper.Creek,204,11,60,bifarius,worker,1,Helianthella.quinquenervis,Asteraceae
2015,Copper.Creek,204,11,60,bifarius,worker,1,Heliomeris.multiflora,Asteraceae
2015,Copper.Creek,204,11,60,bifarius,worker,1,Senecio.bigelovii,Asteraceae
2015,Copper.Creek,204,11,60,californicus,worker,1,Delphinium.barbeyi,Ranunculaceae
2015,Copper.Creek,204,11,60,flavifrons,male,1,Helianthella.quinquenervis,Asteraceae
2015,Copper.Creek,204,11,60,flavifrons,queen,1,Delphinium.barbeyi,Ranunculaceae
2015,Copper.Creek,204,11,60,flavifrons,worker,1,Aconitum.columbianum,Ranunculaceae
2015,Copper.Creek,204,11,60,flavifrons,worker,7,Delphinium.barbeyi,Ranunculaceae
2015,Copper.Creek,204,11,60,mixtus,worker,1,Hymenoxys.hoopesii,Asteraceae
2015,Copper.Creek,204,11,60,nevadensis,queen,1,Delphinium.barbeyi,Ranunculaceae
2015,Copper.Creek,204,11,60,nevadensis,worker,1,Delphinium.barbeyi,Ranunculaceae
2015,Copper.Creek,204,11,60,rufocinctus,worker,1,Helianthella.quinquenervis,Asteraceae
2015,Copper.Creek,204,11,60,rufocinctus,worker,1,Pyrrocoma.crocea,Asteraceae
2015,Copper.Creek,204,11,60,sylvicola,worker,2,Heliomeris.multiflora,Asteraceae
2015,Copper.Creek,204,11,60,sylvicola,worker,1,Phacelia.heterophylla,Boraginaceae
2015,Copper.Creek,209,12,60,appositus,queen,1,Delphinium.barbeyi,Ranunculaceae
2015,Copper.Creek,209,12,60,appositus,worker,5,Delphinium.barbeyi,Ranunculaceae
2015,Copper.Creek,209,12,60,appositus,worker,1,Vicia.americana,Fabaceae
2015,Copper.Creek,209,12,60,bifarius,male,1,Erigeron.speciosus,Asteraceae
2015,Copper.Creek,209,12,60,bifarius,queen,1,Senecio.bigelovii,Asteraceae
2015,Copper.Creek,209,12,60,bifarius,queen,1,Phacelia.heterophylla,Boraginaceae
2015,Copper.Creek,209,12,60,bifarius,worker,1,Hymenoxys.hoopesii,Asteraceae
2015,Copper.Creek,209,12,60,bifarius,worker,1,Erigeron.elatior,Asteraceae
2015,Copper.Creek,209,12,60,bifarius,worker,3,Erigeron.speciosus,Asteraceae
2015,Copper.Creek,209,12,60,bifarius,worker,2,Heliomeris.multiflora,Asteraceae
2015,Copper.Creek,209,12,60,bifarius,worker,1,Heterotheca.villosa,Asteraceae
2015,Copper.Creek,209,12,60,bifarius,worker,1,Senecio.bigelovii,Asteraceae
2015,Copper.Creek,209,12,60,bifarius,worker,8,Phacelia.heterophylla,Boraginaceae
2015,Copper.Creek,209,12,60,californicus,worker,2,Delphinium.barbeyi,Ranunculaceae
2015,Copper.Creek,209,12,60,californicus,worker,1,Lupinus.sericeus.var.sericeus,Fabaceae
2015,Copper.Creek,209,12,60,californicus,worker,1,Vicia.americana,Fabaceae
2015,Copper.Creek,209,12,60,flavifrons,worker,2,Aconitum.columbianum,Ranunculaceae
2015,Copper.Creek,209,12,60,flavifrons,worker,1,Cirsium.parryi,Asteraceae
2015,Copper.Creek,209,12,60,flavifrons,worker,1,Delphinium.barbeyi,Ranunculaceae
2015,Copper.Creek,209,12,60,flavifrons,worker,1,Helianthella.quinquenervis,Asteraceae
2015,Copper.Creek,209,12,60,flavifrons,worker,1,Phacelia.heterophylla,Boraginaceae
2015,Copper.Creek,209,12,60,melanopygus,worker,1,Heliomeris.multiflora,Asteraceae
2015,Copper.Creek,209,12,60,mixtus,worker,1,Senecio.bigelovii,Asteraceae
2015,Copper.Creek,209,12,60,mixtus,worker,1,Phacelia.heterophylla,Boraginaceae
2015,Copper.Creek,209,12,60,nevadensis,queen,2,Delphinium.barbeyi,Ranunculaceae
2015,Copper.Creek,209,12,60,nevadensis,worker,2,Delphinium.barbeyi,Ranunculaceae
2015,Copper.Creek,209,12,60,rufocinctus,worker,3,Campanula.rotundifolia,Campanulaceae
2015,Copper.Creek,209,12,60,rufocinctus,worker,1,Heterotheca.villosa,Asteraceae
2015,Copper.Creek,219,13,30,appositus,male,1,Delphinium.barbeyi,Ranunculaceae
2015,Copper.Creek,219,13,30,appositus,male,1,Senecio.bigelovii,Asteraceae
2015,Copper.Creek,219,13,30,appositus,male,1,Vicia.americana,Fabaceae
2015,Copper.Creek,219,13,30,appositus,queen,1,Delphinium.barbeyi,Ranunculaceae
2015,Copper.Creek,219,13,30,appositus,worker,8,Delphinium.barbeyi,Ranunculaceae
2015,Copper.Creek,219,13,30,bifarius,male,1,Heliomeris.multiflora,Asteraceae
2015,Copper.Creek,219,13,30,bifarius,male,1,Senecio.serra.var.admirabilis,Asteraceae
2015,Copper.Creek,219,13,30,bifarius,queen,2,Senecio.bigelovii,Asteraceae
2015,Copper.Creek,219,13,30,bifarius,worker,1,Erigeron.speciosus,Asteraceae
2015,Copper.Creek,219,13,30,bifarius,worker,4,Heliomeris.multiflora,Asteraceae
2015,Copper.Creek,219,13,30,bifarius,worker,1,Potentilla.pulcherrima,Rosaceae
2015,Copper.Creek,219,13,30,bifarius,worker,2,Senecio.serra.var.admirabilis,Asteraceae
2015,Copper.Creek,219,13,30,flavifrons,male,1,Heliomeris.multiflora,Asteraceae
2015,Copper.Creek,219,13,30,flavifrons,male,2,Senecio.bigelovii,Asteraceae
2015,Copper.Creek,219,13,30,flavifrons,queen,1,Delphinium.barbeyi,Ranunculaceae
2015,Copper.Creek,219,13,30,flavifrons,worker,11,Delphinium.barbeyi,Ranunculaceae
2015,Copper.Creek,219,13,30,flavifrons,worker,1,Heliomeris.multiflora,Asteraceae
2015,Copper.Creek,219,13,30,flavifrons,worker,1,Phacelia.heterophylla,Boraginaceae
2015,Copper.Creek,219,13,30,rufocinctus,male,1,Heliomeris.multiflora,Asteraceae
2015,Copper.Creek,228,13,60,appositus,male,3,Cirsium.parryi,Asteraceae
2015,Copper.Creek,228,13,60,appositus,male,2,Heliomeris.multiflora,Asteraceae
2015,Copper.Creek,228,13,60,appositus,queen,1,Gentiana.parryi,Gentianaceae
2015,Copper.Creek,228,13,60,bifarius,male,20,Heliomeris.multiflora,Asteraceae
2015,Copper.Creek,228,13,60,bifarius,worker,6,Heliomeris.multiflora,Asteraceae
2015,Copper.Creek,228,13,60,bifarius,worker,1,Heterotheca.villosa,Asteraceae
2015,Copper.Creek,228,13,60,californicus,male,1,Heliomeris.multiflora,Asteraceae
2015,Copper.Creek,228,13,60,flavifrons,male,17,Heliomeris.multiflora,Asteraceae
2015,Copper.Creek,228,13,60,flavifrons,male,1,Senecio.bigelovii,Asteraceae
2015,Copper.Creek,228,13,60,flavifrons,male,7,Senecio.serra.var.admirabilis,Asteraceae
2015,Copper.Creek,228,13,60,flavifrons,queen,3,Delphinium.barbeyi,Ranunculaceae
2015,Copper.Creek,228,13,60,flavifrons,worker,3,Senecio.serra.var.admirabilis,Asteraceae
2015,Copper.Creek,228,13,60,insularis,male,1,Erigeron.speciosus,Asteraceae
2015,Copper.Creek,228,13,60,insularis,male,3,Heliomeris.multiflora,Asteraceae
2015,Copper.Creek,228,13,60,melanopygus,male,1,Heliomeris.multiflora,Asteraceae
2015,Copper.Creek,228,13,60,melanopygus,worker,1,Heliomeris.multiflora,Asteraceae
2015,Copper.Creek,228,13,60,melanopygus,worker,1,Senecio.serra.var.admirabilis,Asteraceae
2015,Copper.Creek,228,13,60,mixtus,male,2,Heliomeris.multiflora,Asteraceae
2015,Copper.Creek,228,13,60,mixtus,male,1,Senecio.serra.var.admirabilis,Asteraceae
2015,Copper.Creek,228,13,60,rufocinctus,male,5,Heliomeris.multiflora,Asteraceae
2015,Copper.Creek,228,13,60,rufocinctus,worker,1,Heliomeris.multiflora,Asteraceae
2015,Copper.Creek,228,13,60,sylvicola,male,1,Heliomeris.multiflora,Asteraceae
2015,Copper.Creek,235,14,85,appositus,male,1,Collomia.linearis,Polemoniaceae
2015,Copper.Creek,235,14,85,appositus,male,15,Gentiana.parryi,Gentianaceae
2015,Copper.Creek,235,14,85,appositus,male,1,Linaria.vulgaris,Plantaginaceae
2015,Copper.Creek,235,14,85,appositus,queen,1,Gentiana.parryi,Gentianaceae
2015,Copper.Creek,235,14,85,appositus,worker,5,Gentiana.parryi,Gentianaceae
2015,Copper.Creek,235,14,85,bifarius,male,13,Heliomeris.multiflora,Asteraceae
2015,Copper.Creek,235,14,85,bifarius,worker,2,Heliomeris.multiflora,Asteraceae
2015,Copper.Creek,235,14,85,flavifrons,male,1,Eucephalus.engelmannii,Asteraceae
2015,Copper.Creek,235,14,85,flavifrons,male,18,Heliomeris.multiflora,Asteraceae
2015,Copper.Creek,235,14,85,flavifrons,male,2,Senecio.serra.var.admirabilis,Asteraceae
2015,Copper.Creek,235,14,85,insularis,male,1,Erigeron.speciosus,Asteraceae
2015,Copper.Creek,235,14,85,insularis,male,53,Heliomeris.multiflora,Asteraceae
2015,Copper.Creek,235,14,85,insularis,male,2,Heterotheca.villosa,Asteraceae
2015,Copper.Creek,235,14,85,mixtus,male,2,Heliomeris.multiflora,Asteraceae
2015,Copper.Creek,235,14,85,mixtus,male,1,Senecio.serra.var.admirabilis,Asteraceae
2015,Copper.Creek,235,14,85,rufocinctus,male,2,Erigeron.speciosus,Asteraceae
2015,Copper.Creek,235,14,85,rufocinctus,male,19,Heliomeris.multiflora,Asteraceae
2015,Copper.Creek,240,15,70,appositus,male,1,Agoseris.glauca,Asteraceae
2015,Copper.Creek,240,15,70,appositus,male,1,Gentiana.parryi,Gentianaceae
2015,Copper.Creek,240,15,70,appositus,male,1,Heliomeris.multiflora,Asteraceae
2015,Copper.Creek,240,15,70,bifarius,male,13,Heliomeris.multiflora,Asteraceae
2015,Copper.Creek,240,15,70,bifarius,worker,1,Agoseris.glauca,Asteraceae
2015,Copper.Creek,240,15,70,bifarius,worker,1,Heliomeris.multiflora,Asteraceae
2015,Copper.Creek,240,15,70,flavifrons,male,16,Heliomeris.multiflora,Asteraceae
2015,Copper.Creek,240,15,70,flavifrons,male,2,Senecio.serra.var.admirabilis,Asteraceae
2015,Copper.Creek,240,15,70,insularis,male,1,Agoseris.glauca,Asteraceae
2015,Copper.Creek,240,15,70,insularis,male,42,Heliomeris.multiflora,Asteraceae
2015,Copper.Creek,240,15,70,rufocinctus,male,5,Heliomeris.multiflora,Asteraceae
2015,Copper.Creek,240,15,70,sylvicola,male,1,Heliomeris.multiflora,Asteraceae
2015,Copper.Creek,252,16,60,bifarius,male,11,Heliomeris.multiflora,Asteraceae
2015,Copper.Creek,252,16,60,insularis,male,1,Symphyotrichum.foliaceum,Asteraceae
2015,Copper.Creek,252,16,60,insularis,male,3,Heliomeris.multiflora,Asteraceae
2015,Frogs.Pond,131,1,135,bifarius,queen,5,Mertensia.fusiformis,Boraginaceae
2015,Frogs.Pond,140,2,60,bifarius,queen,5,Mertensia.fusiformis,Boraginaceae
2015,Frogs.Pond,147,3,60,bifarius,queen,7,Mertensia.fusiformis,Boraginaceae
2015,Frogs.Pond,151,3,60,bifarius,queen,4,Mertensia.fusiformis,Boraginaceae
2015,Frogs.Pond,151,3,60,californicus,queen,1,Mertensia.fusiformis,Boraginaceae
2015,Frogs.Pond,153,4,60,bifarius,queen,9,Mertensia.fusiformis,Boraginaceae
2015,Frogs.Pond,153,4,60,californicus,queen,1,Delphinium.nuttallianum,Ranunculaceae
2015,Frogs.Pond,153,4,60,californicus,queen,1,Mertensia.fusiformis,Boraginaceae
2015,Frogs.Pond,153,4,60,flavifrons,queen,2,Mertensia.fusiformis,Boraginaceae
2015,Frogs.Pond,153,4,60,rufocinctus,queen,1,Mertensia.fusiformis,Boraginaceae
2015,Frogs.Pond,155,4,30,californicus,queen,1,Delphinium.nuttallianum,Ranunculaceae
2015,Frogs.Pond,155,4,30,californicus,queen,2,Mertensia.fusiformis,Boraginaceae
2015,Frogs.Pond,155,4,30,flavifrons,queen,4,Mertensia.fusiformis,Boraginaceae
2015,Frogs.Pond,155,4,30,nevadensis,queen,1,Mertensia.fusiformis,Boraginaceae
2015,Frogs.Pond,159,5,60,appositus,queen,1,Mertensia.fusiformis,Boraginaceae
2015,Frogs.Pond,159,5,60,californicus,queen,2,Lathyrus.lanszwertii.var.leucanthus,Fabaceae
2015,Frogs.Pond,159,5,60,californicus,queen,1,Taraxacum.officinale,Asteraceae
2015,Frogs.Pond,159,5,60,flavifrons,queen,3,Mertensia.fusiformis,Boraginaceae
2015,Frogs.Pond,159,5,60,rufocinctus,queen,1,Mertensia.fusiformis,Boraginaceae
2015,Frogs.Pond,163,5,60,bifarius,queen,1,Frasera.speciosa,Gentianaceae
2015,Frogs.Pond,163,5,60,bifarius,queen,1,Hydrophyllum.fendleri,Hydrophyllaceae
2015,Frogs.Pond,163,5,60,bifarius,queen,1,Taraxacum.officinale,Asteraceae
2015,Frogs.Pond,163,5,60,flavifrons,queen,6,Hydrophyllum.fendleri,Hydrophyllaceae
2015,Frogs.Pond,163,5,60,insularis,queen,1,Taraxacum.officinale,Asteraceae
2015,Frogs.Pond,163,5,60,mixtus,queen,1,Hydrophyllum.capitatum,Hydrophyllaceae
2015,Frogs.Pond,163,5,60,rufocinctus,queen,1,Frasera.speciosa,Gentianaceae
2015,Frogs.Pond,163,5,60,rufocinctus,queen,1,Taraxacum.officinale,Asteraceae
2015,Frogs.Pond,166,6,45,bifarius,queen,1,Hydrophyllum.fendleri,Hydrophyllaceae
2015,Frogs.Pond,166,6,45,bifarius,queen,5,Lupinus.sericeus.var.sericeus,Fabaceae
2015,Frogs.Pond,166,6,45,californicus,queen,2,Lathyrus.lanszwertii.var.leucanthus,Fabaceae
2015,Frogs.Pond,166,6,45,centralis,queen,1,Hydrophyllum.fendleri,Hydrophyllaceae
2015,Frogs.Pond,166,6,45,flavifrons,queen,5,Hydrophyllum.fendleri,Hydrophyllaceae
2015,Frogs.Pond,166,6,45,flavifrons,queen,1,Lupinus.sericeus.var.sericeus,Fabaceae
2015,Frogs.Pond,166,6,45,nevadensis,queen,1,Frasera.speciosa,Gentianaceae
2015,Frogs.Pond,166,6,45,rufocinctus,queen,1,Frasera.speciosa,Gentianaceae
2015,Frogs.Pond,166,6,45,rufocinctus,queen,1,Hydrophyllum.fendleri,Hydrophyllaceae
2015,Frogs.Pond,169,6,45,appositus,queen,1,Frasera.speciosa,Gentianaceae
2015,Frogs.Pond,169,6,45,bifarius,queen,1,Frasera.speciosa,Gentianaceae
2015,Frogs.Pond,169,6,45,bifarius,queen,1,Lupinus.sericeus.var.sericeus,Fabaceae
2015,Frogs.Pond,169,6,45,bifarius,queen,3,Senecio.integerrimus,Asteraceae
2015,Frogs.Pond,169,6,45,flavifrons,queen,1,Frasera.speciosa,Gentianaceae
2015,Frogs.Pond,169,6,45,flavifrons,queen,3,Hydrophyllum.fendleri,Hydrophyllaceae
2015,Frogs.Pond,169,6,45,flavifrons,queen,1,Lupinus.sericeus.var.sericeus,Fabaceae
2015,Frogs.Pond,169,6,45,nevadensis,queen,2,Frasera.speciosa,Gentianaceae
2015,Frogs.Pond,169,6,45,rufocinctus,queen,1,Hydrophyllum.fendleri,Hydrophyllaceae
2015,Frogs.Pond,169,6,45,rufocinctus,queen,5,Lupinus.sericeus.var.sericeus,Fabaceae
2015,Frogs.Pond,173,7,45,californicus,queen,1,Lupinus.sericeus.var.sericeus,Fabaceae
2015,Frogs.Pond,173,7,45,flavifrons,queen,1,Hydrophyllum.fendleri,Hydrophyllaceae
2015,Frogs.Pond,173,7,45,flavifrons,queen,1,Mertensia.ciliata,Boraginaceae
2015,Frogs.Pond,173,7,45,nevadensis,queen,1,Frasera.speciosa,Gentianaceae
2015,Frogs.Pond,173,7,45,rufocinctus,queen,2,Hydrophyllum.fendleri,Hydrophyllaceae
2015,Frogs.Pond,173,7,45,rufocinctus,queen,5,Lupinus.sericeus.var.sericeus,Fabaceae
2015,Frogs.Pond,179,8,30,appositus,queen,1,Delphinium.barbeyi,Ranunculaceae
2015,Frogs.Pond,179,8,30,appositus,queen,2,Frasera.speciosa,Gentianaceae
2015,Frogs.Pond,179,8,30,appositus,queen,1,Lupinus.sericeus.var.sericeus,Fabaceae
2015,Frogs.Pond,179,8,30,flavifrons,queen,1,Mertensia.ciliata,Boraginaceae
2015,Frogs.Pond,179,8,30,nevadensis,queen,2,Frasera.speciosa,Gentianaceae
2015,Frogs.Pond,179,8,30,nevadensis,queen,1,Lupinus.sericeus.var.sericeus,Fabaceae
2015,Frogs.Pond,179,8,30,rufocinctus,queen,1,Lupinus.sericeus.var.sericeus,Fabaceae
2015,Frogs.Pond,180,8,90,appositus,queen,2,Delphinium.barbeyi,Ranunculaceae
2015,Frogs.Pond,180,8,90,appositus,queen,6,Frasera.speciosa,Gentianaceae
2015,Frogs.Pond,180,8,90,bifarius,queen,1,Hydrophyllum.fendleri,Hydrophyllaceae
2015,Frogs.Pond,180,8,90,bifarius,queen,1,Lupinus.sericeus.var.sericeus,Fabaceae
2015,Frogs.Pond,180,8,90,bifarius,worker,1,Frasera.speciosa,Gentianaceae
2015,Frogs.Pond,180,8,90,nevadensis,queen,3,Frasera.speciosa,Gentianaceae
2015,Frogs.Pond,180,8,90,nevadensis,queen,1,Lathyrus.lanszwertii.var.leucanthus,Fabaceae
2015,Frogs.Pond,180,8,90,rufocinctus,queen,6,Frasera.speciosa,Gentianaceae
2015,Frogs.Pond,180,8,90,rufocinctus,queen,1,Hydrophyllum.fendleri,Hydrophyllaceae
2015,Frogs.Pond,180,8,90,rufocinctus,queen,3,Lupinus.sericeus.var.sericeus,Fabaceae
2015,Frogs.Pond,190,9,60,appositus,queen,7,Delphinium.barbeyi,Ranunculaceae
2015,Frogs.Pond,190,9,60,appositus,queen,1,Frasera.speciosa,Gentianaceae
2015,Frogs.Pond,190,9,60,appositus,worker,1,Delphinium.barbeyi,Ranunculaceae
2015,Frogs.Pond,190,9,60,bifarius,queen,1,Helianthella.quinquenervis,Asteraceae
2015,Frogs.Pond,190,9,60,bifarius,worker,1,Frasera.speciosa,Gentianaceae
2015,Frogs.Pond,190,9,60,bifarius,worker,5,Helianthella.quinquenervis,Asteraceae
2015,Frogs.Pond,190,9,60,flavifrons,worker,2,Aconitum.columbianum,Ranunculaceae
2015,Frogs.Pond,190,9,60,flavifrons,worker,1,Delphinium.barbeyi,Ranunculaceae
2015,Frogs.Pond,190,9,60,flavifrons,worker,3,Helianthella.quinquenervis,Asteraceae
2015,Frogs.Pond,190,9,60,mixtus,worker,1,Frasera.speciosa,Gentianaceae
2015,Frogs.Pond,190,9,60,nevadensis,queen,1,Delphinium.barbeyi,Ranunculaceae
2015,Frogs.Pond,190,9,60,rufocinctus,queen,1,Hydrophyllum.fendleri,Hydrophyllaceae
2015,Frogs.Pond,190,9,60,rufocinctus,worker,7,Helianthella.quinquenervis,Asteraceae
2015,Frogs.Pond,190,9,60,rufocinctus,worker,1,Lupinus.sericeus.var.sericeus,Fabaceae
2015,Frogs.Pond,196,10,60,appositus,queen,3,Delphinium.barbeyi,Ranunculaceae
2015,Frogs.Pond,196,10,60,appositus,queen,1,Lupinus.sericeus.var.sericeus,Fabaceae
2015,Frogs.Pond,196,10,60,appositus,worker,4,Delphinium.barbeyi,Ranunculaceae
2015,Frogs.Pond,196,10,60,bifarius,queen,1,Helianthella.quinquenervis,Asteraceae
2015,Frogs.Pond,196,10,60,bifarius,worker,3,Helianthella.quinquenervis,Asteraceae
2015,Frogs.Pond,196,10,60,californicus,worker,2,Cirsium.parryi,Asteraceae
2015,Frogs.Pond,196,10,60,californicus,worker,2,Delphinium.barbeyi,Ranunculaceae
2015,Frogs.Pond,196,10,60,flavifrons,queen,1,Helianthella.quinquenervis,Asteraceae
2015,Frogs.Pond,196,10,60,flavifrons,queen,1,Hydrophyllum.fendleri,Hydrophyllaceae
2015,Frogs.Pond,196,10,60,flavifrons,queen,1,Vicia.americana,Fabaceae
2015,Frogs.Pond,196,10,60,flavifrons,worker,2,Aconitum.columbianum,Ranunculaceae
2015,Frogs.Pond,196,10,60,flavifrons,worker,1,Helianthella.quinquenervis,Asteraceae
2015,Frogs.Pond,196,10,60,flavifrons,worker,1,Vicia.americana,Fabaceae
2015,Frogs.Pond,196,10,60,mixtus,worker,1,Cirsium.parryi,Asteraceae
2015,Frogs.Pond,196,10,60,mixtus,worker,1,Helianthella.quinquenervis,Asteraceae
2015,Frogs.Pond,196,10,60,nevadensis,queen,1,Delphinium.barbeyi,Ranunculaceae
2015,Frogs.Pond,196,10,60,nevadensis,worker,1,Delphinium.barbeyi,Ranunculaceae
2015,Frogs.Pond,196,10,60,rufocinctus,queen,1,Frasera.speciosa,Gentianaceae
2015,Frogs.Pond,196,10,60,rufocinctus,queen,1,Helianthella.quinquenervis,Asteraceae
2015,Frogs.Pond,196,10,60,rufocinctus,worker,2,Calochortus.gunnisonii,Liliaceae
2015,Frogs.Pond,196,10,60,rufocinctus,worker,1,Erigeron.speciosus,Asteraceae
2015,Frogs.Pond,196,10,60,rufocinctus,worker,6,Helianthella.quinquenervis,Asteraceae
2015,Frogs.Pond,196,10,60,rufocinctus,worker,1,Lupinus.sericeus.var.sericeus,Fabaceae
2015,Frogs.Pond,204,11,60,appositus,queen,4,Delphinium.barbeyi,Ranunculaceae
2015,Frogs.Pond,204,11,60,appositus,worker,8,Delphinium.barbeyi,Ranunculaceae
2015,Frogs.Pond,204,11,60,appositus,worker,1,Erigeron.speciosus,Asteraceae
2015,Frogs.Pond,204,11,60,bifarius,queen,1,Helianthella.quinquenervis,Asteraceae
2015,Frogs.Pond,204,11,60,bifarius,worker,2,Agoseris.glauca,Asteraceae
2015,Frogs.Pond,204,11,60,bifarius,worker,3,Campanula.rotundifolia,Campanulaceae
2015,Frogs.Pond,204,11,60,bifarius,worker,2,Erigeron.speciosus,Asteraceae
2015,Frogs.Pond,204,11,60,bifarius,worker,2,Helianthella.quinquenervis,Asteraceae
2015,Frogs.Pond,204,11,60,bifarius,worker,1,Heliomeris.multiflora,Asteraceae
2015,Frogs.Pond,204,11,60,bifarius,worker,1,Heterotheca.villosa,Asteraceae
2015,Frogs.Pond,204,11,60,bifarius,worker,1,Potentilla.fruticosa,Rosaceae
2015,Frogs.Pond,204,11,60,californicus,worker,2,Delphinium.barbeyi,Ranunculaceae
2015,Frogs.Pond,204,11,60,californicus,worker,1,Vicia.americana,Fabaceae
2015,Frogs.Pond,204,11,60,flavifrons,queen,4,Delphinium.barbeyi,Ranunculaceae
2015,Frogs.Pond,204,11,60,flavifrons,worker,1,Cirsium.parryi,Asteraceae
2015,Frogs.Pond,204,11,60,flavifrons,worker,16,Delphinium.barbeyi,Ranunculaceae
2015,Frogs.Pond,204,11,60,flavifrons,worker,1,Heliomeris.multiflora,Asteraceae
2015,Frogs.Pond,204,11,60,frigidus,worker,1,Senecio.bigelovii,Asteraceae
2015,Frogs.Pond,204,11,60,mixtus,worker,2,Campanula.rotundifolia,Campanulaceae
2015,Frogs.Pond,204,11,60,mixtus,worker,1,Helianthella.quinquenervis,Asteraceae
2015,Frogs.Pond,204,11,60,rufocinctus,worker,3,Campanula.rotundifolia,Campanulaceae
2015,Frogs.Pond,204,11,60,rufocinctus,worker,1,Helianthella.quinquenervis,Asteraceae
2015,Frogs.Pond,204,11,60,rufocinctus,worker,2,Heliomeris.multiflora,Asteraceae
2015,Frogs.Pond,204,11,60,rufocinctus,worker,2,Senecio.bigelovii,Asteraceae
2015,Frogs.Pond,204,11,60,sylvicola,worker,1,Heliomeris.multiflora,Asteraceae
2015,Frogs.Pond,209,12,60,appositus,worker,6,Delphinium.barbeyi,Ranunculaceae
2015,Frogs.Pond,209,12,60,bifarius,worker,1,Agoseris.glauca,Asteraceae
2015,Frogs.Pond,209,12,60,bifarius,worker,1,Erigeron.elatior,Asteraceae
2015,Frogs.Pond,209,12,60,bifarius,worker,5,Erigeron.speciosus,Asteraceae
2015,Frogs.Pond,209,12,60,bifarius,worker,1,Heterotheca.villosa,Asteraceae
2015,Frogs.Pond,209,12,60,californicus,worker,1,Erigeron.speciosus,Asteraceae
2015,Frogs.Pond,209,12,60,flavifrons,worker,1,Aconitum.columbianum,Ranunculaceae
2015,Frogs.Pond,209,12,60,flavifrons,worker,5,Delphinium.barbeyi,Ranunculaceae
2015,Frogs.Pond,209,12,60,flavifrons,worker,2,Vicia.americana,Fabaceae
2015,Frogs.Pond,209,12,60,nevadensis,queen,1,Delphinium.barbeyi,Ranunculaceae
2015,Frogs.Pond,209,12,60,rufocinctus,worker,1,Campanula.rotundifolia,Campanulaceae
2015,Frogs.Pond,209,12,60,rufocinctus,worker,2,Erigeron.speciosus,Asteraceae
2015,Frogs.Pond,209,12,60,rufocinctus,worker,1,Heliomeris.multiflora,Asteraceae
2015,Frogs.Pond,209,12,60,rufocinctus,worker,2,Heterotheca.villosa,Asteraceae
2015,Frogs.Pond,209,12,60,rufocinctus,worker,2,Senecio.bigelovii,Asteraceae
2015,Frogs.Pond,209,12,60,sylvicola,worker,1,Erigeron.speciosus,Asteraceae
2015,Frogs.Pond,219,13,30,appositus,male,1,Delphinium.barbeyi,Ranunculaceae
2015,Frogs.Pond,219,13,30,appositus,worker,2,Delphinium.barbeyi,Ranunculaceae
2015,Frogs.Pond,219,13,30,appositus,worker,1,Heliomeris.multiflora,Asteraceae
2015,Frogs.Pond,219,13,30,appositus,worker,2,Vicia.americana,Fabaceae
2015,Frogs.Pond,219,13,30,bifarius,worker,2,Erigeron.speciosus,Asteraceae
2015,Frogs.Pond,219,13,30,bifarius,worker,8,Heliomeris.multiflora,Asteraceae
2015,Frogs.Pond,219,13,30,bifarius,worker,1,Heterotheca.villosa,Asteraceae
2015,Frogs.Pond,219,13,30,bifarius,worker,1,Senecio.serra.var.admirabilis,Asteraceae
2015,Frogs.Pond,219,13,30,flavifrons,male,1,Senecio.serra.var.admirabilis,Asteraceae
2015,Frogs.Pond,219,13,30,flavifrons,queen,1,Delphinium.barbeyi,Ranunculaceae
2015,Frogs.Pond,219,13,30,flavifrons,worker,2,Delphinium.barbeyi,Ranunculaceae
2015,Frogs.Pond,219,13,30,flavifrons,worker,1,Heliomeris.multiflora,Asteraceae
2015,Frogs.Pond,219,13,30,flavifrons,worker,1,Senecio.serra.var.admirabilis,Asteraceae
2015,Frogs.Pond,219,13,30,occidentalis,worker,1,Vicia.americana,Fabaceae
2015,Frogs.Pond,219,13,30,rufocinctus,male,2,Erigeron.speciosus,Asteraceae
2015,Frogs.Pond,219,13,30,rufocinctus,male,3,Heliomeris.multiflora,Asteraceae
2015,Frogs.Pond,219,13,30,rufocinctus,queen,1,Heliomeris.multiflora,Asteraceae
2015,Frogs.Pond,219,13,30,rufocinctus,worker,1,Erigeron.speciosus,Asteraceae
2015,Frogs.Pond,219,13,30,rufocinctus,worker,4,Heliomeris.multiflora,Asteraceae
2015,Frogs.Pond,228,13,114,appositus,male,5,Cirsium.parryi,Asteraceae
2015,Frogs.Pond,228,13,114,appositus,male,4,Gentiana.parryi,Gentianaceae
2015,Frogs.Pond,228,13,114,appositus,male,1,Senecio.serra.var.admirabilis,Asteraceae
2015,Frogs.Pond,228,13,114,appositus,male,1,Symphyotrichum.spathulatum,Asteraceae
2015,Frogs.Pond,228,13,114,appositus,worker,1,Gentiana.parryi,Gentianaceae
2015,Frogs.Pond,228,13,114,bifarius,male,10,Heliomeris.multiflora,Asteraceae
2015,Frogs.Pond,228,13,114,bifarius,worker,1,Erigeron.speciosus,Asteraceae
2015,Frogs.Pond,228,13,114,bifarius,worker,24,Heliomeris.multiflora,Asteraceae
2015,Frogs.Pond,228,13,114,bifarius,worker,1,Potentilla.pulcherrima,Rosaceae
2015,Frogs.Pond,228,13,114,californicus,worker,1,Cirsium.parryi,Asteraceae
2015,Frogs.Pond,228,13,114,flavifrons,male,3,Heliomeris.multiflora,Asteraceae
2015,Frogs.Pond,228,13,114,flavifrons,male,1,Senecio.serra.var.admirabilis,Asteraceae
2015,Frogs.Pond,228,13,114,flavifrons,worker,2,Heliomeris.multiflora,Asteraceae
2015,Frogs.Pond,228,13,114,mixtus,male,1,Senecio.serra.var.admirabilis,Asteraceae
2015,Frogs.Pond,228,13,114,nevadensis,male,1,Erigeron.speciosus,Asteraceae
2015,Frogs.Pond,228,13,114,occidentalis,worker,1,Ipomopsis.aggregata,Polemoniaceae
2015,Frogs.Pond,228,13,114,rufocinctus,male,2,Erigeron.speciosus,Asteraceae
2015,Frogs.Pond,228,13,114,rufocinctus,male,14,Heliomeris.multiflora,Asteraceae
2015,Frogs.Pond,228,13,114,rufocinctus,worker,1,Agoseris.glauca,Asteraceae
2015,Frogs.Pond,228,13,114,rufocinctus,worker,13,Heliomeris.multiflora,Asteraceae
2015,Frogs.Pond,228,13,114,rufocinctus,worker,1,Symphyotrichum.spathulatum,Asteraceae
2015,Frogs.Pond,235,14,80,appositus,male,4,Cirsium.parryi,Asteraceae
2015,Frogs.Pond,235,14,80,appositus,male,9,Gentiana.parryi,Gentianaceae
2015,Frogs.Pond,235,14,80,appositus,worker,2,Gentiana.parryi,Gentianaceae
2015,Frogs.Pond,235,14,80,bifarius,male,5,Symphyotrichum.foliaceum,Asteraceae
2015,Frogs.Pond,235,14,80,bifarius,male,4,Heliomeris.multiflora,Asteraceae
2015,Frogs.Pond,235,14,80,bifarius,worker,1,Symphyotrichum.foliaceum,Asteraceae
2015,Frogs.Pond,235,14,80,bifarius,worker,1,Heliomeris.multiflora,Asteraceae
2015,Frogs.Pond,235,14,80,flavifrons,male,2,Symphyotrichum.foliaceum,Asteraceae
2015,Frogs.Pond,235,14,80,flavifrons,male,5,Cirsium.parryi,Asteraceae
2015,Frogs.Pond,235,14,80,flavifrons,male,10,Heliomeris.multiflora,Asteraceae
2015,Frogs.Pond,235,14,80,flavifrons,male,4,Senecio.serra.var.admirabilis,Asteraceae
2015,Frogs.Pond,235,14,80,insularis,male,3,Symphyotrichum.foliaceum,Asteraceae
2015,Frogs.Pond,235,14,80,insularis,male,7,Heliomeris.multiflora,Asteraceae
2015,Frogs.Pond,235,14,80,insularis,male,3,Senecio.serra.var.admirabilis,Asteraceae
2015,Frogs.Pond,235,14,80,insularis,male,1,Symphyotrichum.spathulatum,Asteraceae
2015,Frogs.Pond,235,14,80,mixtus,male,2,Heliomeris.multiflora,Asteraceae
2015,Frogs.Pond,235,14,80,rufocinctus,male,3,Symphyotrichum.foliaceum,Asteraceae
2015,Frogs.Pond,235,14,80,rufocinctus,male,13,Heliomeris.multiflora,Asteraceae
2015,Frogs.Pond,240,15,80,appositus,male,3,Cirsium.parryi,Asteraceae
2015,Frogs.Pond,240,15,80,appositus,male,4,Gentiana.parryi,Gentianaceae
2015,Frogs.Pond,240,15,80,bifarius,male,22,Symphyotrichum.foliaceum,Asteraceae
2015,Frogs.Pond,240,15,80,bifarius,male,12,Heliomeris.multiflora,Asteraceae
2015,Frogs.Pond,240,15,80,bifarius,worker,7,Symphyotrichum.foliaceum,Asteraceae
2015,Frogs.Pond,240,15,80,bifarius,worker,3,Heliomeris.multiflora,Asteraceae
2015,Frogs.Pond,240,15,80,flavifrons,male,1,Symphyotrichum.foliaceum,Asteraceae
2015,Frogs.Pond,240,15,80,flavifrons,male,8,Heliomeris.multiflora,Asteraceae
2015,Frogs.Pond,240,15,80,insularis,male,11,Symphyotrichum.foliaceum,Asteraceae
2015,Frogs.Pond,240,15,80,insularis,male,15,Heliomeris.multiflora,Asteraceae
2015,Frogs.Pond,240,15,80,melanopygus,worker,1,Heliomeris.multiflora,Asteraceae
2015,Frogs.Pond,240,15,80,rufocinctus,male,30,Symphyotrichum.foliaceum,Asteraceae
2015,Frogs.Pond,240,15,80,rufocinctus,male,10,Heliomeris.multiflora,Asteraceae
2015,Frogs.Pond,240,15,80,rufocinctus,worker,1,Heliomeris.multiflora,Asteraceae
2015,Frogs.Pond,251,16,60,appositus,male,1,Cirsium.parryi,Asteraceae
2015,Frogs.Pond,251,16,60,bifarius,male,47,Symphyotrichum.foliaceum,Asteraceae
2015,Frogs.Pond,251,16,60,bifarius,male,1,Heliomeris.multiflora,Asteraceae
2015,Frogs.Pond,251,16,60,bifarius,worker,1,Symphyotrichum.foliaceum,Asteraceae
2015,Frogs.Pond,251,16,60,flavifrons,male,2,Symphyotrichum.foliaceum,Asteraceae
2015,Frogs.Pond,251,16,60,insularis,male,5,Symphyotrichum.foliaceum,Asteraceae
2015,Frogs.Pond,251,16,60,insularis,male,3,Ericameria.parryi,Asteraceae
2015,Frogs.Pond,251,16,60,rufocinctus,male,1,Symphyotrichum.foliaceum,Asteraceae
2015,Gothic.Spires,138,2,70,bifarius,queen,6,Salix.sp,Salicaceae
2015,Gothic.Spires,149,3,60,bifarius,queen,2,Claytonia.lanceolata,Montiaceae
2015,Gothic.Spires,149,3,60,bifarius,queen,2,Salix.sp,Salicaceae
2015,Gothic.Spires,149,3,60,bifarius,queen,2,Taraxacum.officinale,Asteraceae
2015,Gothic.Spires,149,3,60,californicus,queen,1,Erythronium.grandiflorum,Liliaceae
2015,Gothic.Spires,153,4,60,bifarius,queen,1,Erythronium.grandiflorum,Liliaceae
2015,Gothic.Spires,153,4,60,bifarius,queen,1,Hydrophyllum.capitatum,Hydrophyllaceae
2015,Gothic.Spires,153,4,60,bifarius,queen,2,Taraxacum.officinale,Asteraceae
2015,Gothic.Spires,153,4,60,californicus,queen,1,Mertensia.fusiformis,Boraginaceae
2015,Gothic.Spires,153,4,60,flavifrons,queen,1,Erythronium.grandiflorum,Liliaceae
2015,Gothic.Spires,153,4,60,rufocinctus,queen,1,Taraxacum.officinale,Asteraceae
2015,Gothic.Spires,158,5,60,bifarius,queen,1,Hydrophyllum.capitatum,Hydrophyllaceae
2015,Gothic.Spires,158,5,60,bifarius,queen,1,Mertensia.fusiformis,Boraginaceae
2015,Gothic.Spires,158,5,60,bifarius,queen,9,Taraxacum.officinale,Asteraceae
2015,Gothic.Spires,158,5,60,rufocinctus,queen,1,Mertensia.fusiformis,Boraginaceae
2015,Gothic.Spires,168,6,60,appositus,queen,5,Delphinium.nuttallianum,Ranunculaceae
2015,Gothic.Spires,168,6,60,bifarius,queen,1,Mertensia.ciliata,Boraginaceae
2015,Gothic.Spires,168,6,60,bifarius,queen,5,Taraxacum.officinale,Asteraceae
2015,Gothic.Spires,168,6,60,flavifrons,queen,4,Delphinium.nuttallianum,Ranunculaceae
2015,Gothic.Spires,168,6,60,flavifrons,queen,2,Hydrophyllum.capitatum,Hydrophyllaceae
2015,Gothic.Spires,168,6,60,flavifrons,queen,1,Mertensia.ciliata,Boraginaceae
2015,Gothic.Spires,168,6,60,nevadensis,queen,1,Delphinium.nuttallianum,Ranunculaceae
2015,Gothic.Spires,168,6,60,rufocinctus,queen,1,Valeriana.occidentalis,Valerianaceae
2015,Gothic.Spires,170,6,40,appositus,queen,1,Delphinium.nuttallianum,Ranunculaceae
2015,Gothic.Spires,170,6,40,bifarius,queen,1,Senecio.integerrimus,Asteraceae
2015,Gothic.Spires,170,6,40,flavifrons,queen,1,Delphinium.nuttallianum,Ranunculaceae
2015,Gothic.Spires,170,6,40,flavifrons,queen,2,Hydrophyllum.fendleri,Hydrophyllaceae
2015,Gothic.Spires,170,6,40,rufocinctus,queen,1,Hydrophyllum.fendleri,Hydrophyllaceae
2015,Gothic.Spires,177,7,60,appositus,queen,2,Linum.lewisii,Linaceae
2015,Gothic.Spires,177,7,60,appositus,queen,4,Delphinium.nuttallianum,Ranunculaceae
2015,Gothic.Spires,177,7,60,bifarius,queen,3,Dodecatheon.pulchellum,Primulaceae
2015,Gothic.Spires,177,7,60,bifarius,queen,2,Hydrophyllum.fendleri,Hydrophyllaceae
2015,Gothic.Spires,177,7,60,flavifrons,queen,2,Delphinium.nuttallianum,Ranunculaceae
2015,Gothic.Spires,177,7,60,flavifrons,worker,1,Delphinium.nuttallianum,Ranunculaceae
2015,Gothic.Spires,177,7,60,flavifrons,worker,1,Hydrophyllum.fendleri,Hydrophyllaceae
2015,Gothic.Spires,177,7,60,insularis,queen,1,Hydrophyllum.fendleri,Hydrophyllaceae
2015,Gothic.Spires,177,7,60,mixtus,worker,1,Mertensia.ciliata,Boraginaceae
2015,Gothic.Spires,177,7,60,sylvicola,queen,2,Dodecatheon.pulchellum,Primulaceae
2015,Gothic.Spires,188,8,60,appositus,queen,5,Delphinium.barbeyi,Ranunculaceae
2015,Gothic.Spires,188,8,60,bifarius,worker,3,Helianthella.quinquenervis,Asteraceae
2015,Gothic.Spires,188,8,60,californicus,queen,1,Vicia.americana,Fabaceae
2015,Gothic.Spires,188,8,60,flavifrons,queen,5,Aconitum.columbianum,Ranunculaceae
2015,Gothic.Spires,188,8,60,flavifrons,queen,1,Delphinium.barbeyi,Ranunculaceae
2015,Gothic.Spires,188,8,60,flavifrons,queen,1,Mertensia.ciliata,Boraginaceae
2015,Gothic.Spires,188,8,60,flavifrons,queen,1,Vicia.americana,Fabaceae
2015,Gothic.Spires,188,8,60,flavifrons,worker,1,Aconitum.columbianum,Ranunculaceae
2015,Gothic.Spires,188,8,60,flavifrons,worker,8,Helianthella.quinquenervis,Asteraceae
2015,Gothic.Spires,188,8,60,flavifrons,worker,2,Mertensia.ciliata,Boraginaceae
2015,Gothic.Spires,188,8,60,nevadensis,queen,2,Mertensia.ciliata,Boraginaceae
2015,Gothic.Spires,188,8,60,rufocinctus,worker,1,Helianthella.quinquenervis,Asteraceae
2015,Gothic.Spires,188,8,60,sylvicola,worker,3,Helianthella.quinquenervis,Asteraceae
2015,Gothic.Spires,191,9,60,appositus,queen,2,Delphinium.barbeyi,Ranunculaceae
2015,Gothic.Spires,191,9,60,appositus,worker,1,Aconitum.columbianum,Ranunculaceae
2015,Gothic.Spires,191,9,60,bifarius,queen,1,Helianthella.quinquenervis,Asteraceae
2015,Gothic.Spires,191,9,60,bifarius,worker,3,Helianthella.quinquenervis,Asteraceae
2015,Gothic.Spires,191,9,60,bifarius,worker,2,Potentilla.fruticosa,Rosaceae
2015,Gothic.Spires,191,9,60,californicus,worker,1,Hydrophyllum.fendleri,Hydrophyllaceae
2015,Gothic.Spires,191,9,60,californicus,worker,1,Prunella.vulgaris,Lamiaceae
2015,Gothic.Spires,191,9,60,flavifrons,queen,1,Aconitum.columbianum,Ranunculaceae
2015,Gothic.Spires,191,9,60,flavifrons,queen,2,Delphinium.barbeyi,Ranunculaceae
2015,Gothic.Spires,191,9,60,flavifrons,queen,2,Vicia.americana,Fabaceae
2015,Gothic.Spires,191,9,60,flavifrons,worker,1,Aconitum.columbianum,Ranunculaceae
2015,Gothic.Spires,191,9,60,flavifrons,worker,2,Helianthella.quinquenervis,Asteraceae
2015,Gothic.Spires,191,9,60,flavifrons,worker,1,Potentilla.pulcherrima,Rosaceae
2015,Gothic.Spires,191,9,60,insularis,queen,1,Helianthella.quinquenervis,Asteraceae
2015,Gothic.Spires,191,9,60,melanopygus,worker,1,Potentilla.pulcherrima,Rosaceae
2015,Gothic.Spires,191,9,60,mixtus,worker,1,Helianthella.quinquenervis,Asteraceae
2015,Gothic.Spires,191,9,60,rufocinctus,worker,4,Helianthella.quinquenervis,Asteraceae
2015,Gothic.Spires,191,9,60,sylvicola,worker,1,Potentilla.fruticosa,Rosaceae
2015,Gothic.Spires,191,9,60,sylvicola,worker,1,Potentilla.pulcherrima,Rosaceae
2015,Gothic.Spires,197,10,60,appositus,queen,2,Delphinium.barbeyi,Ranunculaceae
2015,Gothic.Spires,197,10,60,appositus,worker,1,Aconitum.columbianum,Ranunculaceae
2015,Gothic.Spires,197,10,60,appositus,worker,5,Delphinium.barbeyi,Ranunculaceae
2015,Gothic.Spires,197,10,60,appositus,worker,1,Trifolium.pratense,Fabaceae
2015,Gothic.Spires,197,10,60,bifarius,worker,2,Helianthella.quinquenervis,Asteraceae
2015,Gothic.Spires,197,10,60,bifarius,worker,6,Potentilla.fruticosa,Rosaceae
2015,Gothic.Spires,197,10,60,californicus,worker,1,Delphinium.barbeyi,Ranunculaceae
2015,Gothic.Spires,197,10,60,flavifrons,queen,1,Aconitum.columbianum,Ranunculaceae
2015,Gothic.Spires,197,10,60,flavifrons,queen,1,Delphinium.barbeyi,Ranunculaceae
2015,Gothic.Spires,197,10,60,flavifrons,worker,3,Aconitum.columbianum,Ranunculaceae
2015,Gothic.Spires,197,10,60,flavifrons,worker,1,Delphinium.barbeyi,Ranunculaceae
2015,Gothic.Spires,197,10,60,flavifrons,worker,5,Helianthella.quinquenervis,Asteraceae
2015,Gothic.Spires,197,10,60,flavifrons,worker,1,Vicia.americana,Fabaceae
2015,Gothic.Spires,197,10,60,mixtus,worker,3,Helianthella.quinquenervis,Asteraceae
2015,Gothic.Spires,197,10,60,occidentalis,worker,1,Solidago.multiradiata,Asteraceae
2015,Gothic.Spires,197,10,60,rufocinctus,worker,2,Helianthella.quinquenervis,Asteraceae
2015,Gothic.Spires,197,10,60,sylvicola,worker,1,Hymenoxys.hoopesii,Asteraceae
2015,Gothic.Spires,208,11,60,appositus,queen,1,Delphinium.barbeyi,Ranunculaceae
2015,Gothic.Spires,208,11,60,appositus,worker,6,Delphinium.barbeyi,Ranunculaceae
2015,Gothic.Spires,208,11,60,bifarius,male,1,Erigeron.speciosus,Asteraceae
2015,Gothic.Spires,208,11,60,bifarius,worker,5,Erigeron.speciosus,Asteraceae
2015,Gothic.Spires,208,11,60,bifarius,worker,1,Helianthella.quinquenervis,Asteraceae
2015,Gothic.Spires,208,11,60,bifarius,worker,1,Heliomeris.multiflora,Asteraceae
2015,Gothic.Spires,208,11,60,bifarius,worker,1,Senecio.bigelovii,Asteraceae
2015,Gothic.Spires,208,11,60,bifarius,worker,4,Potentilla.fruticosa,Rosaceae
2015,Gothic.Spires,208,11,60,californicus,worker,1,Aconitum.columbianum,Ranunculaceae
2015,Gothic.Spires,208,11,60,flavifrons,male,1,Senecio.bigelovii,Asteraceae
2015,Gothic.Spires,208,11,60,flavifrons,queen,1,Delphinium.barbeyi,Ranunculaceae
2015,Gothic.Spires,208,11,60,flavifrons,worker,12,Aconitum.columbianum,Ranunculaceae
2015,Gothic.Spires,208,11,60,flavifrons,worker,8,Delphinium.barbeyi,Ranunculaceae
2015,Gothic.Spires,208,11,60,flavifrons,worker,2,Vicia.americana,Fabaceae
2015,Gothic.Spires,208,11,60,melanopygus,worker,1,Solidago.multiradiata,Asteraceae
2015,Gothic.Spires,208,11,60,occidentalis,queen,1,Solidago.multiradiata,Asteraceae
2015,Gothic.Spires,208,11,60,rufocinctus,worker,1,Erigeron.speciosus,Asteraceae
2015,Gothic.Spires,208,11,60,rufocinctus,worker,1,Helianthella.quinquenervis,Asteraceae
2015,Gothic.Spires,208,11,60,rufocinctus,worker,1,Solidago.multiradiata,Asteraceae
2015,Gothic.Spires,208,11,60,sylvicola,worker,2,Erigeron.speciosus,Asteraceae
2015,Gothic.Spires,208,11,60,sylvicola,worker,2,Potentilla.fruticosa,Rosaceae
2015,Gothic.Spires,216,12,60,appositus,male,1,Delphinium.barbeyi,Ranunculaceae
2015,Gothic.Spires,216,12,60,appositus,queen,2,Delphinium.barbeyi,Ranunculaceae
2015,Gothic.Spires,216,12,60,appositus,worker,11,Delphinium.barbeyi,Ranunculaceae
2015,Gothic.Spires,216,12,60,appositus,worker,2,Gentianopsis.detonsa,Gentianaceae
2015,Gothic.Spires,216,12,60,bifarius,male,20,Heliomeris.multiflora,Asteraceae
2015,Gothic.Spires,216,12,60,bifarius,queen,1,Heliomeris.multiflora,Asteraceae
2015,Gothic.Spires,216,12,60,bifarius,worker,1,Erigeron.speciosus,Asteraceae
2015,Gothic.Spires,216,12,60,bifarius,worker,1,Gentianopsis.detonsa,Gentianaceae
2015,Gothic.Spires,216,12,60,bifarius,worker,16,Heliomeris.multiflora,Asteraceae
2015,Gothic.Spires,216,12,60,californicus,worker,2,Delphinium.barbeyi,Ranunculaceae
2015,Gothic.Spires,216,12,60,flavifrons,male,2,Cirsium.parryi,Asteraceae
2015,Gothic.Spires,216,12,60,flavifrons,male,1,Helianthella.quinquenervis,Asteraceae
2015,Gothic.Spires,216,12,60,flavifrons,male,5,Heliomeris.multiflora,Asteraceae
2015,Gothic.Spires,216,12,60,flavifrons,male,2,Senecio.bigelovii,Asteraceae
2015,Gothic.Spires,216,12,60,flavifrons,queen,1,Delphinium.barbeyi,Ranunculaceae
2015,Gothic.Spires,216,12,60,flavifrons,worker,7,Aconitum.columbianum,Ranunculaceae
2015,Gothic.Spires,216,12,60,flavifrons,worker,10,Delphinium.barbeyi,Ranunculaceae
2015,Gothic.Spires,216,12,60,flavifrons,worker,1,Gentianopsis.detonsa,Gentianaceae
2015,Gothic.Spires,216,12,60,rufocinctus,male,7,Heliomeris.multiflora,Asteraceae
2015,Gothic.Spires,216,12,60,rufocinctus,worker,2,Heliomeris.multiflora,Asteraceae
2015,Gothic.Spires,216,12,60,sylvicola,worker,2,Heliomeris.multiflora,Asteraceae
2015,Gothic.Spires,229,13,85,appositus,male,6,Symphyotrichum.foliaceum,Asteraceae
2015,Gothic.Spires,229,13,85,appositus,male,1,Cirsium.parryi,Asteraceae
2015,Gothic.Spires,229,13,85,appositus,male,1,Gentianopsis.detonsa,Gentianaceae
2015,Gothic.Spires,229,13,85,appositus,male,4,Heliomeris.multiflora,Asteraceae
2015,Gothic.Spires,229,13,85,bifarius,male,1,Symphyotrichum.foliaceum,Asteraceae
2015,Gothic.Spires,229,13,85,bifarius,male,8,Heliomeris.multiflora,Asteraceae
2015,Gothic.Spires,229,13,85,bifarius,worker,8,Heliomeris.multiflora,Asteraceae
2015,Gothic.Spires,229,13,85,flavifrons,male,2,Symphyotrichum.foliaceum,Asteraceae
2015,Gothic.Spires,229,13,85,flavifrons,male,1,Cirsium.parryi,Asteraceae
2015,Gothic.Spires,229,13,85,flavifrons,male,16,Heliomeris.multiflora,Asteraceae
2015,Gothic.Spires,229,13,85,flavifrons,worker,1,Cirsium.parryi,Asteraceae
2015,Gothic.Spires,229,13,85,flavifrons,worker,2,Heliomeris.multiflora,Asteraceae
2015,Gothic.Spires,229,13,85,insularis,male,1,Symphyotrichum.foliaceum,Asteraceae
2015,Gothic.Spires,229,13,85,insularis,male,4,Heliomeris.multiflora,Asteraceae
2015,Gothic.Spires,229,13,85,mixtus,male,1,Erigeron.speciosus,Asteraceae
2015,Gothic.Spires,229,13,85,mixtus,male,1,Heliomeris.multiflora,Asteraceae
2015,Gothic.Spires,229,13,85,rufocinctus,male,6,Symphyotrichum.foliaceum,Asteraceae
2015,Gothic.Spires,229,13,85,rufocinctus,male,1,Erigeron.speciosus,Asteraceae
2015,Gothic.Spires,229,13,85,rufocinctus,male,15,Heliomeris.multiflora,Asteraceae
2015,Gothic.Spires,229,13,85,rufocinctus,worker,3,Heliomeris.multiflora,Asteraceae
2015,Gothic.Spires,229,13,85,sylvicola,worker,1,Heliomeris.multiflora,Asteraceae
2015,Gothic.Spires,236,14,60,appositus,male,1,Trifolium.repens,Fabaceae
2015,Gothic.Spires,236,14,60,bifarius,male,2,Symphyotrichum.foliaceum,Asteraceae
2015,Gothic.Spires,236,14,60,bifarius,male,11,Heliomeris.multiflora,Asteraceae
2015,Gothic.Spires,236,14,60,bifarius,worker,1,Symphyotrichum.foliaceum,Asteraceae
2015,Gothic.Spires,236,14,60,flavifrons,male,11,Symphyotrichum.foliaceum,Asteraceae
2015,Gothic.Spires,236,14,60,flavifrons,male,9,Heliomeris.multiflora,Asteraceae
2015,Gothic.Spires,236,14,60,insularis,male,7,Symphyotrichum.foliaceum,Asteraceae
2015,Gothic.Spires,236,14,60,insularis,male,4,Heliomeris.multiflora,Asteraceae
2015,Gothic.Spires,236,14,60,rufocinctus,male,7,Symphyotrichum.foliaceum,Asteraceae
2015,Gothic.Spires,236,14,60,rufocinctus,male,1,Erigeron.elatior,Asteraceae
2015,Gothic.Spires,236,14,60,rufocinctus,male,6,Heliomeris.multiflora,Asteraceae
2015,Gothic.Spires,236,14,60,rufocinctus,worker,1,Symphyotrichum.foliaceum,Asteraceae
2015,Gothic.Spires,240,15,60,bifarius,male,1,Symphyotrichum.foliaceum,Asteraceae
2015,Gothic.Spires,240,15,60,bifarius,male,7,Heliomeris.multiflora,Asteraceae
2015,Gothic.Spires,240,15,60,bifarius,worker,1,Symphyotrichum.foliaceum,Asteraceae
2015,Gothic.Spires,240,15,60,flavifrons,male,8,Symphyotrichum.foliaceum,Asteraceae
2015,Gothic.Spires,240,15,60,flavifrons,male,5,Heliomeris.multiflora,Asteraceae
2015,Gothic.Spires,240,15,60,insularis,male,6,Symphyotrichum.foliaceum,Asteraceae
2015,Gothic.Spires,240,15,60,insularis,male,3,Heliomeris.multiflora,Asteraceae
2015,Gothic.Spires,240,15,60,rufocinctus,male,5,Symphyotrichum.foliaceum,Asteraceae
2015,Gothic.Spires,240,15,60,rufocinctus,male,3,Heliomeris.multiflora,Asteraceae
2015,Gothic.Spires,249,16,60,bifarius,male,7,Symphyotrichum.foliaceum,Asteraceae
2015,Gothic.Spires,249,16,60,bifarius,male,1,Taraxacum.officinale,Asteraceae
2015,Gothic.Spires,249,16,60,flavifrons,male,1,Heliomeris.multiflora,Asteraceae
2015,Gothic.Spires,249,16,60,frigidus,worker,1,Symphyotrichum.foliaceum,Asteraceae
2015,Gothic.Spires,249,16,60,insularis,male,10,Symphyotrichum.foliaceum,Asteraceae
2015,Gothic.Spires,249,16,60,insularis,male,1,Heliomeris.multiflora,Asteraceae
2015,Gothic.Spires,249,16,60,insularis,male,2,Taraxacum.officinale,Asteraceae
2015,Gothic.Spires,249,16,60,mixtus,worker,1,Symphyotrichum.foliaceum,Asteraceae
2015,Gothic.Spires,249,16,60,rufocinctus,male,1,Symphyotrichum.foliaceum,Asteraceae
2015,Gothic.Spires,249,16,60,rufocinctus,worker,1,Symphyotrichum.foliaceum,Asteraceae
2015,Rosy.Hills,148,3,60,bifarius,queen,8,Mertensia.fusiformis,Boraginaceae
2015,Rosy.Hills,151,3,60,bifarius,queen,4,Mertensia.fusiformis,Boraginaceae
2015,Rosy.Hills,151,3,60,californicus,queen,2,Mertensia.fusiformis,Boraginaceae
2015,Rosy.Hills,153,4,60,bifarius,queen,3,Mertensia.fusiformis,Boraginaceae
2015,Rosy.Hills,153,4,60,californicus,queen,2,Mertensia.fusiformis,Boraginaceae
2015,Rosy.Hills,155,4,60,appositus,queen,1,Delphinium.nuttallianum,Ranunculaceae
2015,Rosy.Hills,155,4,60,bifarius,queen,3,Mertensia.fusiformis,Boraginaceae
2015,Rosy.Hills,155,4,60,flavifrons,queen,1,Mertensia.fusiformis,Boraginaceae
2015,Rosy.Hills,155,4,60,rufocinctus,queen,1,Mertensia.fusiformis,Boraginaceae
2015,Rosy.Hills,155,4,60,sylvicola,queen,1,Mertensia.fusiformis,Boraginaceae
2015,Rosy.Hills,159,5,60,bifarius,queen,4,Mertensia.fusiformis,Boraginaceae
2015,Rosy.Hills,159,5,60,californicus,queen,3,Delphinium.nuttallianum,Ranunculaceae
2015,Rosy.Hills,159,5,60,flavifrons,queen,4,Mertensia.fusiformis,Boraginaceae
2015,Rosy.Hills,165,5,78,appositus,queen,8,Delphinium.nuttallianum,Ranunculaceae
2015,Rosy.Hills,165,5,78,bifarius,queen,1,Mertensia.fusiformis,Boraginaceae
2015,Rosy.Hills,165,5,78,californicus,queen,7,Delphinium.nuttallianum,Ranunculaceae
2015,Rosy.Hills,165,5,78,californicus,queen,1,Lathyrus.lanszwertii.var.leucanthus,Fabaceae
2015,Rosy.Hills,165,5,78,californicus,worker,2,Delphinium.nuttallianum,Ranunculaceae
2015,Rosy.Hills,165,5,78,centralis,queen,1,Hydrophyllum.fendleri,Hydrophyllaceae
2015,Rosy.Hills,165,5,78,flavifrons,queen,10,Hydrophyllum.fendleri,Hydrophyllaceae
2015,Rosy.Hills,165,5,78,rufocinctus,queen,2,Hydrophyllum.fendleri,Hydrophyllaceae
2015,Rosy.Hills,165,5,78,sylvicola,queen,1,Mertensia.fusiformis,Boraginaceae
2015,Rosy.Hills,169,6,60,appositus,queen,1,Delphinium.nuttallianum,Ranunculaceae
2015,Rosy.Hills,169,6,60,californicus,queen,5,Delphinium.nuttallianum,Ranunculaceae
2015,Rosy.Hills,169,6,60,flavifrons,queen,1,Delphinium.nuttallianum,Ranunculaceae
2015,Rosy.Hills,169,6,60,flavifrons,queen,2,Hydrophyllum.fendleri,Hydrophyllaceae
2015,Rosy.Hills,169,6,60,flavifrons,queen,1,Lupinus.sericeus.var.sericeus,Fabaceae
2015,Rosy.Hills,169,6,60,nevadensis,queen,1,Delphinium.nuttallianum,Ranunculaceae
2015,Rosy.Hills,169,6,60,nevadensis,worker,1,Hydrophyllum.fendleri,Hydrophyllaceae
2015,Rosy.Hills,169,6,60,rufocinctus,queen,4,Hydrophyllum.fendleri,Hydrophyllaceae
2015,Rosy.Hills,171,6,60,appositus,queen,3,Delphinium.nuttallianum,Ranunculaceae
2015,Rosy.Hills,171,6,60,bifarius,queen,1,Hydrophyllum.fendleri,Hydrophyllaceae
2015,Rosy.Hills,171,6,60,californicus,queen,1,Delphinium.nuttallianum,Ranunculaceae
2015,Rosy.Hills,171,6,60,flavifrons,queen,1,Hydrophyllum.fendleri,Hydrophyllaceae
2015,Rosy.Hills,171,6,60,nevadensis,queen,1,Hydrophyllum.fendleri,Hydrophyllaceae
2015,Rosy.Hills,171,6,60,rufocinctus,queen,1,Hydrophyllum.fendleri,Hydrophyllaceae
2015,Rosy.Hills,171,6,60,rufocinctus,queen,1,Lupinus.sericeus.var.sericeus,Fabaceae
2015,Rosy.Hills,174,7,60,appositus,queen,4,Delphinium.nuttallianum,Ranunculaceae
2015,Rosy.Hills,174,7,60,californicus,queen,2,Delphinium.nuttallianum,Ranunculaceae
2015,Rosy.Hills,174,7,60,californicus,queen,1,Lathyrus.lanszwertii.var.leucanthus,Fabaceae
2015,Rosy.Hills,174,7,60,californicus,queen,1,Lupinus.sericeus.var.sericeus,Fabaceae
2015,Rosy.Hills,174,7,60,nevadensis,queen,1,Hydrophyllum.fendleri,Hydrophyllaceae
2015,Rosy.Hills,174,7,60,rufocinctus,queen,1,Frasera.speciosa,Gentianaceae
2015,Rosy.Hills,174,7,60,rufocinctus,queen,1,Lupinus.sericeus.var.sericeus,Fabaceae
2015,Rosy.Hills,179,8,30,appositus,queen,1,Hydrophyllum.fendleri,Hydrophyllaceae
2015,Rosy.Hills,179,8,30,appositus,queen,1,Lathyrus.lanszwertii.var.leucanthus,Fabaceae
2015,Rosy.Hills,179,8,30,flavifrons,queen,1,Delphinium.nuttallianum,Ranunculaceae
2015,Rosy.Hills,179,8,30,flavifrons,queen,1,Hydrophyllum.fendleri,Hydrophyllaceae
2015,Rosy.Hills,179,8,30,flavifrons,queen,1,Lupinus.sericeus.var.sericeus,Fabaceae
2015,Rosy.Hills,179,8,30,rufocinctus,queen,1,Hydrophyllum.fendleri,Hydrophyllaceae
2015,Rosy.Hills,181,8,60,appositus,queen,1,Delphinium.barbeyi,Ranunculaceae
2015,Rosy.Hills,181,8,60,appositus,queen,3,Vicia.americana,Fabaceae
2015,Rosy.Hills,181,8,60,bifarius,worker,1,Lupinus.sericeus.var.sericeus,Fabaceae
2015,Rosy.Hills,181,8,60,flavifrons,queen,1,Vicia.americana,Fabaceae
2015,Rosy.Hills,190,9,60,appositus,queen,2,Aconitum.columbianum,Ranunculaceae
2015,Rosy.Hills,190,9,60,appositus,queen,3,Delphinium.barbeyi,Ranunculaceae
2015,Rosy.Hills,190,9,60,appositus,queen,1,Helianthella.quinquenervis,Asteraceae
2015,Rosy.Hills,190,9,60,appositus,worker,2,Delphinium.barbeyi,Ranunculaceae
2015,Rosy.Hills,190,9,60,appositus,worker,2,Helianthella.quinquenervis,Asteraceae
2015,Rosy.Hills,190,9,60,bifarius,queen,1,Hymenoxys.hoopesii,Asteraceae
2015,Rosy.Hills,190,9,60,bifarius,queen,2,Helianthella.quinquenervis,Asteraceae
2015,Rosy.Hills,190,9,60,bifarius,worker,6,Helianthella.quinquenervis,Asteraceae
2015,Rosy.Hills,190,9,60,californicus,queen,1,Delphinium.barbeyi,Ranunculaceae
2015,Rosy.Hills,190,9,60,flavifrons,queen,1,Vicia.americana,Fabaceae
2015,Rosy.Hills,190,9,60,flavifrons,worker,1,Aquilegia.coerulea,Ranunculaceae
2015,Rosy.Hills,190,9,60,flavifrons,worker,1,Delphinium.barbeyi,Ranunculaceae
2015,Rosy.Hills,190,9,60,flavifrons,worker,3,Helianthella.quinquenervis,Asteraceae
2015,Rosy.Hills,190,9,60,rufocinctus,queen,3,Helianthella.quinquenervis,Asteraceae
2015,Rosy.Hills,190,9,60,rufocinctus,worker,3,Helianthella.quinquenervis,Asteraceae
2015,Rosy.Hills,196,10,60,appositus,queen,2,Delphinium.barbeyi,Ranunculaceae
2015,Rosy.Hills,196,10,60,appositus,queen,1,Helianthella.quinquenervis,Asteraceae
2015,Rosy.Hills,196,10,60,appositus,queen,1,Lupinus.sericeus.var.sericeus,Fabaceae
2015,Rosy.Hills,196,10,60,appositus,queen,1,Vicia.americana,Fabaceae
2015,Rosy.Hills,196,10,60,appositus,worker,3,Delphinium.barbeyi,Ranunculaceae
2015,Rosy.Hills,196,10,60,appositus,worker,4,Helianthella.quinquenervis,Asteraceae
2015,Rosy.Hills,196,10,60,bifarius,queen,1,Helianthella.quinquenervis,Asteraceae
2015,Rosy.Hills,196,10,60,bifarius,worker,1,Eriogonum.umbellatum.var.umbellatum,Polygonaceae
2015,Rosy.Hills,196,10,60,bifarius,worker,12,Helianthella.quinquenervis,Asteraceae
2015,Rosy.Hills,196,10,60,californicus,worker,1,Delphinium.barbeyi,Ranunculaceae
2015,Rosy.Hills,196,10,60,californicus,worker,1,Helianthella.quinquenervis,Asteraceae
2015,Rosy.Hills,196,10,60,flavifrons,worker,5,Aconitum.columbianum,Ranunculaceae
2015,Rosy.Hills,196,10,60,flavifrons,worker,1,Vicia.americana,Fabaceae
2015,Rosy.Hills,196,10,60,insularis,queen,1,Wyethia.arizonica,Asteraceae
2015,Rosy.Hills,196,10,60,rufocinctus,worker,5,Helianthella.quinquenervis,Asteraceae
2015,Rosy.Hills,196,10,60,rufocinctus,worker,1,Lupinus.sericeus.var.sericeus,Fabaceae
2015,Rosy.Hills,196,10,60,rufocinctus,worker,1,Potentilla.fruticosa,Rosaceae
2015,Rosy.Hills,203,11,60,appositus,queen,1,Agastache.urticifolia,Lamiaceae
2015,Rosy.Hills,203,11,60,appositus,queen,1,Delphinium.barbeyi,Ranunculaceae
2015,Rosy.Hills,203,11,60,appositus,worker,2,Agastache.urticifolia,Lamiaceae
2015,Rosy.Hills,203,11,60,appositus,worker,3,Delphinium.barbeyi,Ranunculaceae
2015,Rosy.Hills,203,11,60,bifarius,queen,2,Helianthella.quinquenervis,Asteraceae
2015,Rosy.Hills,203,11,60,bifarius,worker,1,Agastache.urticifolia,Lamiaceae
2015,Rosy.Hills,203,11,60,bifarius,worker,2,Potentilla.fruticosa,Rosaceae
2015,Rosy.Hills,203,11,60,californicus,worker,2,Delphinium.barbeyi,Ranunculaceae
2015,Rosy.Hills,203,11,60,centralis,worker,1,Calochortus.gunnisonii,Liliaceae
2015,Rosy.Hills,203,11,60,flavifrons,worker,3,Aconitum.columbianum,Ranunculaceae
2015,Rosy.Hills,203,11,60,flavifrons,worker,3,Agastache.urticifolia,Lamiaceae
2015,Rosy.Hills,203,11,60,flavifrons,worker,4,Delphinium.barbeyi,Ranunculaceae
2015,Rosy.Hills,203,11,60,flavifrons,worker,4,Helianthella.quinquenervis,Asteraceae
2015,Rosy.Hills,203,11,60,flavifrons,worker,2,Vicia.americana,Fabaceae
2015,Rosy.Hills,203,11,60,frigidus,worker,1,Helianthella.quinquenervis,Asteraceae
2015,Rosy.Hills,203,11,60,mixtus,worker,1,Potentilla.pulcherrima,Rosaceae
2015,Rosy.Hills,203,11,60,rufocinctus,worker,1,Calochortus.gunnisonii,Liliaceae
2015,Rosy.Hills,203,11,60,rufocinctus,worker,1,Hymenoxys.hoopesii,Asteraceae
2015,Rosy.Hills,203,11,60,rufocinctus,worker,1,Erigeron.speciosus,Asteraceae
2015,Rosy.Hills,203,11,60,rufocinctus,worker,1,Potentilla.fruticosa,Rosaceae
2015,Rosy.Hills,203,11,60,rufocinctus,worker,1,Potentilla.pulcherrima,Rosaceae
2015,Rosy.Hills,203,11,60,sylvicola,worker,1,Potentilla.fruticosa,Rosaceae
2015,Rosy.Hills,211,12,60,appositus,queen,1,Delphinium.barbeyi,Ranunculaceae
2015,Rosy.Hills,211,12,60,appositus,worker,2,Agastache.urticifolia,Lamiaceae
2015,Rosy.Hills,211,12,60,appositus,worker,3,Delphinium.barbeyi,Ranunculaceae
2015,Rosy.Hills,211,12,60,bifarius,male,2,Pyrrocoma.crocea,Asteraceae
2015,Rosy.Hills,211,12,60,bifarius,worker,1,Campanula.rotundifolia,Campanulaceae
2015,Rosy.Hills,211,12,60,bifarius,worker,1,Erigeron.speciosus,Asteraceae
2015,Rosy.Hills,211,12,60,bifarius,worker,3,Potentilla.fruticosa,Rosaceae
2015,Rosy.Hills,211,12,60,californicus,worker,1,Delphinium.barbeyi,Ranunculaceae
2015,Rosy.Hills,211,12,60,flavifrons,male,1,Erigeron.elatior,Asteraceae
2015,Rosy.Hills,211,12,60,flavifrons,male,1,Eucephalus.engelmannii,Asteraceae
2015,Rosy.Hills,211,12,60,flavifrons,queen,1,Vicia.americana,Fabaceae
2015,Rosy.Hills,211,12,60,flavifrons,worker,7,Aconitum.columbianum,Ranunculaceae
2015,Rosy.Hills,211,12,60,flavifrons,worker,8,Agastache.urticifolia,Lamiaceae
2015,Rosy.Hills,211,12,60,flavifrons,worker,11,Delphinium.barbeyi,Ranunculaceae
2015,Rosy.Hills,211,12,60,frigidus,worker,1,Potentilla.fruticosa,Rosaceae
2015,Rosy.Hills,211,12,60,rufocinctus,male,1,Erigeron.speciosus,Asteraceae
2015,Rosy.Hills,211,12,60,rufocinctus,worker,1,Erigeron.speciosus,Asteraceae
2015,Rosy.Hills,211,12,60,rufocinctus,worker,1,Heliomeris.multiflora,Asteraceae
2015,Rosy.Hills,211,12,60,rufocinctus,worker,3,Potentilla.fruticosa,Rosaceae
2015,Rosy.Hills,211,12,60,sylvicola,worker,2,Potentilla.fruticosa,Rosaceae
2015,Rosy.Hills,219,13,30,appositus,male,2,Agastache.urticifolia,Lamiaceae
2015,Rosy.Hills,219,13,30,appositus,worker,4,Agastache.urticifolia,Lamiaceae
2015,Rosy.Hills,219,13,30,appositus,worker,1,Erigeron.elatior,Asteraceae
2015,Rosy.Hills,219,13,30,bifarius,male,1,Heliomeris.multiflora,Asteraceae
2015,Rosy.Hills,219,13,30,bifarius,worker,6,Erigeron.speciosus,Asteraceae
2015,Rosy.Hills,219,13,30,bifarius,worker,4,Heliomeris.multiflora,Asteraceae
2015,Rosy.Hills,219,13,30,bifarius,worker,1,Potentilla.fruticosa,Rosaceae
2015,Rosy.Hills,219,13,30,flavifrons,male,4,Agastache.urticifolia,Lamiaceae
2015,Rosy.Hills,219,13,30,flavifrons,worker,4,Agastache.urticifolia,Lamiaceae
2015,Rosy.Hills,219,13,30,flavifrons,worker,3,Delphinium.barbeyi,Ranunculaceae
2015,Rosy.Hills,219,13,30,rufocinctus,male,9,Erigeron.speciosus,Asteraceae
2015,Rosy.Hills,219,13,30,rufocinctus,worker,1,Erigeron.speciosus,Asteraceae
2015,Rosy.Hills,219,13,30,rufocinctus,worker,2,Heliomeris.multiflora,Asteraceae
2015,Rosy.Hills,219,13,30,sylvicola,worker,1,Erigeron.speciosus,Asteraceae
2015,Rosy.Hills,228,13,95,appositus,male,4,Agastache.urticifolia,Lamiaceae
2015,Rosy.Hills,228,13,95,appositus,male,1,Erigeron.speciosus,Asteraceae
2015,Rosy.Hills,228,13,95,appositus,male,1,Heliomeris.multiflora,Asteraceae
2015,Rosy.Hills,228,13,95,appositus,worker,1,Agastache.urticifolia,Lamiaceae
2015,Rosy.Hills,228,13,95,bifarius,male,1,Erigeron.speciosus,Asteraceae
2015,Rosy.Hills,228,13,95,bifarius,male,3,Heliomeris.multiflora,Asteraceae
2015,Rosy.Hills,228,13,95,bifarius,male,2,Senecio.serra.var.admirabilis,Asteraceae
2015,Rosy.Hills,228,13,95,bifarius,worker,1,Erigeron.elatior,Asteraceae
2015,Rosy.Hills,228,13,95,bifarius,worker,2,Erigeron.speciosus,Asteraceae
2015,Rosy.Hills,228,13,95,bifarius,worker,5,Heliomeris.multiflora,Asteraceae
2015,Rosy.Hills,228,13,95,flavifrons,male,7,Agastache.urticifolia,Lamiaceae
2015,Rosy.Hills,228,13,95,flavifrons,male,1,Erigeron.speciosus,Asteraceae
2015,Rosy.Hills,228,13,95,flavifrons,worker,2,Agastache.urticifolia,Lamiaceae
2015,Rosy.Hills,228,13,95,rufocinctus,male,1,Agastache.urticifolia,Lamiaceae
2015,Rosy.Hills,228,13,95,rufocinctus,male,4,Erigeron.speciosus,Asteraceae
2015,Rosy.Hills,228,13,95,rufocinctus,male,6,Heliomeris.multiflora,Asteraceae
2015,Rosy.Hills,228,13,95,rufocinctus,male,1,Senecio.serra.var.admirabilis,Asteraceae
2015,Rosy.Hills,228,13,95,rufocinctus,worker,4,Erigeron.speciosus,Asteraceae
2015,Rosy.Hills,228,13,95,rufocinctus,worker,2,Heliomeris.multiflora,Asteraceae
2015,Rosy.Hills,228,13,95,rufocinctus,worker,1,Potentilla.fruticosa,Rosaceae
2015,Rosy.Hills,236,14,75,appositus,male,5,Agastache.urticifolia,Lamiaceae
2015,Rosy.Hills,236,14,75,bifarius,male,5,Symphyotrichum.foliaceum,Asteraceae
2015,Rosy.Hills,236,14,75,bifarius,male,2,Heliomeris.multiflora,Asteraceae
2015,Rosy.Hills,236,14,75,bifarius,worker,1,Symphyotrichum.foliaceum,Asteraceae
2015,Rosy.Hills,236,14,75,bifarius,worker,3,Heliomeris.multiflora,Asteraceae
2015,Rosy.Hills,236,14,75,flavifrons,male,18,Agastache.urticifolia,Lamiaceae
2015,Rosy.Hills,236,14,75,flavifrons,male,7,Heliomeris.multiflora,Asteraceae
2015,Rosy.Hills,236,14,75,insularis,male,3,Heliomeris.multiflora,Asteraceae
2015,Rosy.Hills,236,14,75,mixtus,worker,2,Heliomeris.multiflora,Asteraceae
2015,Rosy.Hills,236,14,75,rufocinctus,male,1,Ericameria.parryi,Asteraceae
2015,Rosy.Hills,236,14,75,rufocinctus,male,2,Erigeron.speciosus,Asteraceae
2015,Rosy.Hills,236,14,75,rufocinctus,male,15,Heliomeris.multiflora,Asteraceae
2015,Rosy.Hills,236,14,75,rufocinctus,queen,1,Agastache.urticifolia,Lamiaceae
2015,Rosy.Hills,236,14,75,rufocinctus,worker,1,Symphyotrichum.foliaceum,Asteraceae
2015,Rosy.Hills,240,15,60,appositus,male,15,Agastache.urticifolia,Lamiaceae
2015,Rosy.Hills,240,15,60,bifarius,male,1,Agastache.urticifolia,Lamiaceae
2015,Rosy.Hills,240,15,60,bifarius,male,2,Symphyotrichum.foliaceum,Asteraceae
2015,Rosy.Hills,240,15,60,bifarius,male,3,Ericameria.parryi,Asteraceae
2015,Rosy.Hills,240,15,60,bifarius,male,13,Heliomeris.multiflora,Asteraceae
2015,Rosy.Hills,240,15,60,flavifrons,male,18,Agastache.urticifolia,Lamiaceae
2015,Rosy.Hills,240,15,60,flavifrons,male,1,Symphyotrichum.foliaceum,Asteraceae
2015,Rosy.Hills,240,15,60,flavifrons,male,2,Heliomeris.multiflora,Asteraceae
2015,Rosy.Hills,240,15,60,flavifrons,queen,1,Agastache.urticifolia,Lamiaceae
2015,Rosy.Hills,240,15,60,insularis,male,2,Agastache.urticifolia,Lamiaceae
2015,Rosy.Hills,240,15,60,insularis,male,1,Symphyotrichum.foliaceum,Asteraceae
2015,Rosy.Hills,240,15,60,insularis,male,1,Ericameria.parryi,Asteraceae
2015,Rosy.Hills,240,15,60,insularis,male,2,Heliomeris.multiflora,Asteraceae
2015,Rosy.Hills,240,15,60,rufocinctus,male,1,Erigeron.speciosus,Asteraceae
2015,Rosy.Hills,240,15,60,rufocinctus,male,1,Heliomeris.multiflora,Asteraceae
2015,Rosy.Hills,251,16,75,appositus,male,2,Agastache.urticifolia,Lamiaceae
2015,Rosy.Hills,251,16,75,appositus,male,2,Cirsium.parryi,Asteraceae
2015,Rosy.Hills,251,16,75,bifarius,male,6,Ericameria.parryi,Asteraceae
2015,Rosy.Hills,251,16,75,flavifrons,male,2,Agastache.urticifolia,Lamiaceae
2015,Rosy.Hills,251,16,75,insularis,male,6,Ericameria.parryi,Asteraceae
2015,Stormy.Pass,150,3,60,bifarius,queen,3,Mertensia.fusiformis,Boraginaceae
2015,Stormy.Pass,155,4,60,bifarius,queen,1,Mertensia.fusiformis,Boraginaceae
2015,Stormy.Pass,155,4,60,flavifrons,worker,1,Mertensia.fusiformis,Boraginaceae
2015,Stormy.Pass,159,5,60,bifarius,queen,1,Mertensia.fusiformis,Boraginaceae
2015,Stormy.Pass,159,5,60,flavifrons,queen,1,Mertensia.fusiformis,Boraginaceae
2015,Stormy.Pass,164,5,60,appositus,queen,3,Delphinium.nuttallianum,Ranunculaceae
2015,Stormy.Pass,164,5,60,bifarius,queen,1,Hydrophyllum.fendleri,Hydrophyllaceae
2015,Stormy.Pass,164,5,60,bifarius,queen,1,Taraxacum.officinale,Asteraceae
2015,Stormy.Pass,164,5,60,flavifrons,queen,5,Delphinium.nuttallianum,Ranunculaceae
2015,Stormy.Pass,164,5,60,flavifrons,queen,1,Mertensia.fusiformis,Boraginaceae
2015,Stormy.Pass,164,5,60,flavifrons,queen,1,Taraxacum.officinale,Asteraceae
2015,Stormy.Pass,164,5,60,rufocinctus,queen,1,Mertensia.fusiformis,Boraginaceae
2015,Stormy.Pass,169,6,60,appositus,queen,2,Delphinium.nuttallianum,Ranunculaceae
2015,Stormy.Pass,169,6,60,flavifrons,queen,1,Delphinium.nuttallianum,Ranunculaceae
2015,Stormy.Pass,169,6,60,flavifrons,queen,4,Hydrophyllum.fendleri,Hydrophyllaceae
2015,Stormy.Pass,169,6,60,flavifrons,queen,1,Potentilla.pulcherrima,Rosaceae
2015,Stormy.Pass,169,6,60,mixtus,queen,1,Hydrophyllum.fendleri,Hydrophyllaceae
2015,Stormy.Pass,172,6,60,appositus,queen,15,Delphinium.nuttallianum,Ranunculaceae
2015,Stormy.Pass,172,6,60,appositus,queen,1,Lathyrus.lanszwertii.var.leucanthus,Fabaceae
2015,Stormy.Pass,172,6,60,californicus,queen,1,Delphinium.nuttallianum,Ranunculaceae
2015,Stormy.Pass,172,6,60,flavifrons,queen,1,Delphinium.nuttallianum,Ranunculaceae
2015,Stormy.Pass,172,6,60,flavifrons,queen,1,Mertensia.ciliata,Boraginaceae
2015,Stormy.Pass,172,6,60,mixtus,queen,2,Hydrophyllum.fendleri,Hydrophyllaceae
2015,Stormy.Pass,176,7,60,appositus,queen,4,Delphinium.nuttallianum,Ranunculaceae
2015,Stormy.Pass,176,7,60,appositus,queen,1,Hydrophyllum.fendleri,Hydrophyllaceae
2015,Stormy.Pass,176,7,60,appositus,queen,1,Lathyrus.lanszwertii.var.leucanthus,Fabaceae
2015,Stormy.Pass,176,7,60,bifarius,queen,2,Hydrophyllum.fendleri,Hydrophyllaceae
2015,Stormy.Pass,176,7,60,bifarius,queen,1,Mertensia.ciliata,Boraginaceae
2015,Stormy.Pass,176,7,60,flavifrons,queen,3,Hydrophyllum.fendleri,Hydrophyllaceae
2015,Stormy.Pass,176,7,60,flavifrons,queen,1,Mertensia.ciliata,Boraginaceae
2015,Stormy.Pass,176,7,60,flavifrons,queen,1,Potentilla.pulcherrima,Rosaceae
2015,Stormy.Pass,176,7,60,rufocinctus,queen,2,Mertensia.ciliata,Boraginaceae
2015,Stormy.Pass,181,8,60,appositus,queen,1,Delphinium.nuttallianum,Ranunculaceae
2015,Stormy.Pass,181,8,60,appositus,queen,1,Lathyrus.lanszwertii.var.leucanthus,Fabaceae
2015,Stormy.Pass,181,8,60,balteatus,queen,1,Mertensia.ciliata,Boraginaceae
2015,Stormy.Pass,181,8,60,bifarius,queen,1,Hydrophyllum.fendleri,Hydrophyllaceae
2015,Stormy.Pass,181,8,60,bifarius,worker,1,Vicia.americana,Fabaceae
2015,Stormy.Pass,181,8,60,californicus,queen,1,Delphinium.barbeyi,Ranunculaceae
2015,Stormy.Pass,181,8,60,flavifrons,queen,2,Hydrophyllum.fendleri,Hydrophyllaceae
2015,Stormy.Pass,181,8,60,flavifrons,queen,2,Mertensia.ciliata,Boraginaceae
2015,Stormy.Pass,181,8,60,flavifrons,queen,1,Thalictrum.fendleri,Ranunculaceae
2015,Stormy.Pass,181,8,60,mixtus,queen,1,Hydrophyllum.fendleri,Hydrophyllaceae
2015,Stormy.Pass,181,8,60,rufocinctus,queen,1,Mertensia.ciliata,Boraginaceae
2015,Stormy.Pass,194,9,60,appositus,queen,4,Delphinium.barbeyi,Ranunculaceae
2015,Stormy.Pass,194,9,60,appositus,worker,6,Delphinium.barbeyi,Ranunculaceae
2015,Stormy.Pass,194,9,60,bifarius,queen,1,Hymenoxys.hoopesii,Asteraceae
2015,Stormy.Pass,194,9,60,bifarius,worker,2,Mertensia.ciliata,Boraginaceae
2015,Stormy.Pass,194,9,60,flavifrons,queen,1,Hymenoxys.hoopesii,Asteraceae
2015,Stormy.Pass,194,9,60,flavifrons,worker,2,Delphinium.barbeyi,Ranunculaceae
2015,Stormy.Pass,194,9,60,flavifrons,worker,2,Mertensia.ciliata,Boraginaceae
2015,Stormy.Pass,194,9,60,flavifrons,worker,1,Vicia.americana,Fabaceae
2015,Stormy.Pass,194,9,60,frigidus,worker,1,Mertensia.ciliata,Boraginaceae
2015,Stormy.Pass,194,9,60,mixtus,worker,2,Mertensia.ciliata,Boraginaceae
2015,Stormy.Pass,194,9,60,rufocinctus,queen,1,Mertensia.ciliata,Boraginaceae
2015,Stormy.Pass,197,10,60,appositus,queen,2,Delphinium.barbeyi,Ranunculaceae
2015,Stormy.Pass,197,10,60,appositus,worker,3,Delphinium.barbeyi,Ranunculaceae
2015,Stormy.Pass,197,10,60,appositus,worker,1,Vicia.americana,Fabaceae
2015,Stormy.Pass,197,10,60,bifarius,worker,1,Hymenoxys.hoopesii,Asteraceae
2015,Stormy.Pass,197,10,60,bifarius,worker,1,Senecio.bigelovii,Asteraceae
2015,Stormy.Pass,197,10,60,bifarius,worker,1,Pedicularis.racemosa,Orobanchaceae
2015,Stormy.Pass,197,10,60,flavifrons,queen,1,Cirsium.parryi,Asteraceae
2015,Stormy.Pass,197,10,60,flavifrons,queen,2,Delphinium.barbeyi,Ranunculaceae
2015,Stormy.Pass,197,10,60,flavifrons,queen,1,Vicia.americana,Fabaceae
2015,Stormy.Pass,197,10,60,flavifrons,worker,12,Delphinium.barbeyi,Ranunculaceae
2015,Stormy.Pass,197,10,60,flavifrons,worker,1,Hymenoxys.hoopesii,Asteraceae
2015,Stormy.Pass,197,10,60,flavifrons,worker,2,Mertensia.ciliata,Boraginaceae
2015,Stormy.Pass,197,10,60,flavifrons,worker,1,Pedicularis.racemosa,Orobanchaceae
2015,Stormy.Pass,197,10,60,mixtus,worker,3,Mertensia.ciliata,Boraginaceae
2015,Stormy.Pass,197,10,60,rufocinctus,queen,1,Vicia.americana,Fabaceae
2015,Stormy.Pass,197,10,60,sylvicola,worker,1,Erigeron.elatior,Asteraceae
2015,Stormy.Pass,197,10,60,sylvicola,worker,1,Mertensia.ciliata,Boraginaceae
2015,Stormy.Pass,204,11,60,appositus,worker,1,Delphinium.barbeyi,Ranunculaceae
2015,Stormy.Pass,204,11,60,bifarius,worker,1,Mertensia.ciliata,Boraginaceae
2015,Stormy.Pass,204,11,60,bifarius,worker,1,Potentilla.fruticosa,Rosaceae
2015,Stormy.Pass,204,11,60,flavifrons,queen,4,Delphinium.barbeyi,Ranunculaceae
2015,Stormy.Pass,204,11,60,flavifrons,worker,12,Delphinium.barbeyi,Ranunculaceae
2015,Stormy.Pass,204,11,60,mixtus,worker,1,Hymenoxys.hoopesii,Asteraceae
2015,Stormy.Pass,204,11,60,mixtus,worker,4,Senecio.bigelovii,Asteraceae
2015,Stormy.Pass,204,11,60,mixtus,worker,1,Mertensia.ciliata,Boraginaceae
2015,Stormy.Pass,204,11,60,rufocinctus,queen,1,Hymenoxys.hoopesii,Asteraceae
2015,Stormy.Pass,211,12,60,appositus,worker,4,Delphinium.barbeyi,Ranunculaceae
2015,Stormy.Pass,211,12,60,appositus,worker,1,Erigeron.speciosus,Asteraceae
2015,Stormy.Pass,211,12,60,appositus,worker,1,Vicia.americana,Fabaceae
2015,Stormy.Pass,211,12,60,bifarius,male,1,Senecio.bigelovii,Asteraceae
2015,Stormy.Pass,211,12,60,bifarius,worker,1,Hymenoxys.hoopesii,Asteraceae
2015,Stormy.Pass,211,12,60,bifarius,worker,3,Erigeron.elatior,Asteraceae
2015,Stormy.Pass,211,12,60,bifarius,worker,1,Helianthella.quinquenervis,Asteraceae
2015,Stormy.Pass,211,12,60,bifarius,worker,3,Heliomeris.multiflora,Asteraceae
2015,Stormy.Pass,211,12,60,bifarius,worker,1,Senecio.bigelovii,Asteraceae
2015,Stormy.Pass,211,12,60,bifarius,worker,1,Potentilla.fruticosa,Rosaceae
2015,Stormy.Pass,211,12,60,flavifrons,male,1,Cirsium.parryi,Asteraceae
2015,Stormy.Pass,211,12,60,flavifrons,worker,1,Cirsium.parryi,Asteraceae
2015,Stormy.Pass,211,12,60,flavifrons,worker,9,Delphinium.barbeyi,Ranunculaceae
2015,Stormy.Pass,211,12,60,flavifrons,worker,2,Erigeron.speciosus,Asteraceae
2015,Stormy.Pass,211,12,60,flavifrons,worker,1,Heliomeris.multiflora,Asteraceae
2015,Stormy.Pass,211,12,60,flavifrons,worker,2,Senecio.bigelovii,Asteraceae
2015,Stormy.Pass,211,12,60,flavifrons,worker,1,Mertensia.ciliata,Boraginaceae
2015,Stormy.Pass,211,12,60,frigidus,worker,1,Senecio.bigelovii,Asteraceae
2015,Stormy.Pass,211,12,60,mixtus,worker,2,Heliomeris.multiflora,Asteraceae
2015,Stormy.Pass,211,12,60,mixtus,worker,3,Senecio.bigelovii,Asteraceae
2015,Stormy.Pass,211,12,60,mixtus,worker,4,Mertensia.ciliata,Boraginaceae
2015,Stormy.Pass,219,13,30,appositus,worker,1,Delphinium.barbeyi,Ranunculaceae
2015,Stormy.Pass,219,13,30,bifarius,male,1,Senecio.bigelovii,Asteraceae
2015,Stormy.Pass,219,13,30,bifarius,queen,1,Heliomeris.multiflora,Asteraceae
2015,Stormy.Pass,219,13,30,bifarius,worker,19,Heliomeris.multiflora,Asteraceae
2015,Stormy.Pass,219,13,30,bifarius,worker,1,Senecio.bigelovii,Asteraceae
2015,Stormy.Pass,219,13,30,bifarius,worker,1,Senecio.serra.var.admirabilis,Asteraceae
2015,Stormy.Pass,219,13,30,flavifrons,male,1,Agoseris.glauca,Asteraceae
2015,Stormy.Pass,219,13,30,flavifrons,male,1,Delphinium.barbeyi,Ranunculaceae
2015,Stormy.Pass,219,13,30,flavifrons,male,1,Heliomeris.multiflora,Asteraceae
2015,Stormy.Pass,219,13,30,flavifrons,male,4,Senecio.bigelovii,Asteraceae
2015,Stormy.Pass,219,13,30,flavifrons,male,1,Senecio.serra.var.admirabilis,Asteraceae
2015,Stormy.Pass,219,13,30,flavifrons,queen,2,Delphinium.barbeyi,Ranunculaceae
2015,Stormy.Pass,219,13,30,flavifrons,worker,17,Delphinium.barbeyi,Ranunculaceae
2015,Stormy.Pass,219,13,30,flavifrons,worker,2,Heliomeris.multiflora,Asteraceae
2015,Stormy.Pass,219,13,30,flavifrons,worker,1,Ipomopsis.aggregata,Polemoniaceae
2015,Stormy.Pass,219,13,30,flavifrons,worker,1,Potentilla.fruticosa,Rosaceae
2015,Stormy.Pass,219,13,30,mixtus,male,1,Heliomeris.multiflora,Asteraceae
2015,Stormy.Pass,219,13,30,mixtus,male,1,Senecio.bigelovii,Asteraceae
2015,Stormy.Pass,219,13,30,mixtus,queen,1,Senecio.bigelovii,Asteraceae
2015,Stormy.Pass,219,13,30,mixtus,worker,1,Heliomeris.multiflora,Asteraceae
2015,Stormy.Pass,219,13,30,mixtus,worker,1,Senecio.bigelovii,Asteraceae
2015,Stormy.Pass,219,13,30,rufocinctus,worker,2,Heliomeris.multiflora,Asteraceae
2015,Stormy.Pass,219,13,30,sylvicola,worker,1,Heliomeris.multiflora,Asteraceae
2015,Stormy.Pass,229,13,60,appositus,male,1,Delphinium.barbeyi,Ranunculaceae
2015,Stormy.Pass,229,13,60,appositus,male,8,Gentiana.parryi,Gentianaceae
2015,Stormy.Pass,229,13,60,appositus,male,8,Heliomeris.multiflora,Asteraceae
2015,Stormy.Pass,229,13,60,appositus,worker,1,Cirsium.parryi,Asteraceae
2015,Stormy.Pass,229,13,60,appositus,worker,1,Gentiana.parryi,Gentianaceae
2015,Stormy.Pass,229,13,60,bifarius,male,11,Heliomeris.multiflora,Asteraceae
2015,Stormy.Pass,229,13,60,bifarius,worker,4,Heliomeris.multiflora,Asteraceae
2015,Stormy.Pass,229,13,60,californicus,worker,1,Gentiana.parryi,Gentianaceae
2015,Stormy.Pass,229,13,60,flavifrons,male,3,Symphyotrichum.foliaceum,Asteraceae
2015,Stormy.Pass,229,13,60,flavifrons,male,3,Cirsium.parryi,Asteraceae
2015,Stormy.Pass,229,13,60,flavifrons,male,1,Erigeron.speciosus,Asteraceae
2015,Stormy.Pass,229,13,60,flavifrons,male,55,Heliomeris.multiflora,Asteraceae
2015,Stormy.Pass,229,13,60,flavifrons,male,3,Senecio.serra.var.admirabilis,Asteraceae
2015,Stormy.Pass,229,13,60,flavifrons,worker,2,Heliomeris.multiflora,Asteraceae
2015,Stormy.Pass,229,13,60,insularis,male,2,Heliomeris.multiflora,Asteraceae
2015,Stormy.Pass,229,13,60,mixtus,male,2,Heliomeris.multiflora,Asteraceae
2015,Stormy.Pass,229,13,60,rufocinctus,male,1,Erigeron.speciosus,Asteraceae
2015,Stormy.Pass,229,13,60,rufocinctus,male,6,Heliomeris.multiflora,Asteraceae
2015,Stormy.Pass,229,13,60,sylvicola,male,1,Heliomeris.multiflora,Asteraceae
2015,Stormy.Pass,234,14,75,appositus,male,7,Cirsium.parryi,Asteraceae
2015,Stormy.Pass,234,14,75,appositus,male,6,Gentiana.parryi,Gentianaceae
2015,Stormy.Pass,234,14,75,bifarius,male,1,Symphyotrichum.foliaceum,Asteraceae
2015,Stormy.Pass,234,14,75,bifarius,male,9,Heliomeris.multiflora,Asteraceae
2015,Stormy.Pass,234,14,75,bifarius,worker,3,Heliomeris.multiflora,Asteraceae
2015,Stormy.Pass,234,14,75,flavifrons,male,1,Symphyotrichum.foliaceum,Asteraceae
2015,Stormy.Pass,234,14,75,flavifrons,male,12,Cirsium.parryi,Asteraceae
2015,Stormy.Pass,234,14,75,flavifrons,male,1,Erigeron.elatior,Asteraceae
2015,Stormy.Pass,234,14,75,flavifrons,male,67,Heliomeris.multiflora,Asteraceae
2015,Stormy.Pass,234,14,75,flavifrons,male,5,Senecio.serra.var.admirabilis,Asteraceae
2015,Stormy.Pass,234,14,75,insularis,male,1,Symphyotrichum.foliaceum,Asteraceae
2015,Stormy.Pass,234,14,75,insularis,male,8,Heliomeris.multiflora,Asteraceae
2015,Stormy.Pass,234,14,75,mixtus,male,3,Heliomeris.multiflora,Asteraceae
2015,Stormy.Pass,234,14,75,sylvicola,male,1,Heliomeris.multiflora,Asteraceae
2015,Stormy.Pass,245,15,60,appositus,male,1,Gentiana.parryi,Gentianaceae
2015,Stormy.Pass,245,15,60,bifarius,male,8,Heliomeris.multiflora,Asteraceae
2015,Stormy.Pass,245,15,60,flavifrons,male,1,Cirsium.parryi,Asteraceae
2015,Stormy.Pass,245,15,60,flavifrons,male,11,Heliomeris.multiflora,Asteraceae
2015,Stormy.Pass,245,15,60,flavifrons,worker,1,Heliomeris.multiflora,Asteraceae
2015,Stormy.Pass,245,15,60,insularis,male,26,Heliomeris.multiflora,Asteraceae
2015,Stormy.Pass,245,15,60,rufocinctus,male,1,Heliomeris.multiflora,Asteraceae
2015,Stormy.Pass,245,15,60,sylvicola,male,1,Heliomeris.multiflora,Asteraceae
2015,Stormy.Pass,252,16,60,appositus,male,1,Gentiana.parryi,Gentianaceae
2015,Stormy.Pass,252,16,60,insularis,male,2,Heliomeris.multiflora,Asteraceae
2016,Avery.Wash,135,3,60,bifarius,queen,2,Mertensia.fusiformis,Boraginaceae
2016,Avery.Wash,146,4,60,bifarius,queen,1,Mertensia.fusiformis,Boraginaceae
2016,Avery.Wash,146,4,60,bifarius,queen,1,Taraxacum.officinale,Asteraceae
2016,Avery.Wash,155,5,60,bifarius,queen,5,Mertensia.fusiformis,Boraginaceae
2016,Avery.Wash,155,5,60,bifarius,queen,3,Ranunculus.inamoenus,Ranunculaceae
2016,Avery.Wash,155,5,60,bifarius,queen,8,Salix.sp,Salicaceae
2016,Avery.Wash,162,6,60,bifarius,queen,2,Taraxacum.officinale,Asteraceae
2016,Avery.Wash,168,7,60,appositus,queen,1,Delphinium.nuttallianum,Ranunculaceae
2016,Avery.Wash,168,7,60,bifarius,queen,2,Taraxacum.officinale,Asteraceae
2016,Avery.Wash,168,7,60,flavifrons,queen,3,Delphinium.nuttallianum,Ranunculaceae
2016,Avery.Wash,168,7,60,flavifrons,queen,1,Hydrophyllum.fendleri,Hydrophyllaceae
2016,Avery.Wash,168,7,60,flavifrons,queen,1,Taraxacum.officinale,Asteraceae
2016,Avery.Wash,176,8,60,appositus,queen,1,Delphinium.nuttallianum,Ranunculaceae
2016,Avery.Wash,176,8,60,appositus,queen,4,Lathyrus.lanszwertii.var.leucanthus,Fabaceae
2016,Avery.Wash,176,8,60,bifarius,queen,4,Hydrophyllum.fendleri,Hydrophyllaceae
2016,Avery.Wash,176,8,60,bifarius,queen,1,Rubus.idaeus,Rosaceae
2016,Avery.Wash,176,8,60,bifarius,worker,1,Hydrophyllum.fendleri,Hydrophyllaceae
2016,Avery.Wash,176,8,60,flavifrons,queen,2,Delphinium.nuttallianum,Ranunculaceae
2016,Avery.Wash,176,8,60,flavifrons,queen,1,Lonicera.involucrata,Caprifoliaceae
2016,Avery.Wash,176,8,60,flavifrons,queen,4,Hydrophyllum.fendleri,Hydrophyllaceae
2016,Avery.Wash,176,8,60,flavifrons,queen,1,Mertensia.ciliata,Boraginaceae
2016,Avery.Wash,176,8,60,mixtus,queen,1,Hydrophyllum.fendleri,Hydrophyllaceae
2016,Avery.Wash,176,8,60,occidentalis,worker,1,Hydrophyllum.fendleri,Hydrophyllaceae
2016,Avery.Wash,181,9,60,appositus,queen,1,Lathyrus.lanszwertii.var.leucanthus,Fabaceae
2016,Avery.Wash,181,9,60,appositus,queen,1,Vicia.americana,Fabaceae
2016,Avery.Wash,181,9,60,appositus,worker,1,Delphinium.nuttallianum,Ranunculaceae
2016,Avery.Wash,181,9,60,bifarius,queen,1,Delphinium.nuttallianum,Ranunculaceae
2016,Avery.Wash,181,9,60,bifarius,queen,1,Hydrophyllum.fendleri,Hydrophyllaceae
2016,Avery.Wash,181,9,60,flavifrons,queen,1,Delphinium.nuttallianum,Ranunculaceae
2016,Avery.Wash,181,9,60,flavifrons,queen,1,Lonicera.involucrata,Caprifoliaceae
2016,Avery.Wash,181,9,60,flavifrons,queen,5,Hydrophyllum.fendleri,Hydrophyllaceae
2016,Avery.Wash,181,9,60,flavifrons,queen,1,Mertensia.ciliata,Boraginaceae
2016,Avery.Wash,181,9,60,flavifrons,queen,1,Vicia.americana,Fabaceae
2016,Avery.Wash,181,9,60,insularis,queen,1,Hydrophyllum.fendleri,Hydrophyllaceae
2016,Avery.Wash,181,9,60,mixtus,queen,1,Hydrophyllum.fendleri,Hydrophyllaceae
2016,Avery.Wash,181,9,60,sylvicola,worker,1,Hydrophyllum.fendleri,Hydrophyllaceae
2016,Avery.Wash,190,10,60,appositus,worker,3,Vicia.americana,Fabaceae
2016,Avery.Wash,190,10,60,bifarius,worker,2,Hymenoxys.hoopesii,Asteraceae
2016,Avery.Wash,190,10,60,bifarius,worker,3,Helianthella.quinquenervis,Asteraceae
2016,Avery.Wash,190,10,60,bifarius,worker,2,Hydrophyllum.fendleri,Hydrophyllaceae
2016,Avery.Wash,190,10,60,flavifrons,queen,6,Vicia.americana,Fabaceae
2016,Avery.Wash,190,10,60,flavifrons,worker,3,Hydrophyllum.fendleri,Hydrophyllaceae
2016,Avery.Wash,190,10,60,flavifrons,worker,5,Mertensia.ciliata,Boraginaceae
2016,Avery.Wash,190,10,60,flavifrons,worker,1,Vicia.americana,Fabaceae
2016,Avery.Wash,190,10,60,sylvicola,worker,1,Hymenoxys.hoopesii,Asteraceae
2016,Avery.Wash,198,11,60,appositus,queen,1,Delphinium.barbeyi,Ranunculaceae
2016,Avery.Wash,198,11,60,appositus,worker,1,Senecio.bigelovii,Asteraceae
2016,Avery.Wash,198,11,60,bifarius,queen,1,Helianthella.quinquenervis,Asteraceae
2016,Avery.Wash,198,11,60,bifarius,worker,1,Agoseris.aurantiaca,Asteraceae
2016,Avery.Wash,198,11,60,flavifrons,queen,2,Delphinium.barbeyi,Ranunculaceae
2016,Avery.Wash,198,11,60,flavifrons,queen,1,Vicia.americana,Fabaceae
2016,Avery.Wash,198,11,60,flavifrons,worker,1,Cirsium.parryi,Asteraceae
2016,Avery.Wash,198,11,60,flavifrons,worker,3,Delphinium.barbeyi,Ranunculaceae
2016,Avery.Wash,198,11,60,flavifrons,worker,4,Helianthella.quinquenervis,Asteraceae
2016,Avery.Wash,198,11,60,flavifrons,worker,4,Hydrophyllum.fendleri,Hydrophyllaceae
2016,Avery.Wash,198,11,60,flavifrons,worker,4,Senecio.bigelovii,Asteraceae
2016,Avery.Wash,198,11,60,flavifrons,worker,5,Mertensia.ciliata,Boraginaceae
2016,Avery.Wash,198,11,60,flavifrons,worker,1,Vicia.americana,Fabaceae
2016,Avery.Wash,198,11,60,rufocinctus,queen,1,Erigeron.elatior,Asteraceae
2016,Avery.Wash,204,12,60,appositus,male,1,Senecio.bigelovii,Asteraceae
2016,Avery.Wash,204,12,60,appositus,worker,5,Delphinium.barbeyi,Ranunculaceae
2016,Avery.Wash,204,12,60,bifarius,male,1,Senecio.bigelovii,Asteraceae
2016,Avery.Wash,204,12,60,bifarius,queen,1,Agoseris.aurantiaca,Asteraceae
2016,Avery.Wash,204,12,60,bifarius,queen,1,Senecio.bigelovii,Asteraceae
2016,Avery.Wash,204,12,60,bifarius,worker,1,Cirsium.parryi,Asteraceae
2016,Avery.Wash,204,12,60,bifarius,worker,1,Hymenoxys.hoopesii,Asteraceae
2016,Avery.Wash,204,12,60,bifarius,worker,2,Erigeron.elatior,Asteraceae
2016,Avery.Wash,204,12,60,bifarius,worker,4,Helianthella.quinquenervis,Asteraceae
2016,Avery.Wash,204,12,60,bifarius,worker,1,Heterotheca.villosa,Asteraceae
2016,Avery.Wash,204,12,60,bifarius,worker,6,Senecio.bigelovii,Asteraceae
2016,Avery.Wash,204,12,60,flavifrons,male,1,Senecio.bigelovii,Asteraceae
2016,Avery.Wash,204,12,60,flavifrons,queen,4,Delphinium.barbeyi,Ranunculaceae
2016,Avery.Wash,204,12,60,flavifrons,worker,6,Aconitum.columbianum,Ranunculaceae
2016,Avery.Wash,204,12,60,flavifrons,worker,2,Cirsium.parryi,Asteraceae
2016,Avery.Wash,204,12,60,flavifrons,worker,6,Delphinium.barbeyi,Ranunculaceae
2016,Avery.Wash,204,12,60,flavifrons,worker,2,Helianthella.quinquenervis,Asteraceae
2016,Avery.Wash,204,12,60,flavifrons,worker,2,Hydrophyllum.fendleri,Hydrophyllaceae
2016,Avery.Wash,204,12,60,flavifrons,worker,3,Senecio.bigelovii,Asteraceae
2016,Avery.Wash,204,12,60,flavifrons,worker,3,Mertensia.ciliata,Boraginaceae
2016,Avery.Wash,204,12,60,flavifrons,worker,1,Solidago.multiradiata,Asteraceae
2016,Avery.Wash,204,12,60,melanopygus,worker,1,Erigeron.elatior,Asteraceae
2016,Avery.Wash,204,12,60,mixtus,worker,1,Erigeron.elatior,Asteraceae
2016,Avery.Wash,204,12,60,mixtus,worker,2,Senecio.bigelovii,Asteraceae
2016,Avery.Wash,204,12,60,rufocinctus,worker,1,Senecio.bigelovii,Asteraceae
2016,Avery.Wash,204,12,60,sylvicola,worker,1,Delphinium.barbeyi,Ranunculaceae
2016,Avery.Wash,204,12,60,sylvicola,worker,2,Hymenoxys.hoopesii,Asteraceae
2016,Avery.Wash,204,12,60,sylvicola,worker,8,Senecio.bigelovii,Asteraceae
2016,Avery.Wash,204,12,60,sylvicola,worker,1,Trifolium.repens,Fabaceae
2016,Avery.Wash,211,13,60,appositus,worker,12,Delphinium.barbeyi,Ranunculaceae
2016,Avery.Wash,211,13,60,bifarius,male,1,Hymenoxys.hoopesii,Asteraceae
2016,Avery.Wash,211,13,60,bifarius,male,1,Heliomeris.multiflora,Asteraceae
2016,Avery.Wash,211,13,60,bifarius,male,8,Senecio.bigelovii,Asteraceae
2016,Avery.Wash,211,13,60,bifarius,worker,2,Hymenoxys.hoopesii,Asteraceae
2016,Avery.Wash,211,13,60,bifarius,worker,3,Erigeron.elatior,Asteraceae
2016,Avery.Wash,211,13,60,bifarius,worker,3,Heliomeris.multiflora,Asteraceae
2016,Avery.Wash,211,13,60,bifarius,worker,12,Senecio.bigelovii,Asteraceae
2016,Avery.Wash,211,13,60,bifarius,worker,1,Trifolium.repens,Fabaceae
2016,Avery.Wash,211,13,60,flavifrons,male,14,Cirsium.parryi,Asteraceae
2016,Avery.Wash,211,13,60,flavifrons,male,1,Erigeron.elatior,Asteraceae
2016,Avery.Wash,211,13,60,flavifrons,male,11,Senecio.bigelovii,Asteraceae
2016,Avery.Wash,211,13,60,flavifrons,queen,6,Delphinium.barbeyi,Ranunculaceae
2016,Avery.Wash,211,13,60,flavifrons,queen,1,Senecio.bigelovii,Asteraceae
2016,Avery.Wash,211,13,60,flavifrons,worker,2,Cirsium.parryi,Asteraceae
2016,Avery.Wash,211,13,60,flavifrons,worker,6,Delphinium.barbeyi,Ranunculaceae
2016,Avery.Wash,211,13,60,flavifrons,worker,4,Senecio.bigelovii,Asteraceae
2016,Avery.Wash,211,13,60,frigidus,male,1,Hymenoxys.hoopesii,Asteraceae
2016,Avery.Wash,211,13,60,frigidus,male,3,Senecio.bigelovii,Asteraceae
2016,Avery.Wash,211,13,60,melanopygus,worker,1,Senecio.bigelovii,Asteraceae
2016,Avery.Wash,211,13,60,occidentalis,male,1,Senecio.bigelovii,Asteraceae
2016,Avery.Wash,211,13,60,occidentalis,worker,1,Senecio.bigelovii,Asteraceae
2016,Avery.Wash,211,13,60,sylvicola,worker,1,Senecio.bigelovii,Asteraceae
2016,Avery.Wash,215,14,60,appositus,worker,12,Delphinium.barbeyi,Ranunculaceae
2016,Avery.Wash,215,14,60,bifarius,male,1,Hymenoxys.hoopesii,Asteraceae
2016,Avery.Wash,215,14,60,bifarius,male,1,Heliomeris.multiflora,Asteraceae
2016,Avery.Wash,215,14,60,bifarius,male,8,Senecio.bigelovii,Asteraceae
2016,Avery.Wash,215,14,60,bifarius,worker,2,Hymenoxys.hoopesii,Asteraceae
2016,Avery.Wash,215,14,60,bifarius,worker,3,Erigeron.elatior,Asteraceae
2016,Avery.Wash,215,14,60,bifarius,worker,3,Heliomeris.multiflora,Asteraceae
2016,Avery.Wash,215,14,60,bifarius,worker,12,Senecio.bigelovii,Asteraceae
2016,Avery.Wash,215,14,60,bifarius,worker,1,Trifolium.repens,Fabaceae
2016,Avery.Wash,215,14,60,flavifrons,male,14,Cirsium.parryi,Asteraceae
2016,Avery.Wash,215,14,60,flavifrons,male,1,Erigeron.elatior,Asteraceae
2016,Avery.Wash,215,14,60,flavifrons,male,11,Senecio.bigelovii,Asteraceae
2016,Avery.Wash,215,14,60,flavifrons,queen,6,Delphinium.barbeyi,Ranunculaceae
2016,Avery.Wash,215,14,60,flavifrons,queen,1,Senecio.bigelovii,Asteraceae
2016,Avery.Wash,215,14,60,flavifrons,worker,2,Cirsium.parryi,Asteraceae
2016,Avery.Wash,215,14,60,flavifrons,worker,6,Delphinium.barbeyi,Ranunculaceae
2016,Avery.Wash,215,14,60,flavifrons,worker,4,Senecio.bigelovii,Asteraceae
2016,Avery.Wash,215,14,60,frigidus,male,1,Hymenoxys.hoopesii,Asteraceae
2016,Avery.Wash,215,14,60,frigidus,male,3,Senecio.bigelovii,Asteraceae
2016,Avery.Wash,215,14,60,melanopygus,worker,1,Senecio.bigelovii,Asteraceae
2016,Avery.Wash,215,14,60,occidentalis,male,1,Senecio.bigelovii,Asteraceae
2016,Avery.Wash,215,14,60,occidentalis,worker,1,Senecio.bigelovii,Asteraceae
2016,Avery.Wash,215,14,60,sylvicola,worker,1,Senecio.bigelovii,Asteraceae
2016,Avery.Wash,226,15,60,bifarius,male,1,Erigeron.elatior,Asteraceae
2016,Avery.Wash,226,15,60,bifarius,male,36,Heliomeris.multiflora,Asteraceae
2016,Avery.Wash,226,15,60,bifarius,worker,5,Heliomeris.multiflora,Asteraceae
2016,Avery.Wash,226,15,60,bifarius,worker,1,Trifolium.repens,Fabaceae
2016,Avery.Wash,226,15,60,flavifrons,male,13,Cirsium.parryi,Asteraceae
2016,Avery.Wash,226,15,60,flavifrons,male,1,Erigeron.elatior,Asteraceae
2016,Avery.Wash,226,15,60,flavifrons,male,11,Heliomeris.multiflora,Asteraceae
2016,Avery.Wash,226,15,60,flavifrons,male,11,Senecio.serra.var.admirabilis,Asteraceae
2016,Avery.Wash,226,15,60,flavifrons,male,1,Trifolium.repens,Fabaceae
2016,Avery.Wash,226,15,60,flavifrons,worker,1,Cirsium.parryi,Asteraceae
2016,Avery.Wash,226,15,60,flavifrons,worker,1,Delphinium.barbeyi,Ranunculaceae
2016,Avery.Wash,226,15,60,frigidus,male,4,Heliomeris.multiflora,Asteraceae
2016,Avery.Wash,226,15,60,insularis,male,2,Cirsium.parryi,Asteraceae
2016,Avery.Wash,226,15,60,insularis,male,31,Heliomeris.multiflora,Asteraceae
2016,Avery.Wash,226,15,60,mixtus,male,1,Hymenoxys.hoopesii,Asteraceae
2016,Avery.Wash,226,15,60,mixtus,male,8,Heliomeris.multiflora,Asteraceae
2016,Avery.Wash,226,15,60,sylvicola,male,4,Heliomeris.multiflora,Asteraceae
2016,Avery.Wash,237,16,60,appositus,male,1,Gentiana.parryi,Gentianaceae
2016,Avery.Wash,237,16,60,bifarius,male,11,Heliomeris.multiflora,Asteraceae
2016,Avery.Wash,237,16,60,flavifrons,male,3,Cirsium.parryi,Asteraceae
2016,Avery.Wash,237,16,60,flavifrons,male,1,Erigeron.elatior,Asteraceae
2016,Avery.Wash,237,16,60,flavifrons,male,10,Heliomeris.multiflora,Asteraceae
2016,Avery.Wash,237,16,60,flavifrons,worker,1,Cirsium.parryi,Asteraceae
2016,Avery.Wash,237,16,60,insularis,male,1,Hymenoxys.hoopesii,Asteraceae
2016,Avery.Wash,237,16,60,insularis,male,22,Heliomeris.multiflora,Asteraceae
2016,Avery.Wash,237,16,60,mixtus,male,1,Heliomeris.multiflora,Asteraceae
2016,Avery.Wash,250,17,60,appositus,male,1,Gentiana.parryi,Gentianaceae
2016,Avery.Wash,250,17,60,bifarius,male,1,Heliomeris.multiflora,Asteraceae
2016,Copper.Creek,135,3,60,bifarius,queen,1,Claytonia.lanceolata,Montiaceae
2016,Copper.Creek,135,3,60,bifarius,queen,3,Mertensia.fusiformis,Boraginaceae
2016,Copper.Creek,143,4,60,bifarius,queen,2,Claytonia.lanceolata,Montiaceae
2016,Copper.Creek,143,4,60,bifarius,queen,3,Mertensia.fusiformis,Boraginaceae
2016,Copper.Creek,151,5,60,bifarius,queen,1,Claytonia.lanceolata,Montiaceae
2016,Copper.Creek,151,5,60,californicus,queen,1,Mertensia.fusiformis,Boraginaceae
2016,Copper.Creek,151,5,60,insularis,queen,1,Claytonia.lanceolata,Montiaceae
2016,Copper.Creek,158,6,60,appositus,queen,4,Delphinium.nuttallianum,Ranunculaceae
2016,Copper.Creek,158,6,60,bifarius,queen,3,Mertensia.fusiformis,Boraginaceae
2016,Copper.Creek,158,6,60,bifarius,queen,1,Salix.sp,Salicaceae
2016,Copper.Creek,158,6,60,californicus,queen,3,Delphinium.nuttallianum,Ranunculaceae
2016,Copper.Creek,158,6,60,californicus,queen,1,Mertensia.fusiformis,Boraginaceae
2016,Copper.Creek,158,6,60,centralis,queen,1,Mertensia.fusiformis,Boraginaceae
2016,Copper.Creek,158,6,60,flavifrons,queen,1,Hydrophyllum.capitatum,Hydrophyllaceae
2016,Copper.Creek,158,6,60,flavifrons,queen,1,Mertensia.fusiformis,Boraginaceae
2016,Copper.Creek,158,6,60,flavifrons,worker,1,Mertensia.fusiformis,Boraginaceae
2016,Copper.Creek,158,6,60,rufocinctus,queen,1,Mertensia.fusiformis,Boraginaceae
2016,Copper.Creek,166,7,60,appositus,queen,14,Delphinium.nuttallianum,Ranunculaceae
2016,Copper.Creek,166,7,60,bifarius,queen,2,Hydrophyllum.capitatum,Hydrophyllaceae
2016,Copper.Creek,166,7,60,bifarius,queen,2,Lupinus.sericeus.var.sericeus,Fabaceae
2016,Copper.Creek,166,7,60,bifarius,queen,1,Taraxacum.officinale,Asteraceae
2016,Copper.Creek,166,7,60,californicus,queen,3,Delphinium.nuttallianum,Ranunculaceae
2016,Copper.Creek,166,7,60,californicus,queen,2,Lathyrus.lanszwertii.var.leucanthus,Fabaceae
2016,Copper.Creek,166,7,60,californicus,queen,1,Lupinus.sericeus.var.sericeus,Fabaceae
2016,Copper.Creek,166,7,60,flavifrons,queen,4,Delphinium.nuttallianum,Ranunculaceae
2016,Copper.Creek,166,7,60,flavifrons,queen,2,Hydrophyllum.capitatum,Hydrophyllaceae
2016,Copper.Creek,166,7,60,flavifrons,queen,3,Hydrophyllum.fendleri,Hydrophyllaceae
2016,Copper.Creek,166,7,60,flavifrons,worker,4,Delphinium.nuttallianum,Ranunculaceae
2016,Copper.Creek,166,7,60,rufocinctus,queen,1,Viola.nuttallii,Violaceae
2016,Copper.Creek,173,8,60,appositus,queen,8,Delphinium.nuttallianum,Ranunculaceae
2016,Copper.Creek,173,8,60,appositus,worker,1,Delphinium.nuttallianum,Ranunculaceae
2016,Copper.Creek,173,8,60,bifarius,queen,6,Hydrophyllum.fendleri,Hydrophyllaceae
2016,Copper.Creek,173,8,60,bifarius,queen,1,Lupinus.sericeus.var.sericeus,Fabaceae
2016,Copper.Creek,173,8,60,californicus,queen,1,Delphinium.nuttallianum,Ranunculaceae
2016,Copper.Creek,173,8,60,californicus,queen,1,Lathyrus.lanszwertii.var.leucanthus,Fabaceae
2016,Copper.Creek,173,8,60,flavifrons,queen,1,Frasera.speciosa,Gentianaceae
2016,Copper.Creek,173,8,60,flavifrons,queen,1,Hydrophyllum.fendleri,Hydrophyllaceae
2016,Copper.Creek,173,8,60,insularis,queen,2,Hydrophyllum.fendleri,Hydrophyllaceae
2016,Copper.Creek,173,8,60,rufocinctus,queen,2,Lupinus.sericeus.var.sericeus,Fabaceae
2016,Copper.Creek,173,8,60,sylvicola,queen,1,Frasera.speciosa,Gentianaceae
2016,Copper.Creek,179,9,60,appositus,worker,1,Vicia.americana,Fabaceae
2016,Copper.Creek,179,9,60,bifarius,queen,3,Frasera.speciosa,Gentianaceae
2016,Copper.Creek,179,9,60,bifarius,queen,3,Hydrophyllum.fendleri,Hydrophyllaceae
2016,Copper.Creek,179,9,60,bifarius,queen,1,Lupinus.sericeus.var.sericeus,Fabaceae
2016,Copper.Creek,179,9,60,centralis,queen,2,Hydrophyllum.fendleri,Hydrophyllaceae
2016,Copper.Creek,179,9,60,flavifrons,queen,3,Hydrophyllum.fendleri,Hydrophyllaceae
2016,Copper.Creek,179,9,60,flavifrons,queen,1,Lathyrus.lanszwertii.var.leucanthus,Fabaceae
2016,Copper.Creek,179,9,60,flavifrons,queen,1,Vicia.americana,Fabaceae
2016,Copper.Creek,179,9,60,insularis,queen,3,Hydrophyllum.fendleri,Hydrophyllaceae
2016,Copper.Creek,179,9,60,rufocinctus,queen,1,Frasera.speciosa,Gentianaceae
2016,Copper.Creek,187,10,60,appositus,worker,2,Lathyrus.lanszwertii.var.leucanthus,Fabaceae
2016,Copper.Creek,187,10,60,bifarius,queen,1,Hymenoxys.hoopesii,Asteraceae
2016,Copper.Creek,187,10,60,bifarius,queen,1,Hydrophyllum.fendleri,Hydrophyllaceae
2016,Copper.Creek,187,10,60,bifarius,queen,1,Lupinus.sericeus.var.sericeus,Fabaceae
2016,Copper.Creek,187,10,60,bifarius,worker,1,Hydrophyllum.fendleri,Hydrophyllaceae
2016,Copper.Creek,187,10,60,californicus,queen,1,Lathyrus.lanszwertii.var.leucanthus,Fabaceae
2016,Copper.Creek,187,10,60,flavifrons,queen,1,Delphinium.barbeyi,Ranunculaceae
2016,Copper.Creek,187,10,60,flavifrons,queen,1,Hydrophyllum.fendleri,Hydrophyllaceae
2016,Copper.Creek,187,10,60,flavifrons,queen,1,Lathyrus.lanszwertii.var.leucanthus,Fabaceae
2016,Copper.Creek,187,10,60,flavifrons,queen,1,Vicia.americana,Fabaceae
2016,Copper.Creek,187,10,60,flavifrons,worker,1,Phacelia.heterophylla,Boraginaceae
2016,Copper.Creek,187,10,60,insularis,queen,2,Helianthella.quinquenervis,Asteraceae
2016,Copper.Creek,187,10,60,insularis,queen,1,Hydrophyllum.fendleri,Hydrophyllaceae
2016,Copper.Creek,187,10,60,rufocinctus,queen,2,Hydrophyllum.fendleri,Hydrophyllaceae
2016,Copper.Creek,197,11,60,appositus,male,1,Delphinium.barbeyi,Ranunculaceae
2016,Copper.Creek,197,11,60,appositus,queen,1,Delphinium.barbeyi,Ranunculaceae
2016,Copper.Creek,197,11,60,appositus,worker,6,Delphinium.barbeyi,Ranunculaceae
2016,Copper.Creek,197,11,60,bifarius,male,1,Hymenoxys.hoopesii,Asteraceae
2016,Copper.Creek,197,11,60,bifarius,male,2,Helianthella.quinquenervis,Asteraceae
2016,Copper.Creek,197,11,60,bifarius,queen,2,Helianthella.quinquenervis,Asteraceae
2016,Copper.Creek,197,11,60,bifarius,worker,2,Helianthella.quinquenervis,Asteraceae
2016,Copper.Creek,197,11,60,californicus,worker,1,Delphinium.barbeyi,Ranunculaceae
2016,Copper.Creek,197,11,60,flavifrons,queen,2,Delphinium.barbeyi,Ranunculaceae
2016,Copper.Creek,197,11,60,flavifrons,queen,1,Vicia.americana,Fabaceae
2016,Copper.Creek,197,11,60,flavifrons,worker,1,Delphinium.barbeyi,Ranunculaceae
2016,Copper.Creek,197,11,60,flavifrons,worker,4,Helianthella.quinquenervis,Asteraceae
2016,Copper.Creek,197,11,60,flavifrons,worker,3,Phacelia.heterophylla,Boraginaceae
2016,Copper.Creek,197,11,60,insularis,queen,4,Helianthella.quinquenervis,Asteraceae
2016,Copper.Creek,197,11,60,melanopygus,queen,1,Helianthella.quinquenervis,Asteraceae
2016,Copper.Creek,197,11,60,nevadensis,queen,1,Delphinium.barbeyi,Ranunculaceae
2016,Copper.Creek,197,11,60,nevadensis,worker,1,Delphinium.barbeyi,Ranunculaceae
2016,Copper.Creek,197,11,60,sylvicola,worker,1,Helianthella.quinquenervis,Asteraceae
2016,Copper.Creek,202,12,60,appositus,queen,2,Delphinium.barbeyi,Ranunculaceae
2016,Copper.Creek,202,12,60,appositus,queen,1,Pedicularis.procera,Orobanchaceae
2016,Copper.Creek,202,12,60,appositus,worker,16,Delphinium.barbeyi,Ranunculaceae
2016,Copper.Creek,202,12,60,bifarius,male,1,Helianthella.quinquenervis,Asteraceae
2016,Copper.Creek,202,12,60,bifarius,male,2,Heliomeris.multiflora,Asteraceae
2016,Copper.Creek,202,12,60,bifarius,queen,3,Hymenoxys.hoopesii,Asteraceae
2016,Copper.Creek,202,12,60,bifarius,queen,6,Helianthella.quinquenervis,Asteraceae
2016,Copper.Creek,202,12,60,bifarius,queen,1,Phacelia.heterophylla,Boraginaceae
2016,Copper.Creek,202,12,60,bifarius,worker,5,Helianthella.quinquenervis,Asteraceae
2016,Copper.Creek,202,12,60,flavifrons,queen,4,Delphinium.barbeyi,Ranunculaceae
2016,Copper.Creek,202,12,60,flavifrons,worker,5,Delphinium.barbeyi,Ranunculaceae
2016,Copper.Creek,202,12,60,flavifrons,worker,1,Helianthella.quinquenervis,Asteraceae
2016,Copper.Creek,202,12,60,flavifrons,worker,1,Heliomeris.multiflora,Asteraceae
2016,Copper.Creek,202,12,60,insularis,male,1,Hymenoxys.hoopesii,Asteraceae
2016,Copper.Creek,202,12,60,insularis,queen,1,Hymenoxys.hoopesii,Asteraceae
2016,Copper.Creek,202,12,60,insularis,queen,3,Helianthella.quinquenervis,Asteraceae
2016,Copper.Creek,202,12,60,nevadensis,worker,3,Delphinium.barbeyi,Ranunculaceae
2016,Copper.Creek,202,12,60,occidentalis,worker,1,Pyrrocoma.crocea,Asteraceae
2016,Copper.Creek,202,12,60,rufocinctus,queen,1,Helianthella.quinquenervis,Asteraceae
2016,Copper.Creek,209,13,60,appositus,worker,17,Delphinium.barbeyi,Ranunculaceae
2016,Copper.Creek,209,13,60,bifarius,male,1,Hymenoxys.hoopesii,Asteraceae
2016,Copper.Creek,209,13,60,bifarius,male,1,Erigeron.elatior,Asteraceae
2016,Copper.Creek,209,13,60,bifarius,male,1,Heliomeris.multiflora,Asteraceae
2016,Copper.Creek,209,13,60,bifarius,queen,3,Hymenoxys.hoopesii,Asteraceae
2016,Copper.Creek,209,13,60,bifarius,queen,1,Senecio.bigelovii,Asteraceae
2016,Copper.Creek,209,13,60,bifarius,worker,1,Campanula.rotundifolia,Campanulaceae
2016,Copper.Creek,209,13,60,bifarius,worker,2,Hymenoxys.hoopesii,Asteraceae
2016,Copper.Creek,209,13,60,flavifrons,male,1,Heliomeris.multiflora,Asteraceae
2016,Copper.Creek,209,13,60,flavifrons,queen,4,Delphinium.barbeyi,Ranunculaceae
2016,Copper.Creek,209,13,60,flavifrons,worker,1,Aconitum.columbianum,Ranunculaceae
2016,Copper.Creek,209,13,60,flavifrons,worker,2,Delphinium.barbeyi,Ranunculaceae
2016,Copper.Creek,209,13,60,insularis,male,1,Hymenoxys.hoopesii,Asteraceae
2016,Copper.Creek,209,13,60,insularis,male,7,Senecio.bigelovii,Asteraceae
2016,Copper.Creek,209,13,60,insularis,queen,2,Hymenoxys.hoopesii,Asteraceae
2016,Copper.Creek,209,13,60,insularis,queen,2,Heterotheca.villosa,Asteraceae
2016,Copper.Creek,209,13,60,rufocinctus,worker,1,Erigeron.elatior,Asteraceae
2016,Copper.Creek,214,14,60,appositus,male,7,Delphinium.barbeyi,Ranunculaceae
2016,Copper.Creek,214,14,60,appositus,queen,1,Delphinium.barbeyi,Ranunculaceae
2016,Copper.Creek,214,14,60,appositus,worker,3,Delphinium.barbeyi,Ranunculaceae
2016,Copper.Creek,214,14,60,bifarius,male,7,Heliomeris.multiflora,Asteraceae
2016,Copper.Creek,214,14,60,bifarius,male,3,Senecio.bigelovii,Asteraceae
2016,Copper.Creek,214,14,60,bifarius,worker,1,Erigeron.speciosus,Asteraceae
2016,Copper.Creek,214,14,60,bifarius,worker,4,Heliomeris.multiflora,Asteraceae
2016,Copper.Creek,214,14,60,bifarius,worker,2,Senecio.bigelovii,Asteraceae
2016,Copper.Creek,214,14,60,flavifrons,male,1,Senecio.bigelovii,Asteraceae
2016,Copper.Creek,214,14,60,flavifrons,queen,3,Delphinium.barbeyi,Ranunculaceae
2016,Copper.Creek,214,14,60,flavifrons,worker,2,Aconitum.columbianum,Ranunculaceae
2016,Copper.Creek,214,14,60,flavifrons,worker,1,Delphinium.barbeyi,Ranunculaceae
2016,Copper.Creek,214,14,60,insularis,male,9,Heliomeris.multiflora,Asteraceae
2016,Copper.Creek,214,14,60,insularis,male,19,Senecio.bigelovii,Asteraceae
2016,Copper.Creek,214,14,60,insularis,queen,1,Hymenoxys.hoopesii,Asteraceae
2016,Copper.Creek,214,14,60,insularis,queen,1,Senecio.bigelovii,Asteraceae
2016,Copper.Creek,214,14,60,rufocinctus,worker,1,Heliomeris.multiflora,Asteraceae
2016,Copper.Creek,224,15,60,appositus,male,1,Gentiana.parryi,Gentianaceae
2016,Copper.Creek,224,15,60,bifarius,male,3,Heliomeris.multiflora,Asteraceae
2016,Copper.Creek,224,15,60,bifarius,worker,1,Erigeron.elatior,Asteraceae
2016,Copper.Creek,224,15,60,bifarius,worker,8,Heliomeris.multiflora,Asteraceae
2016,Copper.Creek,224,15,60,flavifrons,male,2,Erigeron.elatior,Asteraceae
2016,Copper.Creek,224,15,60,flavifrons,male,2,Heliomeris.multiflora,Asteraceae
2016,Copper.Creek,224,15,60,flavifrons,worker,1,Aconitum.columbianum,Ranunculaceae
2016,Copper.Creek,224,15,60,insularis,male,10,Erigeron.elatior,Asteraceae
2016,Copper.Creek,224,15,60,insularis,male,94,Heliomeris.multiflora,Asteraceae
2016,Copper.Creek,224,15,60,insularis,male,13,Senecio.bigelovii,Asteraceae
2016,Copper.Creek,224,15,60,rufocinctus,male,1,Erigeron.elatior,Asteraceae
2016,Copper.Creek,232,16,60,balteatus,male,1,Heliomeris.multiflora,Asteraceae
2016,Copper.Creek,232,16,60,bifarius,male,10,Heliomeris.multiflora,Asteraceae
2016,Copper.Creek,232,16,60,bifarius,queen,1,Heliomeris.multiflora,Asteraceae
2016,Copper.Creek,232,16,60,bifarius,worker,30,Heliomeris.multiflora,Asteraceae
2016,Copper.Creek,232,16,60,flavifrons,male,4,Heliomeris.multiflora,Asteraceae
2016,Copper.Creek,232,16,60,flavifrons,worker,4,Heliomeris.multiflora,Asteraceae
2016,Copper.Creek,232,16,60,insularis,male,17,Heliomeris.multiflora,Asteraceae
2016,Copper.Creek,232,16,60,mixtus,worker,1,Heliomeris.multiflora,Asteraceae
2016,Copper.Creek,232,16,60,occidentalis,worker,1,Heliomeris.multiflora,Asteraceae
2016,Copper.Creek,232,16,60,rufocinctus,male,2,Heliomeris.multiflora,Asteraceae
2016,Copper.Creek,232,16,60,rufocinctus,worker,1,Heliomeris.multiflora,Asteraceae
2016,Copper.Creek,246,17,60,appositus,male,1,Gentiana.parryi,Gentianaceae
2016,Copper.Creek,246,17,60,bifarius,male,13,Heliomeris.multiflora,Asteraceae
2016,Copper.Creek,246,17,60,bifarius,worker,1,Heliomeris.multiflora,Asteraceae
2016,Copper.Creek,246,17,60,californicus,male,1,Agoseris.glauca,Asteraceae
2016,Copper.Creek,246,17,60,insularis,male,1,Agoseris.glauca,Asteraceae
2016,Copper.Creek,246,17,60,insularis,male,1,Hymenoxys.hoopesii,Asteraceae
2016,Copper.Creek,246,17,60,insularis,male,56,Heliomeris.multiflora,Asteraceae
2016,Copper.Creek,246,17,60,sylvicola,male,1,Heliomeris.multiflora,Asteraceae
2016,Copper.Creek,256,18,60,insularis,male,3,Heliomeris.multiflora,Asteraceae
2016,Frogs.Pond,134,3,60,bifarius,queen,1,Mertensia.fusiformis,Boraginaceae
2016,Frogs.Pond,134,3,60,bifarius,queen,1,Salix.sp,Salicaceae
2016,Frogs.Pond,143,4,60,bifarius,queen,9,Mertensia.fusiformis,Boraginaceae
2016,Frogs.Pond,143,4,60,californicus,queen,1,Mertensia.fusiformis,Boraginaceae
2016,Frogs.Pond,152,5,60,bifarius,queen,4,Mertensia.fusiformis,Boraginaceae
2016,Frogs.Pond,152,5,60,californicus,queen,1,Salix.sp,Salicaceae
2016,Frogs.Pond,152,5,60,sylvicola,queen,1,Taraxacum.officinale,Asteraceae
2016,Frogs.Pond,160,6,60,bifarius,queen,1,Taraxacum.officinale,Asteraceae
2016,Frogs.Pond,160,6,60,californicus,queen,2,Lathyrus.lanszwertii.var.leucanthus,Fabaceae
2016,Frogs.Pond,160,6,60,centralis,queen,2,Hydrophyllum.fendleri,Hydrophyllaceae
2016,Frogs.Pond,160,6,60,flavifrons,queen,5,Hydrophyllum.fendleri,Hydrophyllaceae
2016,Frogs.Pond,160,6,60,flavifrons,queen,1,Lupinus.sericeus.var.sericeus,Fabaceae
2016,Frogs.Pond,160,6,60,rufocinctus,queen,1,Lonicera.involucrata,Caprifoliaceae
2016,Frogs.Pond,166,7,60,bifarius,queen,1,Hydrophyllum.fendleri,Hydrophyllaceae
2016,Frogs.Pond,166,7,60,bifarius,queen,6,Lupinus.sericeus.var.sericeus,Fabaceae
2016,Frogs.Pond,166,7,60,flavifrons,queen,3,Hydrophyllum.fendleri,Hydrophyllaceae
2016,Frogs.Pond,166,7,60,flavifrons,queen,2,Lupinus.sericeus.var.sericeus,Fabaceae
2016,Frogs.Pond,166,7,60,flavifrons,worker,1,Hydrophyllum.fendleri,Hydrophyllaceae
2016,Frogs.Pond,166,7,60,frigidus,queen,1,Senecio.serra.var.admirabilis,Asteraceae
2016,Frogs.Pond,166,7,60,insularis,queen,2,Frasera.speciosa,Gentianaceae
2016,Frogs.Pond,166,7,60,insularis,queen,2,Mertensia.fusiformis,Boraginaceae
2016,Frogs.Pond,166,7,60,mixtus,queen,1,Lupinus.sericeus.var.sericeus,Fabaceae
2016,Frogs.Pond,166,7,60,rufocinctus,queen,2,Lupinus.sericeus.var.sericeus,Fabaceae
2016,Frogs.Pond,173,8,60,appositus,queen,1,Lathyrus.lanszwertii.var.leucanthus,Fabaceae
2016,Frogs.Pond,173,8,60,appositus,queen,1,Lupinus.sericeus.var.sericeus,Fabaceae
2016,Frogs.Pond,173,8,60,bifarius,queen,3,Lupinus.sericeus.var.sericeus,Fabaceae
2016,Frogs.Pond,173,8,60,californicus,queen,1,Lathyrus.lanszwertii.var.leucanthus,Fabaceae
2016,Frogs.Pond,173,8,60,flavifrons,queen,2,Hydrophyllum.fendleri,Hydrophyllaceae
2016,Frogs.Pond,173,8,60,flavifrons,queen,1,Senecio.serra.var.admirabilis,Asteraceae
2016,Frogs.Pond,173,8,60,insularis,queen,2,Hydrophyllum.fendleri,Hydrophyllaceae
2016,Frogs.Pond,173,8,60,nevadensis,queen,1,Lathyrus.lanszwertii.var.leucanthus,Fabaceae
2016,Frogs.Pond,173,8,60,rufocinctus,queen,4,Lupinus.sericeus.var.sericeus,Fabaceae
2016,Frogs.Pond,173,8,60,rufocinctus,queen,1,Vicia.americana,Fabaceae
2016,Frogs.Pond,173,8,60,rufocinctus,worker,1,Hydrophyllum.fendleri,Hydrophyllaceae
2016,Frogs.Pond,179,9,60,flavifrons,queen,1,Hydrophyllum.fendleri,Hydrophyllaceae
2016,Frogs.Pond,179,9,60,insularis,queen,1,Hydrophyllum.fendleri,Hydrophyllaceae
2016,Frogs.Pond,179,9,60,occidentalis,queen,1,Lupinus.sericeus.var.sericeus,Fabaceae
2016,Frogs.Pond,179,9,60,rufocinctus,queen,1,Hydrophyllum.fendleri,Hydrophyllaceae
2016,Frogs.Pond,179,9,60,rufocinctus,queen,3,Lupinus.sericeus.var.sericeus,Fabaceae
2016,Frogs.Pond,188,10,60,appositus,queen,1,Delphinium.barbeyi,Ranunculaceae
2016,Frogs.Pond,188,10,60,appositus,queen,1,Vicia.americana,Fabaceae
2016,Frogs.Pond,188,10,60,appositus,worker,1,Vicia.americana,Fabaceae
2016,Frogs.Pond,188,10,60,bifarius,queen,1,Hydrophyllum.fendleri,Hydrophyllaceae
2016,Frogs.Pond,188,10,60,bifarius,worker,1,Mertensia.ciliata,Boraginaceae
2016,Frogs.Pond,188,10,60,californicus,worker,1,Vicia.americana,Fabaceae
2016,Frogs.Pond,188,10,60,flavifrons,queen,4,Vicia.americana,Fabaceae
2016,Frogs.Pond,188,10,60,flavifrons,worker,3,Hydrophyllum.fendleri,Hydrophyllaceae
2016,Frogs.Pond,188,10,60,insularis,queen,1,Hydrophyllum.fendleri,Hydrophyllaceae
2016,Frogs.Pond,188,10,60,nevadensis,queen,1,Vicia.americana,Fabaceae
2016,Frogs.Pond,195,11,60,appositus,queen,3,Delphinium.barbeyi,Ranunculaceae
2016,Frogs.Pond,195,11,60,appositus,queen,1,Vicia.americana,Fabaceae
2016,Frogs.Pond,195,11,60,appositus,worker,10,Delphinium.barbeyi,Ranunculaceae
2016,Frogs.Pond,195,11,60,appositus,worker,2,Linaria.vulgaris,Plantaginaceae
2016,Frogs.Pond,195,11,60,appositus,worker,2,Vicia.americana,Fabaceae
2016,Frogs.Pond,195,11,60,bifarius,queen,2,Helianthella.quinquenervis,Asteraceae
2016,Frogs.Pond,195,11,60,bifarius,worker,6,Helianthella.quinquenervis,Asteraceae
2016,Frogs.Pond,195,11,60,bifarius,worker,1,Lupinus.sericeus.var.sericeus,Fabaceae
2016,Frogs.Pond,195,11,60,californicus,worker,1,Delphinium.barbeyi,Ranunculaceae
2016,Frogs.Pond,195,11,60,californicus,worker,1,Vicia.americana,Fabaceae
2016,Frogs.Pond,195,11,60,flavifrons,queen,1,Delphinium.barbeyi,Ranunculaceae
2016,Frogs.Pond,195,11,60,flavifrons,worker,1,Vicia.americana,Fabaceae
2016,Frogs.Pond,195,11,60,melanopygus,worker,2,Helianthella.quinquenervis,Asteraceae
2016,Frogs.Pond,195,11,60,rufocinctus,worker,1,Helianthella.quinquenervis,Asteraceae
2016,Frogs.Pond,200,12,60,appositus,queen,1,Delphinium.barbeyi,Ranunculaceae
2016,Frogs.Pond,200,12,60,appositus,worker,4,Delphinium.barbeyi,Ranunculaceae
2016,Frogs.Pond,200,12,60,bifarius,male,1,Pyrrocoma.crocea,Asteraceae
2016,Frogs.Pond,200,12,60,bifarius,worker,1,Hackelia.floribunda,Boraginaceae
2016,Frogs.Pond,200,12,60,bifarius,worker,11,Helianthella.quinquenervis,Asteraceae
2016,Frogs.Pond,200,12,60,bifarius,worker,2,Heracleum.maximum,Apiaceae
2016,Frogs.Pond,200,12,60,californicus,worker,2,Vicia.americana,Fabaceae
2016,Frogs.Pond,200,12,60,flavifrons,male,1,Helianthella.quinquenervis,Asteraceae
2016,Frogs.Pond,200,12,60,flavifrons,queen,3,Delphinium.barbeyi,Ranunculaceae
2016,Frogs.Pond,200,12,60,flavifrons,worker,3,Delphinium.barbeyi,Ranunculaceae
2016,Frogs.Pond,200,12,60,flavifrons,worker,1,Helianthella.quinquenervis,Asteraceae
2016,Frogs.Pond,200,12,60,frigidus,male,2,Helianthella.quinquenervis,Asteraceae
2016,Frogs.Pond,200,12,60,frigidus,queen,1,Helianthella.quinquenervis,Asteraceae
2016,Frogs.Pond,200,12,60,melanopygus,worker,1,Helianthella.quinquenervis,Asteraceae
2016,Frogs.Pond,200,12,60,rufocinctus,queen,2,Helianthella.quinquenervis,Asteraceae
2016,Frogs.Pond,200,12,60,rufocinctus,worker,1,Erigeron.elatior,Asteraceae
2016,Frogs.Pond,200,12,60,rufocinctus,worker,5,Helianthella.quinquenervis,Asteraceae
2016,Frogs.Pond,200,12,60,rufocinctus,worker,1,Thalictrum.fendleri,Ranunculaceae
2016,Frogs.Pond,200,12,60,sylvicola,worker,1,Helianthella.quinquenervis,Asteraceae
2016,Frogs.Pond,209,13,60,appositus,worker,2,Linaria.vulgaris,Plantaginaceae
2016,Frogs.Pond,209,13,60,bifarius,queen,1,Senecio.bigelovii,Asteraceae
2016,Frogs.Pond,209,13,60,bifarius,worker,1,Symphyotrichum.foliaceum,Asteraceae
2016,Frogs.Pond,209,13,60,bifarius,worker,2,Erigeron.elatior,Asteraceae
2016,Frogs.Pond,209,13,60,bifarius,worker,4,Erigeron.speciosus,Asteraceae
2016,Frogs.Pond,209,13,60,bifarius,worker,8,Heliomeris.multiflora,Asteraceae
2016,Frogs.Pond,209,13,60,bifarius,worker,1,Senecio.bigelovii,Asteraceae
2016,Frogs.Pond,209,13,60,californicus,worker,1,Delphinium.barbeyi,Ranunculaceae
2016,Frogs.Pond,209,13,60,flavifrons,male,2,Cirsium.parryi,Asteraceae
2016,Frogs.Pond,209,13,60,flavifrons,queen,1,Delphinium.barbeyi,Ranunculaceae
2016,Frogs.Pond,209,13,60,flavifrons,worker,3,Cirsium.parryi,Asteraceae
2016,Frogs.Pond,209,13,60,flavifrons,worker,1,Delphinium.barbeyi,Ranunculaceae
2016,Frogs.Pond,209,13,60,frigidus,worker,1,Erigeron.elatior,Asteraceae
2016,Frogs.Pond,209,13,60,insularis,male,1,Erigeron.elatior,Asteraceae
2016,Frogs.Pond,209,13,60,insularis,male,2,Senecio.bigelovii,Asteraceae
2016,Frogs.Pond,209,13,60,nevadensis,worker,1,Delphinium.barbeyi,Ranunculaceae
2016,Frogs.Pond,209,13,60,occidentalis,queen,2,Vicia.americana,Fabaceae
2016,Frogs.Pond,209,13,60,rufocinctus,queen,1,Senecio.bigelovii,Asteraceae
2016,Frogs.Pond,209,13,60,rufocinctus,worker,1,Linaria.vulgaris,Plantaginaceae
2016,Frogs.Pond,214,14,60,appositus,worker,2,Linaria.vulgaris,Plantaginaceae
2016,Frogs.Pond,214,14,60,bifarius,queen,1,Senecio.bigelovii,Asteraceae
2016,Frogs.Pond,214,14,60,bifarius,worker,1,Symphyotrichum.foliaceum,Asteraceae
2016,Frogs.Pond,214,14,60,bifarius,worker,2,Erigeron.elatior,Asteraceae
2016,Frogs.Pond,214,14,60,bifarius,worker,4,Erigeron.speciosus,Asteraceae
2016,Frogs.Pond,214,14,60,bifarius,worker,8,Heliomeris.multiflora,Asteraceae
2016,Frogs.Pond,214,14,60,bifarius,worker,1,Senecio.bigelovii,Asteraceae
2016,Frogs.Pond,214,14,60,californicus,worker,1,Delphinium.barbeyi,Ranunculaceae
2016,Frogs.Pond,214,14,60,flavifrons,male,2,Cirsium.parryi,Asteraceae
2016,Frogs.Pond,214,14,60,flavifrons,queen,1,Delphinium.barbeyi,Ranunculaceae
2016,Frogs.Pond,214,14,60,flavifrons,worker,3,Cirsium.parryi,Asteraceae
2016,Frogs.Pond,214,14,60,flavifrons,worker,1,Delphinium.barbeyi,Ranunculaceae
2016,Frogs.Pond,214,14,60,frigidus,worker,1,Erigeron.elatior,Asteraceae
2016,Frogs.Pond,214,14,60,insularis,male,1,Erigeron.elatior,Asteraceae
2016,Frogs.Pond,214,14,60,insularis,male,2,Senecio.bigelovii,Asteraceae
2016,Frogs.Pond,214,14,60,nevadensis,worker,1,Delphinium.barbeyi,Ranunculaceae
2016,Frogs.Pond,214,14,60,occidentalis,queen,2,Vicia.americana,Fabaceae
2016,Frogs.Pond,214,14,60,rufocinctus,queen,1,Senecio.bigelovii,Asteraceae
2016,Frogs.Pond,214,14,60,rufocinctus,worker,1,Linaria.vulgaris,Plantaginaceae
2016,Frogs.Pond,224,15,60,appositus,male,1,Cirsium.parryi,Asteraceae
2016,Frogs.Pond,224,15,60,appositus,male,1,Gentiana.parryi,Gentianaceae
2016,Frogs.Pond,224,15,60,appositus,male,4,Linaria.vulgaris,Plantaginaceae
2016,Frogs.Pond,224,15,60,bifarius,male,1,Symphyotrichum.foliaceum,Asteraceae
2016,Frogs.Pond,224,15,60,bifarius,male,40,Heliomeris.multiflora,Asteraceae
2016,Frogs.Pond,224,15,60,bifarius,worker,6,Heliomeris.multiflora,Asteraceae
2016,Frogs.Pond,224,15,60,bifarius,worker,1,Linaria.vulgaris,Plantaginaceae
2016,Frogs.Pond,224,15,60,bifarius,worker,1,Cymopterus.lemmonii,Apiaceae
2016,Frogs.Pond,224,15,60,flavifrons,male,2,Cirsium.parryi,Asteraceae
2016,Frogs.Pond,224,15,60,flavifrons,male,4,Heliomeris.multiflora,Asteraceae
2016,Frogs.Pond,224,15,60,flavifrons,male,1,Senecio.bigelovii,Asteraceae
2016,Frogs.Pond,224,15,60,flavifrons,queen,1,Heliomeris.multiflora,Asteraceae
2016,Frogs.Pond,224,15,60,flavifrons,worker,1,Trifolium.repens,Fabaceae
2016,Frogs.Pond,224,15,60,insularis,male,6,Symphyotrichum.foliaceum,Asteraceae
2016,Frogs.Pond,224,15,60,insularis,male,3,Ericameria.parryi,Asteraceae
2016,Frogs.Pond,224,15,60,insularis,male,1,Erigeron.elatior,Asteraceae
2016,Frogs.Pond,224,15,60,insularis,male,26,Heliomeris.multiflora,Asteraceae
2016,Frogs.Pond,224,15,60,insularis,male,3,Senecio.bigelovii,Asteraceae
2016,Frogs.Pond,224,15,60,insularis,male,2,Linaria.vulgaris,Plantaginaceae
2016,Frogs.Pond,224,15,60,rufocinctus,male,3,Heliomeris.multiflora,Asteraceae
2016,Frogs.Pond,232,16,60,appositus,male,1,Cirsium.parryi,Asteraceae
2016,Frogs.Pond,232,16,60,appositus,male,6,Ericameria.parryi,Asteraceae
2016,Frogs.Pond,232,16,60,appositus,male,6,Gentiana.parryi,Gentianaceae
2016,Frogs.Pond,232,16,60,appositus,male,3,Linaria.vulgaris,Plantaginaceae
2016,Frogs.Pond,232,16,60,appositus,queen,1,Symphyotrichum.foliaceum,Asteraceae
2016,Frogs.Pond,232,16,60,appositus,worker,2,Gentiana.parryi,Gentianaceae
2016,Frogs.Pond,232,16,60,bifarius,male,2,Ericameria.parryi,Asteraceae
2016,Frogs.Pond,232,16,60,bifarius,male,21,Heliomeris.multiflora,Asteraceae
2016,Frogs.Pond,232,16,60,bifarius,worker,12,Heliomeris.multiflora,Asteraceae
2016,Frogs.Pond,232,16,60,flavifrons,male,4,Symphyotrichum.foliaceum,Asteraceae
2016,Frogs.Pond,232,16,60,flavifrons,male,1,Heliomeris.multiflora,Asteraceae
2016,Frogs.Pond,232,16,60,flavifrons,queen,1,Ericameria.parryi,Asteraceae
2016,Frogs.Pond,232,16,60,flavifrons,worker,1,Symphyotrichum.foliaceum,Asteraceae
2016,Frogs.Pond,232,16,60,insularis,male,4,Symphyotrichum.foliaceum,Asteraceae
2016,Frogs.Pond,232,16,60,insularis,male,8,Ericameria.parryi,Asteraceae
2016,Frogs.Pond,232,16,60,insularis,male,25,Heliomeris.multiflora,Asteraceae
2016,Frogs.Pond,232,16,60,mixtus,male,1,Heliomeris.multiflora,Asteraceae
2016,Frogs.Pond,232,16,60,rufocinctus,male,6,Heliomeris.multiflora,Asteraceae
2016,Frogs.Pond,232,16,60,rufocinctus,male,1,Symphyotrichum.spathulatum,Asteraceae
2016,Frogs.Pond,232,16,60,rufocinctus,worker,3,Heliomeris.multiflora,Asteraceae
2016,Frogs.Pond,250,17,60,bifarius,male,6,Heliomeris.multiflora,Asteraceae
2016,Frogs.Pond,250,17,60,flavifrons,male,1,Heliomeris.multiflora,Asteraceae
2016,Frogs.Pond,250,17,60,insularis,male,2,Ericameria.parryi,Asteraceae
2016,Frogs.Pond,250,17,60,insularis,male,1,Erigeron.elatior,Asteraceae
2016,Frogs.Pond,250,17,60,insularis,male,2,Heliomeris.multiflora,Asteraceae
2016,Frogs.Pond,250,17,60,occidentalis,male,1,Heliomeris.multiflora,Asteraceae
2016,Frogs.Pond,250,17,60,rufocinctus,male,1,Heliomeris.multiflora,Asteraceae
2016,Gothic.Spires,135,3,60,bifarius,queen,1,Erythronium.grandiflorum,Liliaceae
2016,Gothic.Spires,144,4,60,bifarius,queen,2,Claytonia.lanceolata,Montiaceae
2016,Gothic.Spires,144,4,60,bifarius,queen,4,Erythronium.grandiflorum,Liliaceae
2016,Gothic.Spires,144,4,60,bifarius,queen,1,Salix.sp,Salicaceae
2016,Gothic.Spires,155,5,60,bifarius,queen,1,Claytonia.lanceolata,Montiaceae
2016,Gothic.Spires,155,5,60,bifarius,queen,2,Erythronium.grandiflorum,Liliaceae
2016,Gothic.Spires,155,5,60,bifarius,queen,1,Mertensia.fusiformis,Boraginaceae
2016,Gothic.Spires,162,6,60,bifarius,queen,3,Hydrophyllum.capitatum,Hydrophyllaceae
2016,Gothic.Spires,162,6,60,bifarius,queen,12,Taraxacum.officinale,Asteraceae
2016,Gothic.Spires,162,6,60,californicus,queen,1,Delphinium.nuttallianum,Ranunculaceae
2016,Gothic.Spires,162,6,60,flavifrons,queen,2,Hydrophyllum.capitatum,Hydrophyllaceae
2016,Gothic.Spires,162,6,60,flavifrons,worker,1,Hydrophyllum.capitatum,Hydrophyllaceae
2016,Gothic.Spires,162,6,60,nevadensis,queen,1,Mertensia.fusiformis,Boraginaceae
2016,Gothic.Spires,168,7,60,appositus,queen,4,Delphinium.nuttallianum,Ranunculaceae
2016,Gothic.Spires,168,7,60,bifarius,queen,15,Taraxacum.officinale,Asteraceae
2016,Gothic.Spires,168,7,60,bifarius,worker,1,Taraxacum.officinale,Asteraceae
2016,Gothic.Spires,168,7,60,flavifrons,queen,1,Hydrophyllum.capitatum,Hydrophyllaceae
2016,Gothic.Spires,168,7,60,flavifrons,queen,2,Hydrophyllum.fendleri,Hydrophyllaceae
2016,Gothic.Spires,168,7,60,flavifrons,queen,2,Taraxacum.officinale,Asteraceae
2016,Gothic.Spires,168,7,60,insularis,queen,1,Senecio.serra.var.admirabilis,Asteraceae
2016,Gothic.Spires,168,7,60,insularis,queen,1,Taraxacum.officinale,Asteraceae
2016,Gothic.Spires,168,7,60,mixtus,queen,1,Mertensia.ciliata,Boraginaceae
2016,Gothic.Spires,168,7,60,rufocinctus,queen,3,Taraxacum.officinale,Asteraceae
2016,Gothic.Spires,168,7,60,sylvicola,queen,1,Taraxacum.officinale,Asteraceae
2016,Gothic.Spires,176,8,60,bifarius,queen,2,Dodecatheon.pulchellum,Primulaceae
2016,Gothic.Spires,176,8,60,bifarius,queen,1,Hydrophyllum.fendleri,Hydrophyllaceae
2016,Gothic.Spires,176,8,60,bifarius,queen,1,Mertensia.ciliata,Boraginaceae
2016,Gothic.Spires,176,8,60,bifarius,worker,1,Hydrophyllum.fendleri,Hydrophyllaceae
2016,Gothic.Spires,176,8,60,flavifrons,queen,1,Dodecatheon.pulchellum,Primulaceae
2016,Gothic.Spires,176,8,60,flavifrons,queen,4,Hydrophyllum.fendleri,Hydrophyllaceae
2016,Gothic.Spires,176,8,60,flavifrons,queen,1,Mertensia.ciliata,Boraginaceae
2016,Gothic.Spires,176,8,60,flavifrons,worker,1,Hydrophyllum.fendleri,Hydrophyllaceae
2016,Gothic.Spires,176,8,60,insularis,queen,3,Hydrophyllum.fendleri,Hydrophyllaceae
2016,Gothic.Spires,181,9,60,bifarius,queen,1,Lathyrus.lanszwertii.var.leucanthus,Fabaceae
2016,Gothic.Spires,181,9,60,bifarius,queen,1,Vicia.americana,Fabaceae
2016,Gothic.Spires,181,9,60,bifarius,worker,1,Dodecatheon.pulchellum,Primulaceae
2016,Gothic.Spires,181,9,60,bifarius,worker,1,Hydrophyllum.fendleri,Hydrophyllaceae
2016,Gothic.Spires,181,9,60,flavifrons,queen,3,Hydrophyllum.fendleri,Hydrophyllaceae
2016,Gothic.Spires,181,9,60,flavifrons,worker,3,Mertensia.ciliata,Boraginaceae
2016,Gothic.Spires,181,9,60,rufocinctus,queen,1,Dodecatheon.pulchellum,Primulaceae
2016,Gothic.Spires,181,9,60,rufocinctus,worker,1,Dodecatheon.pulchellum,Primulaceae
2016,Gothic.Spires,181,9,60,sylvicola,queen,1,Hydrophyllum.fendleri,Hydrophyllaceae
2016,Gothic.Spires,191,10,60,appositus,queen,1,Vicia.americana,Fabaceae
2016,Gothic.Spires,191,10,60,appositus,worker,2,Vicia.americana,Fabaceae
2016,Gothic.Spires,191,10,60,bifarius,queen,1,Helianthella.quinquenervis,Asteraceae
2016,Gothic.Spires,191,10,60,bifarius,queen,1,Vicia.americana,Fabaceae
2016,Gothic.Spires,191,10,60,flavifrons,queen,1,Aconitum.columbianum,Ranunculaceae
2016,Gothic.Spires,191,10,60,flavifrons,queen,2,Vicia.americana,Fabaceae
2016,Gothic.Spires,191,10,60,flavifrons,worker,1,Helianthella.quinquenervis,Asteraceae
2016,Gothic.Spires,191,10,60,insularis,queen,1,Helianthella.quinquenervis,Asteraceae
2016,Gothic.Spires,191,10,60,rufocinctus,queen,1,Helianthella.quinquenervis,Asteraceae
2016,Gothic.Spires,198,11,60,appositus,worker,1,Trifolium.pratense,Fabaceae
2016,Gothic.Spires,198,11,60,appositus,worker,1,Vicia.americana,Fabaceae
2016,Gothic.Spires,198,11,60,bifarius,queen,2,Helianthella.quinquenervis,Asteraceae
2016,Gothic.Spires,198,11,60,bifarius,worker,2,Helianthella.quinquenervis,Asteraceae
2016,Gothic.Spires,198,11,60,bifarius,worker,1,Potentilla.fruticosa,Rosaceae
2016,Gothic.Spires,198,11,60,bifarius,worker,1,Trifolium.pratense,Fabaceae
2016,Gothic.Spires,198,11,60,flavifrons,queen,1,Delphinium.barbeyi,Ranunculaceae
2016,Gothic.Spires,198,11,60,flavifrons,worker,2,Aconitum.columbianum,Ranunculaceae
2016,Gothic.Spires,198,11,60,flavifrons,worker,1,Arnica.parryi,Asteraceae
2016,Gothic.Spires,198,11,60,flavifrons,worker,3,Delphinium.barbeyi,Ranunculaceae
2016,Gothic.Spires,198,11,60,flavifrons,worker,4,Helianthella.quinquenervis,Asteraceae
2016,Gothic.Spires,198,11,60,flavifrons,worker,1,Solidago.multiradiata,Asteraceae
2016,Gothic.Spires,198,11,60,melanopygus,worker,1,Helianthella.quinquenervis,Asteraceae
2016,Gothic.Spires,198,11,60,rufocinctus,male,1,Trifolium.pratense,Fabaceae
2016,Gothic.Spires,198,11,60,rufocinctus,worker,1,Helianthella.quinquenervis,Asteraceae
2016,Gothic.Spires,198,11,60,sylvicola,worker,1,Helianthella.quinquenervis,Asteraceae
2016,Gothic.Spires,204,12,60,appositus,worker,1,Aconitum.columbianum,Ranunculaceae
2016,Gothic.Spires,204,12,60,appositus,worker,6,Delphinium.barbeyi,Ranunculaceae
2016,Gothic.Spires,204,12,60,bifarius,male,1,Senecio.bigelovii,Asteraceae
2016,Gothic.Spires,204,12,60,bifarius,queen,2,Senecio.bigelovii,Asteraceae
2016,Gothic.Spires,204,12,60,bifarius,worker,1,Potentilla.fruticosa,Rosaceae
2016,Gothic.Spires,204,12,60,bifarius,worker,1,Solidago.multiradiata,Asteraceae
2016,Gothic.Spires,204,12,60,bifarius,worker,1,Trifolium.repens,Fabaceae
2016,Gothic.Spires,204,12,60,flavifrons,worker,6,Aconitum.columbianum,Ranunculaceae
2016,Gothic.Spires,204,12,60,flavifrons,worker,1,Cirsium.parryi,Asteraceae
2016,Gothic.Spires,204,12,60,flavifrons,worker,3,Delphinium.barbeyi,Ranunculaceae
2016,Gothic.Spires,204,12,60,nevadensis,worker,1,Delphinium.barbeyi,Ranunculaceae
2016,Gothic.Spires,204,12,60,sylvicola,worker,1,Senecio.bigelovii,Asteraceae
2016,Gothic.Spires,204,12,60,sylvicola,worker,1,Solidago.multiradiata,Asteraceae
2016,Gothic.Spires,212,13,60,appositus,worker,4,Delphinium.barbeyi,Ranunculaceae
2016,Gothic.Spires,212,13,60,bifarius,worker,3,Heliomeris.multiflora,Asteraceae
2016,Gothic.Spires,212,13,60,bifarius,worker,3,Trifolium.repens,Fabaceae
2016,Gothic.Spires,212,13,60,flavifrons,male,2,Arnica.parryi,Asteraceae
2016,Gothic.Spires,212,13,60,flavifrons,male,4,Senecio.bigelovii,Asteraceae
2016,Gothic.Spires,212,13,60,flavifrons,worker,3,Delphinium.barbeyi,Ranunculaceae
2016,Gothic.Spires,212,13,60,flavifrons,worker,1,Gentianopsis.detonsa,Gentianaceae
2016,Gothic.Spires,212,13,60,flavifrons,worker,1,Trifolium.repens,Fabaceae
2016,Gothic.Spires,212,13,60,frigidus,male,1,Solidago.multiradiata,Asteraceae
2016,Gothic.Spires,212,13,60,insularis,male,4,Heliomeris.multiflora,Asteraceae
2016,Gothic.Spires,212,13,60,insularis,male,3,Senecio.bigelovii,Asteraceae
2016,Gothic.Spires,215,14,60,appositus,worker,4,Delphinium.barbeyi,Ranunculaceae
2016,Gothic.Spires,215,14,60,bifarius,worker,3,Heliomeris.multiflora,Asteraceae
2016,Gothic.Spires,215,14,60,bifarius,worker,3,Trifolium.repens,Fabaceae
2016,Gothic.Spires,215,14,60,flavifrons,male,2,Arnica.parryi,Asteraceae
2016,Gothic.Spires,215,14,60,flavifrons,male,4,Senecio.bigelovii,Asteraceae
2016,Gothic.Spires,215,14,60,flavifrons,worker,3,Delphinium.barbeyi,Ranunculaceae
2016,Gothic.Spires,215,14,60,flavifrons,worker,1,Gentianopsis.detonsa,Gentianaceae
2016,Gothic.Spires,215,14,60,flavifrons,worker,1,Trifolium.repens,Fabaceae
2016,Gothic.Spires,215,14,60,frigidus,male,1,Solidago.multiradiata,Asteraceae
2016,Gothic.Spires,215,14,60,insularis,male,4,Heliomeris.multiflora,Asteraceae
2016,Gothic.Spires,215,14,60,insularis,male,3,Senecio.bigelovii,Asteraceae
2016,Gothic.Spires,226,15,60,appositus,male,1,Gentianopsis.detonsa,Gentianaceae
2016,Gothic.Spires,226,15,60,appositus,male,2,Trifolium.pratense,Fabaceae
2016,Gothic.Spires,226,15,60,appositus,queen,1,Gentianopsis.detonsa,Gentianaceae
2016,Gothic.Spires,226,15,60,bifarius,male,2,Symphyotrichum.foliaceum,Asteraceae
2016,Gothic.Spires,226,15,60,bifarius,male,14,Heliomeris.multiflora,Asteraceae
2016,Gothic.Spires,226,15,60,bifarius,worker,1,Gentianopsis.detonsa,Gentianaceae
2016,Gothic.Spires,226,15,60,bifarius,worker,8,Heliomeris.multiflora,Asteraceae
2016,Gothic.Spires,226,15,60,bifarius,worker,2,Potentilla.fruticosa,Rosaceae
2016,Gothic.Spires,226,15,60,bifarius,worker,1,Trifolium.repens,Fabaceae
2016,Gothic.Spires,226,15,60,californicus,worker,1,Gentianella.acuta,Gentianaceae
2016,Gothic.Spires,226,15,60,flavifrons,male,1,Symphyotrichum.foliaceum,Asteraceae
2016,Gothic.Spires,226,15,60,flavifrons,male,1,Heliomeris.multiflora,Asteraceae
2016,Gothic.Spires,226,15,60,flavifrons,worker,1,Gentianopsis.detonsa,Gentianaceae
2016,Gothic.Spires,226,15,60,frigidus,male,1,Symphyotrichum.foliaceum,Asteraceae
2016,Gothic.Spires,226,15,60,insularis,male,18,Symphyotrichum.foliaceum,Asteraceae
2016,Gothic.Spires,226,15,60,insularis,male,11,Heliomeris.multiflora,Asteraceae
2016,Gothic.Spires,226,15,60,mixtus,worker,1,Symphyotrichum.foliaceum,Asteraceae
2016,Gothic.Spires,226,15,60,occidentalis,male,1,Heliomeris.multiflora,Asteraceae
2016,Gothic.Spires,226,15,60,rufocinctus,male,1,Heliomeris.multiflora,Asteraceae
2016,Gothic.Spires,235,16,60,bifarius,male,8,Heliomeris.multiflora,Asteraceae
2016,Gothic.Spires,235,16,60,bifarius,worker,3,Heliomeris.multiflora,Asteraceae
2016,Gothic.Spires,235,16,60,flavifrons,male,2,Symphyotrichum.foliaceum,Asteraceae
2016,Gothic.Spires,235,16,60,flavifrons,male,1,Heliomeris.multiflora,Asteraceae
2016,Gothic.Spires,235,16,60,insularis,male,3,Symphyotrichum.foliaceum,Asteraceae
2016,Gothic.Spires,235,16,60,insularis,male,1,Cirsium.parryi,Asteraceae
2016,Gothic.Spires,235,16,60,insularis,male,3,Heliomeris.multiflora,Asteraceae
2016,Gothic.Spires,235,16,60,mixtus,male,1,Symphyotrichum.foliaceum,Asteraceae
2016,Gothic.Spires,235,16,60,occidentalis,male,2,Heliomeris.multiflora,Asteraceae
2016,Gothic.Spires,235,16,60,occidentalis,worker,1,Heliomeris.multiflora,Asteraceae
2016,Gothic.Spires,248,17,60,bifarius,male,10,Heliomeris.multiflora,Asteraceae
2016,Gothic.Spires,248,17,60,insularis,male,5,Symphyotrichum.foliaceum,Asteraceae
2016,Gothic.Spires,248,17,60,insularis,male,12,Heliomeris.multiflora,Asteraceae
2016,Gothic.Spires,248,17,60,rufocinctus,male,1,Symphyotrichum.foliaceum,Asteraceae
2016,Gothic.Spires,248,17,60,sylvicola,male,1,Heliomeris.multiflora,Asteraceae
2016,Rosy.Hills,151,5,60,bifarius,queen,2,Mertensia.fusiformis,Boraginaceae
2016,Rosy.Hills,151,5,60,californicus,queen,1,Mertensia.fusiformis,Boraginaceae
2016,Rosy.Hills,159,6,60,bifarius,queen,2,Mertensia.fusiformis,Boraginaceae
2016,Rosy.Hills,159,6,60,californicus,queen,1,Delphinium.nuttallianum,Ranunculaceae
2016,Rosy.Hills,159,6,60,flavifrons,queen,1,Ribes.montigenum,Grossulariaceae
2016,Rosy.Hills,159,6,60,rufocinctus,queen,1,Mertensia.fusiformis,Boraginaceae
2016,Rosy.Hills,159,6,60,rufocinctus,queen,1,Osmorhiza.occidentalis,Apiaceae
2016,Rosy.Hills,167,7,60,californicus,queen,2,Delphinium.nuttallianum,Ranunculaceae
2016,Rosy.Hills,167,7,60,flavifrons,queen,2,Hydrophyllum.fendleri,Hydrophyllaceae
2016,Rosy.Hills,167,7,60,flavifrons,queen,1,Lupinus.sericeus.var.sericeus,Fabaceae
2016,Rosy.Hills,167,7,60,rufocinctus,queen,1,Lathyrus.lanszwertii.var.leucanthus,Fabaceae
2016,Rosy.Hills,173,8,60,appositus,queen,2,Delphinium.nuttallianum,Ranunculaceae
2016,Rosy.Hills,173,8,60,bifarius,queen,1,Hydrophyllum.fendleri,Hydrophyllaceae
2016,Rosy.Hills,173,8,60,bifarius,queen,1,Lathyrus.lanszwertii.var.leucanthus,Fabaceae
2016,Rosy.Hills,173,8,60,bifarius,queen,2,Lupinus.sericeus.var.sericeus,Fabaceae
2016,Rosy.Hills,173,8,60,californicus,queen,2,Delphinium.nuttallianum,Ranunculaceae
2016,Rosy.Hills,173,8,60,californicus,queen,2,Lathyrus.lanszwertii.var.leucanthus,Fabaceae
2016,Rosy.Hills,173,8,60,flavifrons,queen,2,Delphinium.nuttallianum,Ranunculaceae
2016,Rosy.Hills,173,8,60,flavifrons,queen,2,Hydrophyllum.fendleri,Hydrophyllaceae
2016,Rosy.Hills,173,8,60,flavifrons,worker,2,Hydrophyllum.fendleri,Hydrophyllaceae
2016,Rosy.Hills,173,8,60,nevadensis,queen,1,Hydrophyllum.fendleri,Hydrophyllaceae
2016,Rosy.Hills,179,9,60,appositus,worker,1,Vicia.americana,Fabaceae
2016,Rosy.Hills,179,9,60,bifarius,queen,1,Lupinus.sericeus.var.sericeus,Fabaceae
2016,Rosy.Hills,179,9,60,bifarius,queen,1,Wyethia.arizonica,Asteraceae
2016,Rosy.Hills,179,9,60,californicus,queen,1,Aconitum.columbianum,Ranunculaceae
2016,Rosy.Hills,179,9,60,californicus,queen,1,Frasera.speciosa,Gentianaceae
2016,Rosy.Hills,179,9,60,californicus,queen,2,Lathyrus.lanszwertii.var.leucanthus,Fabaceae
2016,Rosy.Hills,179,9,60,californicus,queen,1,Lupinus.sericeus.var.sericeus,Fabaceae
2016,Rosy.Hills,179,9,60,californicus,queen,6,Vicia.americana,Fabaceae
2016,Rosy.Hills,179,9,60,flavifrons,queen,1,Hydrophyllum.fendleri,Hydrophyllaceae
2016,Rosy.Hills,179,9,60,insularis,queen,1,Hydrophyllum.fendleri,Hydrophyllaceae
2016,Rosy.Hills,179,9,60,rufocinctus,queen,1,Rosa.blanda,Rosaceae
2016,Rosy.Hills,188,10,60,appositus,queen,1,Aconitum.columbianum,Ranunculaceae
2016,Rosy.Hills,188,10,60,appositus,queen,3,Delphinium.barbeyi,Ranunculaceae
2016,Rosy.Hills,188,10,60,appositus,queen,5,Vicia.americana,Fabaceae
2016,Rosy.Hills,188,10,60,appositus,worker,3,Aconitum.columbianum,Ranunculaceae
2016,Rosy.Hills,188,10,60,appositus,worker,1,Vicia.americana,Fabaceae
2016,Rosy.Hills,188,10,60,bifarius,queen,1,Hymenoxys.hoopesii,Asteraceae
2016,Rosy.Hills,188,10,60,bifarius,worker,5,Eremogone.congesta,Caryophyllaceae
2016,Rosy.Hills,188,10,60,californicus,queen,7,Vicia.americana,Fabaceae
2016,Rosy.Hills,188,10,60,flavifrons,queen,1,Vicia.americana,Fabaceae
2016,Rosy.Hills,188,10,60,flavifrons,worker,3,Aconitum.columbianum,Ranunculaceae
2016,Rosy.Hills,188,10,60,insularis,queen,1,Hymenoxys.hoopesii,Asteraceae
2016,Rosy.Hills,188,10,60,insularis,queen,2,Wyethia.arizonica,Asteraceae
2016,Rosy.Hills,188,10,60,rufocinctus,worker,2,Hymenoxys.hoopesii,Asteraceae
2016,Rosy.Hills,195,11,60,appositus,worker,3,Aconitum.columbianum,Ranunculaceae
2016,Rosy.Hills,195,11,60,appositus,worker,3,Delphinium.barbeyi,Ranunculaceae
2016,Rosy.Hills,195,11,60,bifarius,queen,1,Agastache.urticifolia,Lamiaceae
2016,Rosy.Hills,195,11,60,bifarius,queen,1,Hymenoxys.hoopesii,Asteraceae
2016,Rosy.Hills,195,11,60,bifarius,queen,2,Helianthella.quinquenervis,Asteraceae
2016,Rosy.Hills,195,11,60,bifarius,queen,1,Wyethia.arizonica,Asteraceae
2016,Rosy.Hills,195,11,60,bifarius,worker,2,Hymenoxys.hoopesii,Asteraceae
2016,Rosy.Hills,195,11,60,bifarius,worker,3,Eremogone.congesta,Caryophyllaceae
2016,Rosy.Hills,195,11,60,bifarius,worker,9,Helianthella.quinquenervis,Asteraceae
2016,Rosy.Hills,195,11,60,californicus,worker,1,Delphinium.barbeyi,Ranunculaceae
2016,Rosy.Hills,195,11,60,flavifrons,worker,5,Aconitum.columbianum,Ranunculaceae
2016,Rosy.Hills,195,11,60,flavifrons,worker,1,Helianthella.quinquenervis,Asteraceae
2016,Rosy.Hills,195,11,60,frigidus,worker,1,Hymenoxys.hoopesii,Asteraceae
2016,Rosy.Hills,195,11,60,insularis,queen,1,Hymenoxys.hoopesii,Asteraceae
2016,Rosy.Hills,195,11,60,insularis,queen,2,Helianthella.quinquenervis,Asteraceae
2016,Rosy.Hills,195,11,60,insularis,queen,1,Wyethia.arizonica,Asteraceae
2016,Rosy.Hills,195,11,60,melanopygus,worker,2,Eremogone.congesta,Caryophyllaceae
2016,Rosy.Hills,195,11,60,rufocinctus,worker,1,Hymenoxys.hoopesii,Asteraceae
2016,Rosy.Hills,195,11,60,rufocinctus,worker,2,Helianthella.quinquenervis,Asteraceae
2016,Rosy.Hills,201,12,60,appositus,queen,1,Delphinium.barbeyi,Ranunculaceae
2016,Rosy.Hills,201,12,60,appositus,queen,1,Senecio.bigelovii,Asteraceae
2016,Rosy.Hills,201,12,60,appositus,worker,1,Delphinium.barbeyi,Ranunculaceae
2016,Rosy.Hills,201,12,60,bifarius,queen,1,Agastache.urticifolia,Lamiaceae
2016,Rosy.Hills,201,12,60,bifarius,queen,1,Hymenoxys.hoopesii,Asteraceae
2016,Rosy.Hills,201,12,60,bifarius,worker,1,Aconitum.columbianum,Ranunculaceae
2016,Rosy.Hills,201,12,60,bifarius,worker,13,Helianthella.quinquenervis,Asteraceae
2016,Rosy.Hills,201,12,60,centralis,worker,1,Hymenoxys.hoopesii,Asteraceae
2016,Rosy.Hills,201,12,60,flavifrons,worker,2,Aconitum.columbianum,Ranunculaceae
2016,Rosy.Hills,201,12,60,flavifrons,worker,3,Agastache.urticifolia,Lamiaceae
2016,Rosy.Hills,201,12,60,flavifrons,worker,3,Delphinium.barbeyi,Ranunculaceae
2016,Rosy.Hills,201,12,60,flavifrons,worker,2,Helianthella.quinquenervis,Asteraceae
2016,Rosy.Hills,201,12,60,flavifrons,worker,1,Vicia.americana,Fabaceae
2016,Rosy.Hills,201,12,60,insularis,queen,1,Hymenoxys.hoopesii,Asteraceae
2016,Rosy.Hills,201,12,60,insularis,queen,1,Erigeron.elatior,Asteraceae
2016,Rosy.Hills,201,12,60,nevadensis,worker,1,Delphinium.barbeyi,Ranunculaceae
2016,Rosy.Hills,201,12,60,rufocinctus,queen,1,Hymenoxys.hoopesii,Asteraceae
2016,Rosy.Hills,201,12,60,rufocinctus,queen,1,Helianthella.quinquenervis,Asteraceae
2016,Rosy.Hills,201,12,60,rufocinctus,worker,2,Helianthella.quinquenervis,Asteraceae
2016,Rosy.Hills,210,13,60,bifarius,queen,1,Agastache.urticifolia,Lamiaceae
2016,Rosy.Hills,210,13,60,bifarius,worker,1,Agastache.urticifolia,Lamiaceae
2016,Rosy.Hills,210,13,60,bifarius,worker,2,Helianthella.quinquenervis,Asteraceae
2016,Rosy.Hills,210,13,60,californicus,worker,1,Cirsium.parryi,Asteraceae
2016,Rosy.Hills,210,13,60,californicus,worker,1,Delphinium.barbeyi,Ranunculaceae
2016,Rosy.Hills,210,13,60,flavifrons,male,1,Agastache.urticifolia,Lamiaceae
2016,Rosy.Hills,210,13,60,flavifrons,worker,1,Aconitum.columbianum,Ranunculaceae
2016,Rosy.Hills,210,13,60,flavifrons,worker,1,Delphinium.barbeyi,Ranunculaceae
2016,Rosy.Hills,215,14,60,bifarius,male,1,Erigeron.elatior,Asteraceae
2016,Rosy.Hills,215,14,60,bifarius,male,1,Heliomeris.multiflora,Asteraceae
2016,Rosy.Hills,215,14,60,bifarius,worker,3,Erigeron.elatior,Asteraceae
2016,Rosy.Hills,215,14,60,bifarius,worker,2,Heterotheca.villosa,Asteraceae
2016,Rosy.Hills,215,14,60,insularis,male,1,Erigeron.elatior,Asteraceae
2016,Rosy.Hills,215,14,60,insularis,male,1,Heliomeris.multiflora,Asteraceae
2016,Rosy.Hills,215,14,60,insularis,male,1,Senecio.bigelovii,Asteraceae
2016,Rosy.Hills,225,15,60,bifarius,male,1,Ericameria.parryi,Asteraceae
2016,Rosy.Hills,225,15,60,bifarius,worker,2,Ericameria.parryi,Asteraceae
2016,Rosy.Hills,225,15,60,flavifrons,male,1,Cirsium.parryi,Asteraceae
2016,Rosy.Hills,225,15,60,flavifrons,male,1,Eremogone.congesta,Caryophyllaceae
2016,Rosy.Hills,225,15,60,flavifrons,male,2,Ericameria.parryi,Asteraceae
2016,Rosy.Hills,225,15,60,flavifrons,male,1,Heliomeris.multiflora,Asteraceae
2016,Rosy.Hills,225,15,60,flavifrons,male,1,Heterotheca.villosa,Asteraceae
2016,Rosy.Hills,225,15,60,flavifrons,male,2,Senecio.bigelovii,Asteraceae
2016,Rosy.Hills,225,15,60,frigidus,male,1,Erigeron.elatior,Asteraceae
2016,Rosy.Hills,225,15,60,insularis,male,14,Ericameria.parryi,Asteraceae
2016,Rosy.Hills,225,15,60,insularis,male,2,Heliomeris.multiflora,Asteraceae
2016,Rosy.Hills,225,15,60,insularis,male,1,Solidago.multiradiata,Asteraceae
2016,Rosy.Hills,238,16,60,appositus,male,2,Ericameria.parryi,Asteraceae
2016,Rosy.Hills,238,16,60,bifarius,male,2,Ericameria.parryi,Asteraceae
2016,Rosy.Hills,238,16,60,bifarius,male,2,Heliomeris.multiflora,Asteraceae
2016,Rosy.Hills,238,16,60,bifarius,worker,1,Heliomeris.multiflora,Asteraceae
2016,Rosy.Hills,238,16,60,californicus,male,1,Ericameria.parryi,Asteraceae
2016,Rosy.Hills,238,16,60,flavifrons,male,1,Ericameria.parryi,Asteraceae
2016,Rosy.Hills,238,16,60,insularis,male,3,Ericameria.parryi,Asteraceae
2016,Rosy.Hills,238,16,60,insularis,male,1,Heliomeris.multiflora,Asteraceae
2016,Rosy.Hills,238,16,60,insularis,male,1,Heterotheca.villosa,Asteraceae
2016,Rosy.Hills,238,16,60,insularis,queen,1,Ericameria.parryi,Asteraceae
2016,Rosy.Hills,238,16,60,rufocinctus,male,1,Ericameria.parryi,Asteraceae
2016,Rosy.Hills,250,17,60,bifarius,male,2,Ericameria.parryi,Asteraceae
2016,Rosy.Hills,250,17,60,bifarius,male,1,Heliomeris.multiflora,Asteraceae
2016,Rosy.Hills,250,17,60,insularis,male,6,Ericameria.parryi,Asteraceae
2016,Rosy.Hills,257,18,60,appositus,male,2,Ericameria.parryi,Asteraceae
2016,Rosy.Hills,257,18,60,bifarius,male,1,Heliomeris.multiflora,Asteraceae
2016,Rosy.Hills,257,18,60,insularis,male,2,Ericameria.parryi,Asteraceae
2016,Stormy.Pass,154,5,60,bifarius,queen,1,Mertensia.fusiformis,Boraginaceae
2016,Stormy.Pass,154,5,60,bifarius,queen,1,Salix.sp,Salicaceae
2016,Stormy.Pass,163,6,60,appositus,queen,3,Delphinium.nuttallianum,Ranunculaceae
2016,Stormy.Pass,163,6,60,californicus,queen,1,Delphinium.nuttallianum,Ranunculaceae
2016,Stormy.Pass,163,6,60,flavifrons,queen,1,Hydrophyllum.capitatum,Hydrophyllaceae
2016,Stormy.Pass,163,6,60,flavifrons,queen,4,Hydrophyllum.fendleri,Hydrophyllaceae
2016,Stormy.Pass,163,6,60,flavifrons,queen,1,Mertensia.fusiformis,Boraginaceae
2016,Stormy.Pass,167,7,60,appositus,queen,9,Delphinium.nuttallianum,Ranunculaceae
2016,Stormy.Pass,167,7,60,californicus,queen,1,Delphinium.nuttallianum,Ranunculaceae
2016,Stormy.Pass,167,7,60,flavifrons,queen,2,Delphinium.nuttallianum,Ranunculaceae
2016,Stormy.Pass,167,7,60,flavifrons,queen,6,Hydrophyllum.fendleri,Hydrophyllaceae
2016,Stormy.Pass,167,7,60,flavifrons,queen,2,Mertensia.ciliata,Boraginaceae
2016,Stormy.Pass,167,7,60,flavifrons,queen,1,Taraxacum.officinale,Asteraceae
2016,Stormy.Pass,167,7,60,flavifrons,queen,1,Viola.nuttallii,Violaceae
2016,Stormy.Pass,167,7,60,insularis,queen,1,Taraxacum.officinale,Asteraceae
2016,Stormy.Pass,167,7,60,mixtus,queen,2,Hydrophyllum.fendleri,Hydrophyllaceae
2016,Stormy.Pass,167,7,60,mixtus,queen,1,Mertensia.fusiformis,Boraginaceae
2016,Stormy.Pass,173,8,60,appositus,queen,7,Delphinium.nuttallianum,Ranunculaceae
2016,Stormy.Pass,173,8,60,appositus,queen,3,Lathyrus.lanszwertii.var.leucanthus,Fabaceae
2016,Stormy.Pass,173,8,60,californicus,queen,1,Lathyrus.lanszwertii.var.leucanthus,Fabaceae
2016,Stormy.Pass,173,8,60,flavifrons,queen,1,Delphinium.nuttallianum,Ranunculaceae
2016,Stormy.Pass,173,8,60,flavifrons,queen,3,Hydrophyllum.fendleri,Hydrophyllaceae
2016,Stormy.Pass,173,8,60,flavifrons,queen,6,Mertensia.ciliata,Boraginaceae
2016,Stormy.Pass,173,8,60,mixtus,queen,1,Hydrophyllum.fendleri,Hydrophyllaceae
2016,Stormy.Pass,173,8,60,rufocinctus,queen,1,Mertensia.ciliata,Boraginaceae
2016,Stormy.Pass,179,9,60,appositus,queen,1,Delphinium.nuttallianum,Ranunculaceae
2016,Stormy.Pass,179,9,60,appositus,queen,1,Lathyrus.lanszwertii.var.leucanthus,Fabaceae
2016,Stormy.Pass,179,9,60,californicus,queen,1,Lathyrus.lanszwertii.var.leucanthus,Fabaceae
2016,Stormy.Pass,179,9,60,flavifrons,queen,1,Hydrophyllum.fendleri,Hydrophyllaceae
2016,Stormy.Pass,179,9,60,flavifrons,queen,5,Mertensia.ciliata,Boraginaceae
2016,Stormy.Pass,179,9,60,insularis,queen,1,Hydrophyllum.fendleri,Hydrophyllaceae
2016,Stormy.Pass,179,9,60,rufocinctus,queen,1,Hydrophyllum.fendleri,Hydrophyllaceae
2016,Stormy.Pass,189,10,60,appositus,queen,1,Delphinium.barbeyi,Ranunculaceae
2016,Stormy.Pass,189,10,60,appositus,queen,2,Lathyrus.lanszwertii.var.leucanthus,Fabaceae
2016,Stormy.Pass,189,10,60,appositus,queen,1,Vicia.americana,Fabaceae
2016,Stormy.Pass,189,10,60,appositus,worker,2,Delphinium.barbeyi,Ranunculaceae
2016,Stormy.Pass,189,10,60,bifarius,queen,3,Mertensia.ciliata,Boraginaceae
2016,Stormy.Pass,189,10,60,californicus,queen,1,Lathyrus.lanszwertii.var.leucanthus,Fabaceae
2016,Stormy.Pass,189,10,60,flavifrons,queen,4,Mertensia.ciliata,Boraginaceae
2016,Stormy.Pass,189,10,60,flavifrons,queen,3,Vicia.americana,Fabaceae
2016,Stormy.Pass,189,10,60,flavifrons,worker,1,Hydrophyllum.fendleri,Hydrophyllaceae
2016,Stormy.Pass,189,10,60,flavifrons,worker,2,Mertensia.ciliata,Boraginaceae
2016,Stormy.Pass,189,10,60,insularis,queen,1,Hymenoxys.hoopesii,Asteraceae
2016,Stormy.Pass,189,10,60,mixtus,worker,1,Mertensia.ciliata,Boraginaceae
2016,Stormy.Pass,189,10,60,occidentalis,queen,1,Mertensia.ciliata,Boraginaceae
2016,Stormy.Pass,189,10,60,occidentalis,worker,1,Mertensia.ciliata,Boraginaceae
2016,Stormy.Pass,189,10,60,sylvicola,worker,1,Mertensia.ciliata,Boraginaceae
2016,Stormy.Pass,196,11,60,appositus,queen,1,Delphinium.barbeyi,Ranunculaceae
2016,Stormy.Pass,196,11,60,appositus,worker,3,Delphinium.barbeyi,Ranunculaceae
2016,Stormy.Pass,196,11,60,flavifrons,queen,2,Delphinium.barbeyi,Ranunculaceae
2016,Stormy.Pass,196,11,60,flavifrons,worker,1,Delphinium.barbeyi,Ranunculaceae
2016,Stormy.Pass,196,11,60,flavifrons,worker,1,Hymenoxys.hoopesii,Asteraceae
2016,Stormy.Pass,196,11,60,flavifrons,worker,1,Helianthella.quinquenervis,Asteraceae
2016,Stormy.Pass,196,11,60,flavifrons,worker,13,Mertensia.ciliata,Boraginaceae
2016,Stormy.Pass,196,11,60,insularis,queen,2,Hymenoxys.hoopesii,Asteraceae
2016,Stormy.Pass,202,12,60,bifarius,male,1,Helianthella.quinquenervis,Asteraceae
2016,Stormy.Pass,202,12,60,bifarius,worker,1,Hymenoxys.hoopesii,Asteraceae
2016,Stormy.Pass,202,12,60,bifarius,worker,1,Senecio.bigelovii,Asteraceae
2016,Stormy.Pass,202,12,60,flavifrons,queen,2,Delphinium.barbeyi,Ranunculaceae
2016,Stormy.Pass,202,12,60,flavifrons,worker,3,Delphinium.barbeyi,Ranunculaceae
2016,Stormy.Pass,202,12,60,flavifrons,worker,1,Hymenoxys.hoopesii,Asteraceae
2016,Stormy.Pass,202,12,60,flavifrons,worker,1,Helianthella.quinquenervis,Asteraceae
2016,Stormy.Pass,202,12,60,flavifrons,worker,4,Senecio.bigelovii,Asteraceae
2016,Stormy.Pass,202,12,60,mixtus,worker,1,Helianthella.quinquenervis,Asteraceae
2016,Stormy.Pass,202,12,60,mixtus,worker,1,Senecio.bigelovii,Asteraceae
2016,Stormy.Pass,202,12,60,sylvicola,worker,1,Senecio.bigelovii,Asteraceae
2016,Stormy.Pass,210,13,60,appositus,worker,2,Delphinium.barbeyi,Ranunculaceae
2016,Stormy.Pass,210,13,60,bifarius,male,1,Heliomeris.multiflora,Asteraceae
2016,Stormy.Pass,210,13,60,bifarius,male,6,Senecio.bigelovii,Asteraceae
2016,Stormy.Pass,210,13,60,bifarius,queen,1,Senecio.bigelovii,Asteraceae
2016,Stormy.Pass,210,13,60,bifarius,worker,1,Hymenoxys.hoopesii,Asteraceae
2016,Stormy.Pass,210,13,60,bifarius,worker,1,Erigeron.elatior,Asteraceae
2016,Stormy.Pass,210,13,60,bifarius,worker,1,Heliomeris.multiflora,Asteraceae
2016,Stormy.Pass,210,13,60,bifarius,worker,10,Senecio.bigelovii,Asteraceae
2016,Stormy.Pass,210,13,60,bifarius,worker,1,Solidago.multiradiata,Asteraceae
2016,Stormy.Pass,210,13,60,flavifrons,male,4,Cirsium.parryi,Asteraceae
2016,Stormy.Pass,210,13,60,flavifrons,male,1,Helianthella.quinquenervis,Asteraceae
2016,Stormy.Pass,210,13,60,flavifrons,male,2,Senecio.bigelovii,Asteraceae
2016,Stormy.Pass,210,13,60,flavifrons,worker,1,Cirsium.parryi,Asteraceae
2016,Stormy.Pass,210,13,60,flavifrons,worker,2,Delphinium.barbeyi,Ranunculaceae
2016,Stormy.Pass,210,13,60,flavifrons,worker,8,Senecio.bigelovii,Asteraceae
2016,Stormy.Pass,210,13,60,flavifrons,worker,1,Solidago.multiradiata,Asteraceae
2016,Stormy.Pass,210,13,60,frigidus,worker,1,Senecio.bigelovii,Asteraceae
2016,Stormy.Pass,210,13,60,insularis,male,3,Senecio.bigelovii,Asteraceae
2016,Stormy.Pass,210,13,60,mixtus,male,1,Senecio.bigelovii,Asteraceae
2016,Stormy.Pass,210,13,60,mixtus,worker,9,Senecio.bigelovii,Asteraceae
2016,Stormy.Pass,210,13,60,rufocinctus,worker,1,Senecio.bigelovii,Asteraceae
2016,Stormy.Pass,210,13,60,sylvicola,worker,6,Senecio.bigelovii,Asteraceae
2016,Stormy.Pass,215,14,60,appositus,worker,2,Delphinium.barbeyi,Ranunculaceae
2016,Stormy.Pass,215,14,60,bifarius,male,1,Heliomeris.multiflora,Asteraceae
2016,Stormy.Pass,215,14,60,bifarius,male,6,Senecio.bigelovii,Asteraceae
2016,Stormy.Pass,215,14,60,bifarius,queen,1,Senecio.bigelovii,Asteraceae
2016,Stormy.Pass,215,14,60,bifarius,worker,1,Hymenoxys.hoopesii,Asteraceae
2016,Stormy.Pass,215,14,60,bifarius,worker,1,Erigeron.elatior,Asteraceae
2016,Stormy.Pass,215,14,60,bifarius,worker,1,Heliomeris.multiflora,Asteraceae
2016,Stormy.Pass,215,14,60,bifarius,worker,10,Senecio.bigelovii,Asteraceae
2016,Stormy.Pass,215,14,60,bifarius,worker,1,Solidago.multiradiata,Asteraceae
2016,Stormy.Pass,215,14,60,flavifrons,male,4,Cirsium.parryi,Asteraceae
2016,Stormy.Pass,215,14,60,flavifrons,male,1,Helianthella.quinquenervis,Asteraceae
2016,Stormy.Pass,215,14,60,flavifrons,male,2,Senecio.bigelovii,Asteraceae
2016,Stormy.Pass,215,14,60,flavifrons,worker,1,Cirsium.parryi,Asteraceae
2016,Stormy.Pass,215,14,60,flavifrons,worker,2,Delphinium.barbeyi,Ranunculaceae
2016,Stormy.Pass,215,14,60,flavifrons,worker,8,Senecio.bigelovii,Asteraceae
2016,Stormy.Pass,215,14,60,flavifrons,worker,1,Solidago.multiradiata,Asteraceae
2016,Stormy.Pass,215,14,60,frigidus,worker,1,Senecio.bigelovii,Asteraceae
2016,Stormy.Pass,215,14,60,insularis,male,3,Senecio.bigelovii,Asteraceae
2016,Stormy.Pass,215,14,60,mixtus,male,1,Senecio.bigelovii,Asteraceae
2016,Stormy.Pass,215,14,60,mixtus,worker,9,Senecio.bigelovii,Asteraceae
2016,Stormy.Pass,215,14,60,rufocinctus,worker,1,Senecio.bigelovii,Asteraceae
2016,Stormy.Pass,215,14,60,sylvicola,worker,6,Senecio.bigelovii,Asteraceae
2016,Stormy.Pass,226,15,60,bifarius,male,1,Hymenoxys.hoopesii,Asteraceae
2016,Stormy.Pass,226,15,60,bifarius,male,13,Heliomeris.multiflora,Asteraceae
2016,Stormy.Pass,226,15,60,bifarius,worker,12,Heliomeris.multiflora,Asteraceae
2016,Stormy.Pass,226,15,60,flavifrons,male,1,Cirsium.parryi,Asteraceae
2016,Stormy.Pass,226,15,60,flavifrons,male,11,Heliomeris.multiflora,Asteraceae
2016,Stormy.Pass,226,15,60,flavifrons,male,18,Senecio.bigelovii,Asteraceae
2016,Stormy.Pass,226,15,60,flavifrons,worker,2,Cirsium.parryi,Asteraceae
2016,Stormy.Pass,226,15,60,flavifrons,worker,2,Heliomeris.multiflora,Asteraceae
2016,Stormy.Pass,226,15,60,flavifrons,worker,1,Senecio.bigelovii,Asteraceae
2016,Stormy.Pass,226,15,60,insularis,male,2,Erigeron.elatior,Asteraceae
2016,Stormy.Pass,226,15,60,insularis,male,28,Heliomeris.multiflora,Asteraceae
2016,Stormy.Pass,226,15,60,insularis,male,1,Senecio.bigelovii,Asteraceae
2016,Stormy.Pass,226,15,60,mixtus,male,1,Hymenoxys.hoopesii,Asteraceae
2016,Stormy.Pass,226,15,60,mixtus,male,2,Heliomeris.multiflora,Asteraceae
2016,Stormy.Pass,226,15,60,mixtus,male,2,Senecio.bigelovii,Asteraceae
2016,Stormy.Pass,226,15,60,rufocinctus,worker,1,Heliomeris.multiflora,Asteraceae
2016,Stormy.Pass,239,16,60,bifarius,male,4,Heliomeris.multiflora,Asteraceae
2016,Stormy.Pass,239,16,60,bifarius,worker,1,Heliomeris.multiflora,Asteraceae
2016,Stormy.Pass,239,16,60,flavifrons,male,12,Heliomeris.multiflora,Asteraceae
2016,Stormy.Pass,239,16,60,frigidus,male,1,Heliomeris.multiflora,Asteraceae
2016,Stormy.Pass,239,16,60,insularis,male,38,Heliomeris.multiflora,Asteraceae
2016,Stormy.Pass,239,16,60,mixtus,male,6,Heliomeris.multiflora,Asteraceae
2017,Avery.Wash,159,4,60,californicus,queen,1,Mertensia.fusiformis,Boraginaceae
2017,Avery.Wash,159,4,60,flavifrons,queen,9,Mertensia.fusiformis,Boraginaceae
2017,Avery.Wash,166,5,60,bifarius,queen,1,Mertensia.fusiformis,Boraginaceae
2017,Avery.Wash,166,5,60,flavifrons,queen,3,Hydrophyllum.fendleri,Hydrophyllaceae
2017,Avery.Wash,166,5,60,rufocinctus,queen,1,Mertensia.fusiformis,Boraginaceae
2017,Avery.Wash,172,6,60,appositus,queen,2,Delphinium.nuttallianum,Ranunculaceae
2017,Avery.Wash,172,6,60,flavifrons,queen,6,Delphinium.nuttallianum,Ranunculaceae
2017,Avery.Wash,172,6,60,flavifrons,queen,11,Hydrophyllum.fendleri,Hydrophyllaceae
2017,Avery.Wash,172,6,60,flavifrons,queen,1,Lathyrus.lanszwertii.var.leucanthus,Fabaceae
2017,Avery.Wash,172,6,60,mixtus,queen,1,Hydrophyllum.fendleri,Hydrophyllaceae
2017,Avery.Wash,178,7,60,appositus,queen,3,Lathyrus.lanszwertii.var.leucanthus,Fabaceae
2017,Avery.Wash,178,7,60,bifarius,queen,1,Hydrophyllum.fendleri,Hydrophyllaceae
2017,Avery.Wash,178,7,60,flavifrons,queen,3,Delphinium.nuttallianum,Ranunculaceae
2017,Avery.Wash,178,7,60,flavifrons,queen,1,Lonicera.involucrata,Caprifoliaceae
2017,Avery.Wash,178,7,60,flavifrons,queen,6,Hydrophyllum.fendleri,Hydrophyllaceae
2017,Avery.Wash,178,7,60,insularis,queen,2,Hydrophyllum.fendleri,Hydrophyllaceae
2017,Avery.Wash,178,7,60,insularis,queen,1,Rubus.idaeus,Rosaceae
2017,Avery.Wash,178,7,60,mixtus,queen,3,Hydrophyllum.fendleri,Hydrophyllaceae
2017,Avery.Wash,178,7,60,mixtus,queen,3,Mertensia.ciliata,Boraginaceae
2017,Avery.Wash,178,7,60,nevadensis,queen,1,Hydrophyllum.fendleri,Hydrophyllaceae
2017,Avery.Wash,187,8,60,appositus,queen,1,Delphinium.barbeyi,Ranunculaceae
2017,Avery.Wash,187,8,60,appositus,queen,1,Lathyrus.lanszwertii.var.leucanthus,Fabaceae
2017,Avery.Wash,187,8,60,appositus,queen,1,Vicia.americana,Fabaceae
2017,Avery.Wash,187,8,60,appositus,worker,1,Potentilla.pulcherrima,Rosaceae
2017,Avery.Wash,187,8,60,flavifrons,queen,1,Lonicera.involucrata,Caprifoliaceae
2017,Avery.Wash,187,8,60,flavifrons,queen,6,Hydrophyllum.fendleri,Hydrophyllaceae
2017,Avery.Wash,187,8,60,flavifrons,queen,1,Lathyrus.lanszwertii.var.leucanthus,Fabaceae
2017,Avery.Wash,187,8,60,flavifrons,queen,6,Mertensia.ciliata,Boraginaceae
2017,Avery.Wash,187,8,60,flavifrons,queen,12,Vicia.americana,Fabaceae
2017,Avery.Wash,187,8,60,flavifrons,worker,12,Hydrophyllum.fendleri,Hydrophyllaceae
2017,Avery.Wash,187,8,60,flavifrons,worker,1,Vicia.americana,Fabaceae
2017,Avery.Wash,187,8,60,insularis,queen,1,Hydrophyllum.fendleri,Hydrophyllaceae
2017,Avery.Wash,187,8,60,insularis,queen,1,Vicia.americana,Fabaceae
2017,Avery.Wash,187,8,60,mixtus,queen,1,Hydrophyllum.fendleri,Hydrophyllaceae
2017,Avery.Wash,187,8,60,mixtus,worker,1,Mertensia.ciliata,Boraginaceae
2017,Avery.Wash,197,9,60,appositus,worker,14,Delphinium.barbeyi,Ranunculaceae
2017,Avery.Wash,197,9,60,bifarius,worker,3,Hymenoxys.hoopesii,Asteraceae
2017,Avery.Wash,197,9,60,bifarius,worker,1,Potentilla.pulcherrima,Rosaceae
2017,Avery.Wash,197,9,60,flavifrons,queen,3,Delphinium.barbeyi,Ranunculaceae
2017,Avery.Wash,197,9,60,flavifrons,queen,1,Mertensia.ciliata,Boraginaceae
2017,Avery.Wash,197,9,60,flavifrons,queen,1,Vicia.americana,Fabaceae
2017,Avery.Wash,197,9,60,flavifrons,worker,8,Delphinium.barbeyi,Ranunculaceae
2017,Avery.Wash,197,9,60,flavifrons,worker,4,Helianthella.quinquenervis,Asteraceae
2017,Avery.Wash,197,9,60,flavifrons,worker,3,Hydrophyllum.fendleri,Hydrophyllaceae
2017,Avery.Wash,197,9,60,flavifrons,worker,11,Mertensia.ciliata,Boraginaceae
2017,Avery.Wash,197,9,60,flavifrons,worker,1,Rubus.idaeus,Rosaceae
2017,Avery.Wash,197,9,60,insularis,queen,1,Hymenoxys.hoopesii,Asteraceae
2017,Avery.Wash,197,9,60,melanopygus,worker,1,Hymenoxys.hoopesii,Asteraceae
2017,Avery.Wash,197,9,60,mixtus,worker,1,Geranium.richardsonii,Geraniaceae
2017,Avery.Wash,197,9,60,mixtus,worker,3,Mertensia.ciliata,Boraginaceae
2017,Avery.Wash,197,9,60,rufocinctus,worker,1,Potentilla.pulcherrima,Rosaceae
2017,Avery.Wash,197,9,60,sylvicola,worker,1,Hymenoxys.hoopesii,Asteraceae
2017,Avery.Wash,202,10,60,appositus,worker,5,Delphinium.barbeyi,Ranunculaceae
2017,Avery.Wash,202,10,60,appositus,worker,1,Mertensia.ciliata,Boraginaceae
2017,Avery.Wash,202,10,60,balteatus,worker,1,Delphinium.barbeyi,Ranunculaceae
2017,Avery.Wash,202,10,60,bifarius,queen,1,Hymenoxys.hoopesii,Asteraceae
2017,Avery.Wash,202,10,60,bifarius,worker,2,Hymenoxys.hoopesii,Asteraceae
2017,Avery.Wash,202,10,60,bifarius,worker,1,Erigeron.elatior,Asteraceae
2017,Avery.Wash,202,10,60,bifarius,worker,2,Helianthella.quinquenervis,Asteraceae
2017,Avery.Wash,202,10,60,bifarius,worker,1,Solidago.multiradiata,Asteraceae
2017,Avery.Wash,202,10,60,flavifrons,male,1,Hymenoxys.hoopesii,Asteraceae
2017,Avery.Wash,202,10,60,flavifrons,queen,2,Delphinium.barbeyi,Ranunculaceae
2017,Avery.Wash,202,10,60,flavifrons,queen,1,Hymenoxys.hoopesii,Asteraceae
2017,Avery.Wash,202,10,60,flavifrons,queen,1,Mertensia.ciliata,Boraginaceae
2017,Avery.Wash,202,10,60,flavifrons,worker,2,Aconitum.columbianum,Ranunculaceae
2017,Avery.Wash,202,10,60,flavifrons,worker,1,Agoseris.aurantiaca,Asteraceae
2017,Avery.Wash,202,10,60,flavifrons,worker,1,Cirsium.parryi,Asteraceae
2017,Avery.Wash,202,10,60,flavifrons,worker,5,Delphinium.barbeyi,Ranunculaceae
2017,Avery.Wash,202,10,60,flavifrons,worker,4,Helianthella.quinquenervis,Asteraceae
2017,Avery.Wash,202,10,60,flavifrons,worker,2,Hydrophyllum.fendleri,Hydrophyllaceae
2017,Avery.Wash,202,10,60,flavifrons,worker,7,Mertensia.ciliata,Boraginaceae
2017,Avery.Wash,202,10,60,insularis,queen,1,Hymenoxys.hoopesii,Asteraceae
2017,Avery.Wash,202,10,60,rufocinctus,worker,1,Hymenoxys.hoopesii,Asteraceae
2017,Avery.Wash,202,10,60,rufocinctus,worker,1,Helianthella.quinquenervis,Asteraceae
2017,Avery.Wash,202,10,60,sylvicola,worker,1,Hymenoxys.hoopesii,Asteraceae
2017,Avery.Wash,207,11,60,appositus,male,1,Delphinium.barbeyi,Ranunculaceae
2017,Avery.Wash,207,11,60,appositus,queen,1,Delphinium.barbeyi,Ranunculaceae
2017,Avery.Wash,207,11,60,appositus,worker,16,Delphinium.barbeyi,Ranunculaceae
2017,Avery.Wash,207,11,60,bifarius,queen,1,Senecio.bigelovii,Asteraceae
2017,Avery.Wash,207,11,60,bifarius,worker,1,Agoseris.glauca,Asteraceae
2017,Avery.Wash,207,11,60,bifarius,worker,3,Hymenoxys.hoopesii,Asteraceae
2017,Avery.Wash,207,11,60,bifarius,worker,3,Senecio.bigelovii,Asteraceae
2017,Avery.Wash,207,11,60,bifarius,worker,1,Solidago.multiradiata,Asteraceae
2017,Avery.Wash,207,11,60,bifarius,worker,1,Trifolium.repens,Fabaceae
2017,Avery.Wash,207,11,60,flavifrons,queen,4,Delphinium.barbeyi,Ranunculaceae
2017,Avery.Wash,207,11,60,flavifrons,worker,4,Aconitum.columbianum,Ranunculaceae
2017,Avery.Wash,207,11,60,flavifrons,worker,6,Cirsium.parryi,Asteraceae
2017,Avery.Wash,207,11,60,flavifrons,worker,9,Delphinium.barbeyi,Ranunculaceae
2017,Avery.Wash,207,11,60,flavifrons,worker,1,Erigeron.elatior,Asteraceae
2017,Avery.Wash,207,11,60,flavifrons,worker,3,Helianthella.quinquenervis,Asteraceae
2017,Avery.Wash,207,11,60,flavifrons,worker,2,Senecio.bigelovii,Asteraceae
2017,Avery.Wash,207,11,60,flavifrons,worker,1,Mertensia.ciliata,Boraginaceae
2017,Avery.Wash,207,11,60,flavifrons,worker,1,Rubus.idaeus,Rosaceae
2017,Avery.Wash,207,11,60,mixtus,male,2,Senecio.bigelovii,Asteraceae
2017,Avery.Wash,207,11,60,mixtus,queen,1,Heliomeris.multiflora,Asteraceae
2017,Avery.Wash,207,11,60,mixtus,worker,1,Mertensia.ciliata,Boraginaceae
2017,Avery.Wash,207,11,60,sylvicola,worker,1,Hymenoxys.hoopesii,Asteraceae
2017,Avery.Wash,207,11,60,sylvicola,worker,1,Senecio.bigelovii,Asteraceae
2017,Avery.Wash,216,12,60,appositus,male,2,Delphinium.barbeyi,Ranunculaceae
2017,Avery.Wash,216,12,60,appositus,queen,1,Delphinium.barbeyi,Ranunculaceae
2017,Avery.Wash,216,12,60,appositus,worker,11,Delphinium.barbeyi,Ranunculaceae
2017,Avery.Wash,216,12,60,bifarius,male,2,Senecio.bigelovii,Asteraceae
2017,Avery.Wash,216,12,60,bifarius,male,1,Senecio.serra.var.admirabilis,Asteraceae
2017,Avery.Wash,216,12,60,bifarius,worker,1,Achillea.millefolium,Asteraceae
2017,Avery.Wash,216,12,60,bifarius,worker,8,Heliomeris.multiflora,Asteraceae
2017,Avery.Wash,216,12,60,flavifrons,male,5,Cirsium.parryi,Asteraceae
2017,Avery.Wash,216,12,60,flavifrons,male,4,Senecio.bigelovii,Asteraceae
2017,Avery.Wash,216,12,60,flavifrons,queen,5,Delphinium.barbeyi,Ranunculaceae
2017,Avery.Wash,216,12,60,flavifrons,worker,2,Aconitum.columbianum,Ranunculaceae
2017,Avery.Wash,216,12,60,flavifrons,worker,2,Cirsium.parryi,Asteraceae
2017,Avery.Wash,216,12,60,flavifrons,worker,7,Delphinium.barbeyi,Ranunculaceae
2017,Avery.Wash,216,12,60,flavifrons,worker,2,Senecio.bigelovii,Asteraceae
2017,Avery.Wash,216,12,60,frigidus,worker,1,Heterotheca.villosa,Asteraceae
2017,Avery.Wash,216,12,60,insularis,queen,1,Hymenoxys.hoopesii,Asteraceae
2017,Avery.Wash,216,12,60,mixtus,worker,1,Cirsium.parryi,Asteraceae
2017,Avery.Wash,216,12,60,mixtus,worker,1,Heliomeris.multiflora,Asteraceae
2017,Avery.Wash,216,12,60,mixtus,worker,5,Senecio.bigelovii,Asteraceae
2017,Avery.Wash,216,12,60,rufocinctus,worker,1,Heliomeris.multiflora,Asteraceae
2017,Avery.Wash,216,12,60,sylvicola,worker,2,Heliomeris.multiflora,Asteraceae
2017,Avery.Wash,216,12,60,sylvicola,worker,1,Senecio.bigelovii,Asteraceae
2017,Avery.Wash,216,12,60,sylvicola,worker,1,Solidago.multiradiata,Asteraceae
2017,Avery.Wash,226,13,60,bifarius,male,3,Heliomeris.multiflora,Asteraceae
2017,Avery.Wash,226,13,60,bifarius,worker,16,Heliomeris.multiflora,Asteraceae
2017,Avery.Wash,226,13,60,flavifrons,male,6,Cirsium.parryi,Asteraceae
2017,Avery.Wash,226,13,60,flavifrons,male,9,Heliomeris.multiflora,Asteraceae
2017,Avery.Wash,226,13,60,flavifrons,male,4,Senecio.bigelovii,Asteraceae
2017,Avery.Wash,226,13,60,flavifrons,worker,1,Aconitum.columbianum,Ranunculaceae
2017,Avery.Wash,226,13,60,flavifrons,worker,1,Cirsium.parryi,Asteraceae
2017,Avery.Wash,226,13,60,flavifrons,worker,4,Delphinium.barbeyi,Ranunculaceae
2017,Avery.Wash,226,13,60,flavifrons,worker,3,Heliomeris.multiflora,Asteraceae
2017,Avery.Wash,226,13,60,flavifrons,worker,1,Senecio.serra.var.admirabilis,Asteraceae
2017,Avery.Wash,226,13,60,insularis,male,2,Heliomeris.multiflora,Asteraceae
2017,Avery.Wash,226,13,60,mixtus,worker,1,Heliomeris.multiflora,Asteraceae
2017,Avery.Wash,226,13,60,sylvicola,worker,1,Heliomeris.multiflora,Asteraceae
2017,Avery.Wash,234,14,60,bifarius,male,9,Heliomeris.multiflora,Asteraceae
2017,Avery.Wash,234,14,60,bifarius,worker,3,Heliomeris.multiflora,Asteraceae
2017,Avery.Wash,234,14,60,flavifrons,male,2,Cirsium.parryi,Asteraceae
2017,Avery.Wash,234,14,60,flavifrons,male,13,Heliomeris.multiflora,Asteraceae
2017,Avery.Wash,234,14,60,flavifrons,male,1,Senecio.serra.var.admirabilis,Asteraceae
2017,Avery.Wash,234,14,60,flavifrons,worker,5,Heliomeris.multiflora,Asteraceae
2017,Avery.Wash,234,14,60,insularis,male,5,Heliomeris.multiflora,Asteraceae
2017,Avery.Wash,234,14,60,mixtus,male,2,Heliomeris.multiflora,Asteraceae
2017,Avery.Wash,234,14,60,occidentalis,worker,1,Heliomeris.multiflora,Asteraceae
2017,Avery.Wash,243,15,60,appositus,male,1,Gentiana.parryi,Gentianaceae
2017,Avery.Wash,243,15,60,flavifrons,male,1,Cirsium.parryi,Asteraceae
2017,Avery.Wash,243,15,60,flavifrons,male,1,Heliomeris.multiflora,Asteraceae
2017,Avery.Wash,243,15,60,insularis,male,7,Heliomeris.multiflora,Asteraceae
2017,Avery.Wash,243,15,60,mixtus,male,1,Heliomeris.multiflora,Asteraceae
2017,Copper.Creek,135,1,60,bifarius,queen,1,Claytonia.lanceolata,Montiaceae
2017,Copper.Creek,145,2,60,bifarius,queen,4,Claytonia.lanceolata,Montiaceae
2017,Copper.Creek,148,2,60,bifarius,queen,1,Erythronium.grandiflorum,Liliaceae
2017,Copper.Creek,148,2,60,bifarius,queen,2,Mertensia.fusiformis,Boraginaceae
2017,Copper.Creek,148,2,60,bifarius,queen,1,Salix.sp,Salicaceae
2017,Copper.Creek,148,2,60,melanopygus,queen,1,Claytonia.lanceolata,Montiaceae
2017,Copper.Creek,153,3,60,bifarius,queen,1,Claytonia.lanceolata,Montiaceae
2017,Copper.Creek,153,3,60,bifarius,queen,6,Erythronium.grandiflorum,Liliaceae
2017,Copper.Creek,153,3,60,bifarius,queen,1,Mertensia.fusiformis,Boraginaceae
2017,Copper.Creek,153,3,60,flavifrons,queen,1,Erythronium.grandiflorum,Liliaceae
2017,Copper.Creek,153,3,60,rufocinctus,queen,2,Erythronium.grandiflorum,Liliaceae
2017,Copper.Creek,160,4,60,appositus,queen,2,Delphinium.nuttallianum,Ranunculaceae
2017,Copper.Creek,160,4,60,bifarius,queen,1,Taraxacum.officinale,Asteraceae
2017,Copper.Creek,160,4,60,flavifrons,queen,2,Hydrophyllum.capitatum,Hydrophyllaceae
2017,Copper.Creek,160,4,60,rufocinctus,queen,4,Mertensia.fusiformis,Boraginaceae
2017,Copper.Creek,166,5,60,appositus,queen,3,Delphinium.nuttallianum,Ranunculaceae
2017,Copper.Creek,166,5,60,bifarius,queen,1,Hydrophyllum.capitatum,Hydrophyllaceae
2017,Copper.Creek,166,5,60,californicus,queen,2,Delphinium.nuttallianum,Ranunculaceae
2017,Copper.Creek,166,5,60,flavifrons,queen,2,Hydrophyllum.capitatum,Hydrophyllaceae
2017,Copper.Creek,166,5,60,flavifrons,queen,3,Hydrophyllum.fendleri,Hydrophyllaceae
2017,Copper.Creek,166,5,60,flavifrons,queen,1,Lathyrus.lanszwertii.var.leucanthus,Fabaceae
2017,Copper.Creek,166,5,60,mixtus,queen,1,Hydrophyllum.fendleri,Hydrophyllaceae
2017,Copper.Creek,173,6,60,appositus,queen,3,Delphinium.nuttallianum,Ranunculaceae
2017,Copper.Creek,173,6,60,appositus,queen,1,Lathyrus.lanszwertii.var.leucanthus,Fabaceae
2017,Copper.Creek,173,6,60,bifarius,queen,2,Hydrophyllum.fendleri,Hydrophyllaceae
2017,Copper.Creek,173,6,60,bifarius,queen,1,Lathyrus.lanszwertii.var.leucanthus,Fabaceae
2017,Copper.Creek,173,6,60,californicus,queen,3,Lathyrus.lanszwertii.var.leucanthus,Fabaceae
2017,Copper.Creek,173,6,60,flavifrons,queen,4,Hydrophyllum.fendleri,Hydrophyllaceae
2017,Copper.Creek,173,6,60,flavifrons,queen,2,Lathyrus.lanszwertii.var.leucanthus,Fabaceae
2017,Copper.Creek,173,6,60,flavifrons,queen,1,Lupinus.sericeus.var.sericeus,Fabaceae
2017,Copper.Creek,173,6,60,rufocinctus,queen,4,Frasera.speciosa,Gentianaceae
2017,Copper.Creek,181,7,60,appositus,queen,1,Lathyrus.lanszwertii.var.leucanthus,Fabaceae
2017,Copper.Creek,181,7,60,appositus,queen,1,Vicia.americana,Fabaceae
2017,Copper.Creek,181,7,60,bifarius,queen,5,Frasera.speciosa,Gentianaceae
2017,Copper.Creek,181,7,60,bifarius,queen,1,Hydrophyllum.fendleri,Hydrophyllaceae
2017,Copper.Creek,181,7,60,bifarius,queen,1,Vicia.americana,Fabaceae
2017,Copper.Creek,181,7,60,bifarius,worker,1,Lathyrus.lanszwertii.var.leucanthus,Fabaceae
2017,Copper.Creek,181,7,60,californicus,queen,1,Lathyrus.lanszwertii.var.leucanthus,Fabaceae
2017,Copper.Creek,181,7,60,flavifrons,queen,2,Hydrophyllum.fendleri,Hydrophyllaceae
2017,Copper.Creek,181,7,60,flavifrons,queen,3,Lathyrus.lanszwertii.var.leucanthus,Fabaceae
2017,Copper.Creek,181,7,60,flavifrons,queen,1,Vicia.americana,Fabaceae
2017,Copper.Creek,181,7,60,flavifrons,worker,5,Hydrophyllum.fendleri,Hydrophyllaceae
2017,Copper.Creek,181,7,60,insularis,queen,2,Hydrophyllum.fendleri,Hydrophyllaceae
2017,Copper.Creek,181,7,60,rufocinctus,queen,1,Phacelia.heterophylla,Boraginaceae
2017,Copper.Creek,181,7,60,rufocinctus,worker,1,Hydrophyllum.fendleri,Hydrophyllaceae
2017,Copper.Creek,192,8,60,appositus,queen,3,Delphinium.barbeyi,Ranunculaceae
2017,Copper.Creek,192,8,60,appositus,queen,1,Pedicularis.procera,Orobanchaceae
2017,Copper.Creek,192,8,60,appositus,worker,18,Delphinium.barbeyi,Ranunculaceae
2017,Copper.Creek,192,8,60,bifarius,queen,6,Frasera.speciosa,Gentianaceae
2017,Copper.Creek,192,8,60,bifarius,worker,4,Helianthella.quinquenervis,Asteraceae
2017,Copper.Creek,192,8,60,bifarius,worker,2,Phacelia.heterophylla,Boraginaceae
2017,Copper.Creek,192,8,60,californicus,queen,1,Delphinium.barbeyi,Ranunculaceae
2017,Copper.Creek,192,8,60,flavifrons,male,1,Delphinium.barbeyi,Ranunculaceae
2017,Copper.Creek,192,8,60,flavifrons,male,1,Phacelia.heterophylla,Boraginaceae
2017,Copper.Creek,192,8,60,flavifrons,queen,4,Delphinium.barbeyi,Ranunculaceae
2017,Copper.Creek,192,8,60,flavifrons,queen,3,Frasera.speciosa,Gentianaceae
2017,Copper.Creek,192,8,60,flavifrons,queen,1,Vicia.americana,Fabaceae
2017,Copper.Creek,192,8,60,flavifrons,worker,5,Aconitum.columbianum,Ranunculaceae
2017,Copper.Creek,192,8,60,flavifrons,worker,1,Delphinium.barbeyi,Ranunculaceae
2017,Copper.Creek,192,8,60,flavifrons,worker,4,Frasera.speciosa,Gentianaceae
2017,Copper.Creek,192,8,60,flavifrons,worker,2,Geranium.richardsonii,Geraniaceae
2017,Copper.Creek,192,8,60,flavifrons,worker,2,Helianthella.quinquenervis,Asteraceae
2017,Copper.Creek,192,8,60,flavifrons,worker,2,Hydrophyllum.fendleri,Hydrophyllaceae
2017,Copper.Creek,192,8,60,flavifrons,worker,2,Phacelia.heterophylla,Boraginaceae
2017,Copper.Creek,192,8,60,flavifrons,worker,4,Vicia.americana,Fabaceae
2017,Copper.Creek,192,8,60,insularis,queen,1,Hymenoxys.hoopesii,Asteraceae
2017,Copper.Creek,192,8,60,insularis,queen,1,Frasera.speciosa,Gentianaceae
2017,Copper.Creek,192,8,60,insularis,queen,5,Helianthella.quinquenervis,Asteraceae
2017,Copper.Creek,192,8,60,insularis,queen,1,Phacelia.heterophylla,Boraginaceae
2017,Copper.Creek,192,8,60,rufocinctus,queen,1,Frasera.speciosa,Gentianaceae
2017,Copper.Creek,192,8,60,rufocinctus,worker,1,Helianthella.quinquenervis,Asteraceae
2017,Copper.Creek,192,8,60,rufocinctus,worker,1,Phacelia.heterophylla,Boraginaceae
2017,Copper.Creek,192,8,60,rufocinctus,worker,1,Potentilla.pulcherrima,Rosaceae
2017,Copper.Creek,197,9,60,appositus,queen,2,Delphinium.barbeyi,Ranunculaceae
2017,Copper.Creek,197,9,60,appositus,worker,18,Delphinium.barbeyi,Ranunculaceae
2017,Copper.Creek,197,9,60,bifarius,queen,1,Heracleum.maximum,Apiaceae
2017,Copper.Creek,197,9,60,bifarius,worker,2,Hackelia.floribunda,Boraginaceae
2017,Copper.Creek,197,9,60,bifarius,worker,3,Potentilla.pulcherrima,Rosaceae
2017,Copper.Creek,197,9,60,bifarius,worker,1,Pyrrocoma.crocea,Asteraceae
2017,Copper.Creek,197,9,60,californicus,worker,2,Delphinium.barbeyi,Ranunculaceae
2017,Copper.Creek,197,9,60,centralis,worker,1,Pyrrocoma.crocea,Asteraceae
2017,Copper.Creek,197,9,60,flavifrons,male,1,Helianthella.quinquenervis,Asteraceae
2017,Copper.Creek,197,9,60,flavifrons,worker,11,Aconitum.columbianum,Ranunculaceae
2017,Copper.Creek,197,9,60,flavifrons,worker,1,Delphinium.barbeyi,Ranunculaceae
2017,Copper.Creek,197,9,60,flavifrons,worker,1,Hymenoxys.hoopesii,Asteraceae
2017,Copper.Creek,197,9,60,flavifrons,worker,1,Geranium.richardsonii,Geraniaceae
2017,Copper.Creek,197,9,60,flavifrons,worker,2,Helianthella.quinquenervis,Asteraceae
2017,Copper.Creek,197,9,60,insularis,queen,1,Phacelia.heterophylla,Boraginaceae
2017,Copper.Creek,197,9,60,nevadensis,worker,2,Delphinium.barbeyi,Ranunculaceae
2017,Copper.Creek,197,9,60,rufocinctus,male,1,Hymenoxys.hoopesii,Asteraceae
2017,Copper.Creek,197,9,60,rufocinctus,worker,1,Potentilla.pulcherrima,Rosaceae
2017,Copper.Creek,204,10,60,appositus,male,1,Delphinium.barbeyi,Ranunculaceae
2017,Copper.Creek,204,10,60,appositus,queen,2,Delphinium.barbeyi,Ranunculaceae
2017,Copper.Creek,204,10,60,appositus,worker,11,Delphinium.barbeyi,Ranunculaceae
2017,Copper.Creek,204,10,60,bifarius,male,1,Hymenoxys.hoopesii,Asteraceae
2017,Copper.Creek,204,10,60,bifarius,male,3,Erigeron.speciosus,Asteraceae
2017,Copper.Creek,204,10,60,bifarius,queen,2,Hymenoxys.hoopesii,Asteraceae
2017,Copper.Creek,204,10,60,bifarius,worker,1,Campanula.rotundifolia,Campanulaceae
2017,Copper.Creek,204,10,60,bifarius,worker,4,Hymenoxys.hoopesii,Asteraceae
2017,Copper.Creek,204,10,60,bifarius,worker,1,Erigeron.speciosus,Asteraceae
2017,Copper.Creek,204,10,60,bifarius,worker,1,Heterotheca.villosa,Asteraceae
2017,Copper.Creek,204,10,60,bifarius,worker,1,Potentilla.pulcherrima,Rosaceae
2017,Copper.Creek,204,10,60,californicus,worker,2,Delphinium.barbeyi,Ranunculaceae
2017,Copper.Creek,204,10,60,flavifrons,male,1,Heterotheca.villosa,Asteraceae
2017,Copper.Creek,204,10,60,flavifrons,queen,2,Delphinium.barbeyi,Ranunculaceae
2017,Copper.Creek,204,10,60,flavifrons,worker,4,Aconitum.columbianum,Ranunculaceae
2017,Copper.Creek,204,10,60,flavifrons,worker,2,Hymenoxys.hoopesii,Asteraceae
2017,Copper.Creek,204,10,60,flavifrons,worker,2,Geranium.richardsonii,Geraniaceae
2017,Copper.Creek,204,10,60,flavifrons,worker,1,Helianthella.quinquenervis,Asteraceae
2017,Copper.Creek,204,10,60,insularis,male,1,Hymenoxys.hoopesii,Asteraceae
2017,Copper.Creek,204,10,60,insularis,queen,1,Hymenoxys.hoopesii,Asteraceae
2017,Copper.Creek,204,10,60,insularis,queen,1,Erigeron.speciosus,Asteraceae
2017,Copper.Creek,204,10,60,insularis,queen,1,Heterotheca.villosa,Asteraceae
2017,Copper.Creek,204,10,60,nevadensis,worker,5,Delphinium.barbeyi,Ranunculaceae
2017,Copper.Creek,204,10,60,rufocinctus,worker,2,Hymenoxys.hoopesii,Asteraceae
2017,Copper.Creek,204,10,60,rufocinctus,worker,1,Potentilla.pulcherrima,Rosaceae
2017,Copper.Creek,208,11,60,appositus,male,2,Delphinium.barbeyi,Ranunculaceae
2017,Copper.Creek,208,11,60,appositus,queen,1,Delphinium.barbeyi,Ranunculaceae
2017,Copper.Creek,208,11,60,appositus,worker,11,Delphinium.barbeyi,Ranunculaceae
2017,Copper.Creek,208,11,60,bifarius,male,1,Hymenoxys.hoopesii,Asteraceae
2017,Copper.Creek,208,11,60,bifarius,male,2,Erigeron.speciosus,Asteraceae
2017,Copper.Creek,208,11,60,bifarius,male,1,Senecio.serra.var.admirabilis,Asteraceae
2017,Copper.Creek,208,11,60,bifarius,queen,1,Hymenoxys.hoopesii,Asteraceae
2017,Copper.Creek,208,11,60,bifarius,worker,5,Hymenoxys.hoopesii,Asteraceae
2017,Copper.Creek,208,11,60,bifarius,worker,3,Erigeron.speciosus,Asteraceae
2017,Copper.Creek,208,11,60,bifarius,worker,3,Hackelia.floribunda,Boraginaceae
2017,Copper.Creek,208,11,60,bifarius,worker,1,Helianthella.quinquenervis,Asteraceae
2017,Copper.Creek,208,11,60,bifarius,worker,1,Heliomeris.multiflora,Asteraceae
2017,Copper.Creek,208,11,60,bifarius,worker,3,Pyrrocoma.crocea,Asteraceae
2017,Copper.Creek,208,11,60,flavifrons,queen,2,Delphinium.barbeyi,Ranunculaceae
2017,Copper.Creek,208,11,60,flavifrons,worker,1,Aconitum.columbianum,Ranunculaceae
2017,Copper.Creek,208,11,60,flavifrons,worker,6,Delphinium.barbeyi,Ranunculaceae
2017,Copper.Creek,208,11,60,flavifrons,worker,2,Hymenoxys.hoopesii,Asteraceae
2017,Copper.Creek,208,11,60,insularis,queen,1,Hymenoxys.hoopesii,Asteraceae
2017,Copper.Creek,208,11,60,insularis,queen,1,Heterotheca.villosa,Asteraceae
2017,Copper.Creek,208,11,60,nevadensis,worker,1,Delphinium.barbeyi,Ranunculaceae
2017,Copper.Creek,208,11,60,occidentalis,worker,1,Delphinium.barbeyi,Ranunculaceae
2017,Copper.Creek,208,11,60,rufocinctus,male,1,Hymenoxys.hoopesii,Asteraceae
2017,Copper.Creek,208,11,60,rufocinctus,worker,2,Hymenoxys.hoopesii,Asteraceae
2017,Copper.Creek,208,11,60,rufocinctus,worker,3,Erigeron.speciosus,Asteraceae
2017,Copper.Creek,215,12,60,appositus,male,1,Delphinium.barbeyi,Ranunculaceae
2017,Copper.Creek,215,12,60,appositus,male,2,Heliomeris.multiflora,Asteraceae
2017,Copper.Creek,215,12,60,appositus,male,1,Pyrrocoma.crocea,Asteraceae
2017,Copper.Creek,215,12,60,appositus,worker,1,Erigeron.speciosus,Asteraceae
2017,Copper.Creek,215,12,60,appositus,worker,1,Heliomeris.multiflora,Asteraceae
2017,Copper.Creek,215,12,60,bifarius,male,1,Hymenoxys.hoopesii,Asteraceae
2017,Copper.Creek,215,12,60,bifarius,male,6,Heliomeris.multiflora,Asteraceae
2017,Copper.Creek,215,12,60,bifarius,worker,15,Heliomeris.multiflora,Asteraceae
2017,Copper.Creek,215,12,60,flavifrons,male,1,Senecio.bigelovii,Asteraceae
2017,Copper.Creek,215,12,60,flavifrons,worker,2,Aconitum.columbianum,Ranunculaceae
2017,Copper.Creek,215,12,60,flavifrons,worker,1,Delphinium.barbeyi,Ranunculaceae
2017,Copper.Creek,215,12,60,insularis,male,1,Heliomeris.multiflora,Asteraceae
2017,Copper.Creek,215,12,60,mixtus,worker,1,Heliomeris.multiflora,Asteraceae
2017,Copper.Creek,215,12,60,occidentalis,worker,1,Heliomeris.multiflora,Asteraceae
2017,Copper.Creek,215,12,60,rufocinctus,male,1,Heliomeris.multiflora,Asteraceae
2017,Copper.Creek,215,12,60,rufocinctus,worker,1,Heliomeris.multiflora,Asteraceae
2017,Copper.Creek,227,13,60,appositus,male,2,Heliomeris.multiflora,Asteraceae
2017,Copper.Creek,227,13,60,appositus,male,1,Senecio.bigelovii,Asteraceae
2017,Copper.Creek,227,13,60,bifarius,male,14,Heliomeris.multiflora,Asteraceae
2017,Copper.Creek,227,13,60,bifarius,queen,1,Heliomeris.multiflora,Asteraceae
2017,Copper.Creek,227,13,60,bifarius,worker,1,Erigeron.speciosus,Asteraceae
2017,Copper.Creek,227,13,60,bifarius,worker,16,Heliomeris.multiflora,Asteraceae
2017,Copper.Creek,227,13,60,flavifrons,male,5,Heliomeris.multiflora,Asteraceae
2017,Copper.Creek,227,13,60,flavifrons,worker,1,Heliomeris.multiflora,Asteraceae
2017,Copper.Creek,227,13,60,insularis,male,40,Heliomeris.multiflora,Asteraceae
2017,Copper.Creek,227,13,60,insularis,male,2,Heterotheca.villosa,Asteraceae
2017,Copper.Creek,227,13,60,insularis,male,3,Pyrrocoma.crocea,Asteraceae
2017,Copper.Creek,227,13,60,insularis,queen,1,Heliomeris.multiflora,Asteraceae
2017,Copper.Creek,227,13,60,occidentalis,male,3,Heliomeris.multiflora,Asteraceae
2017,Copper.Creek,227,13,60,occidentalis,worker,1,Heliomeris.multiflora,Asteraceae
2017,Copper.Creek,227,13,60,rufocinctus,male,3,Heliomeris.multiflora,Asteraceae
2017,Copper.Creek,235,14,60,appositus,male,2,Gentiana.parryi,Gentianaceae
2017,Copper.Creek,235,14,60,appositus,male,1,Heliomeris.multiflora,Asteraceae
2017,Copper.Creek,235,14,60,bifarius,male,1,Heliomeris.multiflora,Asteraceae
2017,Copper.Creek,235,14,60,bifarius,male,1,Heterotheca.villosa,Asteraceae
2017,Copper.Creek,235,14,60,bifarius,worker,2,Heliomeris.multiflora,Asteraceae
2017,Copper.Creek,235,14,60,flavifrons,male,5,Heliomeris.multiflora,Asteraceae
2017,Copper.Creek,235,14,60,insularis,male,37,Heliomeris.multiflora,Asteraceae
2017,Copper.Creek,235,14,60,insularis,male,11,Heterotheca.villosa,Asteraceae
2017,Copper.Creek,235,14,60,rufocinctus,male,2,Heliomeris.multiflora,Asteraceae
2017,Copper.Creek,244,15,60,appositus,male,2,Gentiana.parryi,Gentianaceae
2017,Copper.Creek,244,15,60,flavifrons,male,4,Heliomeris.multiflora,Asteraceae
2017,Copper.Creek,244,15,60,insularis,male,25,Heliomeris.multiflora,Asteraceae
2017,Copper.Creek,244,15,60,rufocinctus,male,1,Heliomeris.multiflora,Asteraceae
2017,Copper.Creek,253,16,60,insularis,male,3,Heterotheca.villosa,Asteraceae
2017,Frogs.Pond,136,1,60,bifarius,queen,2,Salix.sp,Salicaceae
2017,Frogs.Pond,144,2,60,bifarius,queen,4,Mertensia.fusiformis,Boraginaceae
2017,Frogs.Pond,144,2,60,flavifrons,queen,1,Mertensia.fusiformis,Boraginaceae
2017,Frogs.Pond,149,2,60,bifarius,queen,5,Mertensia.fusiformis,Boraginaceae
2017,Frogs.Pond,149,2,60,flavifrons,queen,1,Mertensia.fusiformis,Boraginaceae
2017,Frogs.Pond,149,2,60,rufocinctus,queen,1,Mertensia.fusiformis,Boraginaceae
2017,Frogs.Pond,155,3,60,bifarius,queen,4,Mertensia.fusiformis,Boraginaceae
2017,Frogs.Pond,155,3,60,flavifrons,queen,4,Mertensia.fusiformis,Boraginaceae
2017,Frogs.Pond,155,3,60,rufocinctus,queen,5,Mertensia.fusiformis,Boraginaceae
2017,Frogs.Pond,161,4,60,flavifrons,queen,4,Hydrophyllum.fendleri,Hydrophyllaceae
2017,Frogs.Pond,161,4,60,flavifrons,queen,1,Mertensia.fusiformis,Boraginaceae
2017,Frogs.Pond,161,4,60,rufocinctus,queen,2,Hydrophyllum.fendleri,Hydrophyllaceae
2017,Frogs.Pond,161,4,60,rufocinctus,queen,1,Mertensia.fusiformis,Boraginaceae
2017,Frogs.Pond,161,4,60,rufocinctus,queen,1,Taraxacum.officinale,Asteraceae
2017,Frogs.Pond,167,5,60,bifarius,queen,1,Lupinus.sericeus.var.sericeus,Fabaceae
2017,Frogs.Pond,167,5,60,californicus,queen,1,Lathyrus.lanszwertii.var.leucanthus,Fabaceae
2017,Frogs.Pond,167,5,60,flavifrons,queen,4,Hydrophyllum.fendleri,Hydrophyllaceae
2017,Frogs.Pond,167,5,60,rufocinctus,queen,1,Lupinus.sericeus.var.sericeus,Fabaceae
2017,Frogs.Pond,173,6,60,appositus,queen,1,Lathyrus.lanszwertii.var.leucanthus,Fabaceae
2017,Frogs.Pond,173,6,60,appositus,queen,1,Lupinus.sericeus.var.sericeus,Fabaceae
2017,Frogs.Pond,173,6,60,bifarius,queen,2,Frasera.speciosa,Gentianaceae
2017,Frogs.Pond,173,6,60,bifarius,queen,2,Lupinus.sericeus.var.sericeus,Fabaceae
2017,Frogs.Pond,173,6,60,flavifrons,queen,1,Lupinus.sericeus.var.sericeus,Fabaceae
2017,Frogs.Pond,173,6,60,rufocinctus,queen,1,Hydrophyllum.fendleri,Hydrophyllaceae
2017,Frogs.Pond,173,6,60,rufocinctus,queen,8,Lupinus.sericeus.var.sericeus,Fabaceae
2017,Frogs.Pond,180,7,60,appositus,queen,1,Delphinium.barbeyi,Ranunculaceae
2017,Frogs.Pond,180,7,60,bifarius,worker,1,Hydrophyllum.fendleri,Hydrophyllaceae
2017,Frogs.Pond,180,7,60,californicus,queen,1,Frasera.speciosa,Gentianaceae
2017,Frogs.Pond,180,7,60,rufocinctus,queen,2,Frasera.speciosa,Gentianaceae
2017,Frogs.Pond,180,7,60,rufocinctus,queen,1,Hydrophyllum.fendleri,Hydrophyllaceae
2017,Frogs.Pond,180,7,60,rufocinctus,queen,1,Lupinus.sericeus.var.sericeus,Fabaceae
2017,Frogs.Pond,180,7,60,rufocinctus,worker,1,Hydrophyllum.fendleri,Hydrophyllaceae
2017,Frogs.Pond,192,8,60,appositus,worker,18,Delphinium.barbeyi,Ranunculaceae
2017,Frogs.Pond,192,8,60,bifarius,worker,1,Erigeron.speciosus,Asteraceae
2017,Frogs.Pond,192,8,60,bifarius,worker,8,Hackelia.floribunda,Boraginaceae
2017,Frogs.Pond,192,8,60,bifarius,worker,1,Helianthella.quinquenervis,Asteraceae
2017,Frogs.Pond,192,8,60,bifarius,worker,2,Heterotheca.villosa,Asteraceae
2017,Frogs.Pond,192,8,60,bifarius,worker,1,Potentilla.pulcherrima,Rosaceae
2017,Frogs.Pond,192,8,60,flavifrons,queen,1,Delphinium.barbeyi,Ranunculaceae
2017,Frogs.Pond,192,8,60,flavifrons,worker,1,Delphinium.barbeyi,Ranunculaceae
2017,Frogs.Pond,192,8,60,flavifrons,worker,1,Erigeron.speciosus,Asteraceae
2017,Frogs.Pond,192,8,60,rufocinctus,queen,1,Erigeron.speciosus,Asteraceae
2017,Frogs.Pond,192,8,60,rufocinctus,queen,1,Frasera.speciosa,Gentianaceae
2017,Frogs.Pond,192,8,60,rufocinctus,worker,2,Erigeron.speciosus,Asteraceae
2017,Frogs.Pond,192,8,60,rufocinctus,worker,3,Frasera.speciosa,Gentianaceae
2017,Frogs.Pond,192,8,60,rufocinctus,worker,1,Pyrrocoma.crocea,Asteraceae
2017,Frogs.Pond,192,8,60,sylvicola,worker,1,Helianthella.quinquenervis,Asteraceae
2017,Frogs.Pond,198,9,60,appositus,worker,5,Delphinium.barbeyi,Ranunculaceae
2017,Frogs.Pond,198,9,60,appositus,worker,2,Linaria.vulgaris,Plantaginaceae
2017,Frogs.Pond,198,9,60,bifarius,male,1,Hymenoxys.hoopesii,Asteraceae
2017,Frogs.Pond,198,9,60,bifarius,worker,1,Agoseris.glauca,Asteraceae
2017,Frogs.Pond,198,9,60,bifarius,worker,1,Calochortus.gunnisonii,Liliaceae
2017,Frogs.Pond,198,9,60,bifarius,worker,1,Hymenoxys.hoopesii,Asteraceae
2017,Frogs.Pond,198,9,60,bifarius,worker,1,Erigeron.speciosus,Asteraceae
2017,Frogs.Pond,198,9,60,bifarius,worker,2,Hackelia.floribunda,Boraginaceae
2017,Frogs.Pond,198,9,60,bifarius,worker,1,Helianthella.quinquenervis,Asteraceae
2017,Frogs.Pond,198,9,60,bifarius,worker,1,Potentilla.fruticosa,Rosaceae
2017,Frogs.Pond,198,9,60,bifarius,worker,3,Potentilla.pulcherrima,Rosaceae
2017,Frogs.Pond,198,9,60,flavifrons,male,1,Helianthella.quinquenervis,Asteraceae
2017,Frogs.Pond,198,9,60,flavifrons,worker,1,Cirsium.parryi,Asteraceae
2017,Frogs.Pond,198,9,60,flavifrons,worker,7,Delphinium.barbeyi,Ranunculaceae
2017,Frogs.Pond,198,9,60,mixtus,queen,1,Erigeron.elatior,Asteraceae
2017,Frogs.Pond,198,9,60,rufocinctus,queen,1,Hymenoxys.hoopesii,Asteraceae
2017,Frogs.Pond,198,9,60,rufocinctus,worker,6,Calochortus.gunnisonii,Liliaceae
2017,Frogs.Pond,198,9,60,rufocinctus,worker,5,Erigeron.speciosus,Asteraceae
2017,Frogs.Pond,198,9,60,rufocinctus,worker,1,Linaria.vulgaris,Plantaginaceae
2017,Frogs.Pond,198,9,60,rufocinctus,worker,1,Potentilla.fruticosa,Rosaceae
2017,Frogs.Pond,198,9,60,sylvicola,worker,1,Hymenoxys.hoopesii,Asteraceae
2017,Frogs.Pond,205,10,60,appositus,worker,13,Delphinium.barbeyi,Ranunculaceae
2017,Frogs.Pond,205,10,60,appositus,worker,1,Linaria.vulgaris,Plantaginaceae
2017,Frogs.Pond,205,10,60,bifarius,worker,1,Helianthella.quinquenervis,Asteraceae
2017,Frogs.Pond,205,10,60,bifarius,worker,4,Heliomeris.multiflora,Asteraceae
2017,Frogs.Pond,205,10,60,flavifrons,worker,1,Cirsium.parryi,Asteraceae
2017,Frogs.Pond,205,10,60,flavifrons,worker,7,Delphinium.barbeyi,Ranunculaceae
2017,Frogs.Pond,205,10,60,flavifrons,worker,1,Erigeron.speciosus,Asteraceae
2017,Frogs.Pond,205,10,60,flavifrons,worker,1,Frasera.speciosa,Gentianaceae
2017,Frogs.Pond,205,10,60,occidentalis,worker,1,Ipomopsis.aggregata,Polemoniaceae
2017,Frogs.Pond,205,10,60,rufocinctus,male,1,Heliomeris.multiflora,Asteraceae
2017,Frogs.Pond,205,10,60,rufocinctus,worker,1,Calochortus.gunnisonii,Liliaceae
2017,Frogs.Pond,205,10,60,rufocinctus,worker,1,Hymenoxys.hoopesii,Asteraceae
2017,Frogs.Pond,205,10,60,rufocinctus,worker,2,Erigeron.speciosus,Asteraceae
2017,Frogs.Pond,205,10,60,rufocinctus,worker,7,Heliomeris.multiflora,Asteraceae
2017,Frogs.Pond,205,10,60,rufocinctus,worker,1,Pyrrocoma.crocea,Asteraceae
2017,Frogs.Pond,208,11,60,appositus,male,1,Aconitum.columbianum,Ranunculaceae
2017,Frogs.Pond,208,11,60,appositus,queen,1,Delphinium.barbeyi,Ranunculaceae
2017,Frogs.Pond,208,11,60,appositus,queen,1,Linaria.vulgaris,Plantaginaceae
2017,Frogs.Pond,208,11,60,appositus,worker,4,Delphinium.barbeyi,Ranunculaceae
2017,Frogs.Pond,208,11,60,appositus,worker,2,Linaria.vulgaris,Plantaginaceae
2017,Frogs.Pond,208,11,60,bifarius,worker,18,Erigeron.speciosus,Asteraceae
2017,Frogs.Pond,208,11,60,bifarius,worker,1,Helianthella.quinquenervis,Asteraceae
2017,Frogs.Pond,208,11,60,bifarius,worker,7,Heliomeris.multiflora,Asteraceae
2017,Frogs.Pond,208,11,60,bifarius,worker,2,Heterotheca.villosa,Asteraceae
2017,Frogs.Pond,208,11,60,bifarius,worker,1,Senecio.bigelovii,Asteraceae
2017,Frogs.Pond,208,11,60,bifarius,worker,1,Linaria.vulgaris,Plantaginaceae
2017,Frogs.Pond,208,11,60,bifarius,worker,1,Potentilla.fruticosa,Rosaceae
2017,Frogs.Pond,208,11,60,flavifrons,male,1,Cirsium.parryi,Asteraceae
2017,Frogs.Pond,208,11,60,flavifrons,worker,1,Delphinium.barbeyi,Ranunculaceae
2017,Frogs.Pond,208,11,60,mixtus,male,1,Cirsium.parryi,Asteraceae
2017,Frogs.Pond,208,11,60,mixtus,worker,1,Erigeron.speciosus,Asteraceae
2017,Frogs.Pond,208,11,60,occidentalis,worker,2,Ipomopsis.aggregata,Polemoniaceae
2017,Frogs.Pond,208,11,60,rufocinctus,worker,1,Campanula.rotundifolia,Campanulaceae
2017,Frogs.Pond,208,11,60,rufocinctus,worker,1,Erigeron.elatior,Asteraceae
2017,Frogs.Pond,208,11,60,rufocinctus,worker,11,Erigeron.speciosus,Asteraceae
2017,Frogs.Pond,208,11,60,rufocinctus,worker,3,Senecio.bigelovii,Asteraceae
2017,Frogs.Pond,208,11,60,rufocinctus,worker,2,Potentilla.fruticosa,Rosaceae
2017,Frogs.Pond,215,12,60,appositus,male,1,Cirsium.parryi,Asteraceae
2017,Frogs.Pond,215,12,60,appositus,male,1,Linaria.vulgaris,Plantaginaceae
2017,Frogs.Pond,215,12,60,appositus,worker,2,Linaria.vulgaris,Plantaginaceae
2017,Frogs.Pond,215,12,60,bifarius,male,3,Heliomeris.multiflora,Asteraceae
2017,Frogs.Pond,215,12,60,bifarius,male,1,Heterotheca.villosa,Asteraceae
2017,Frogs.Pond,215,12,60,bifarius,male,1,Linaria.vulgaris,Plantaginaceae
2017,Frogs.Pond,215,12,60,bifarius,worker,3,Erigeron.speciosus,Asteraceae
2017,Frogs.Pond,215,12,60,bifarius,worker,16,Heliomeris.multiflora,Asteraceae
2017,Frogs.Pond,215,12,60,bifarius,worker,1,Senecio.bigelovii,Asteraceae
2017,Frogs.Pond,215,12,60,californicus,male,1,Cirsium.parryi,Asteraceae
2017,Frogs.Pond,215,12,60,californicus,worker,1,Castilleja.sulphurea,Orobanchaceae
2017,Frogs.Pond,215,12,60,californicus,worker,1,Linaria.vulgaris,Plantaginaceae
2017,Frogs.Pond,215,12,60,flavifrons,male,3,Cirsium.parryi,Asteraceae
2017,Frogs.Pond,215,12,60,flavifrons,male,1,Senecio.bigelovii,Asteraceae
2017,Frogs.Pond,215,12,60,flavifrons,worker,4,Cirsium.parryi,Asteraceae
2017,Frogs.Pond,215,12,60,flavifrons,worker,1,Delphinium.barbeyi,Ranunculaceae
2017,Frogs.Pond,215,12,60,rufocinctus,worker,3,Heliomeris.multiflora,Asteraceae
2017,Frogs.Pond,215,12,60,rufocinctus,worker,1,Senecio.bigelovii,Asteraceae
2017,Frogs.Pond,215,12,60,sylvicola,worker,1,Heliomeris.multiflora,Asteraceae
2017,Frogs.Pond,215,12,60,sylvicola,worker,1,Senecio.bigelovii,Asteraceae
2017,Frogs.Pond,227,13,60,appositus,male,2,Cirsium.parryi,Asteraceae
2017,Frogs.Pond,227,13,60,appositus,male,2,Ericameria.parryi,Asteraceae
2017,Frogs.Pond,227,13,60,appositus,male,2,Linaria.vulgaris,Plantaginaceae
2017,Frogs.Pond,227,13,60,bifarius,male,11,Heliomeris.multiflora,Asteraceae
2017,Frogs.Pond,227,13,60,bifarius,worker,2,Ericameria.parryi,Asteraceae
2017,Frogs.Pond,227,13,60,bifarius,worker,24,Heliomeris.multiflora,Asteraceae
2017,Frogs.Pond,227,13,60,bifarius,worker,1,Heterotheca.villosa,Asteraceae
2017,Frogs.Pond,227,13,60,bifarius,worker,1,Linaria.vulgaris,Plantaginaceae
2017,Frogs.Pond,227,13,60,californicus,queen,1,Linaria.vulgaris,Plantaginaceae
2017,Frogs.Pond,227,13,60,californicus,worker,1,Linaria.vulgaris,Plantaginaceae
2017,Frogs.Pond,227,13,60,flavifrons,male,1,Cirsium.parryi,Asteraceae
2017,Frogs.Pond,227,13,60,flavifrons,male,1,Heliomeris.multiflora,Asteraceae
2017,Frogs.Pond,227,13,60,flavifrons,male,2,Senecio.bigelovii,Asteraceae
2017,Frogs.Pond,227,13,60,flavifrons,worker,1,Heliomeris.multiflora,Asteraceae
2017,Frogs.Pond,227,13,60,insularis,male,2,Ericameria.parryi,Asteraceae
2017,Frogs.Pond,227,13,60,insularis,male,7,Heliomeris.multiflora,Asteraceae
2017,Frogs.Pond,227,13,60,insularis,male,2,Senecio.bigelovii,Asteraceae
2017,Frogs.Pond,227,13,60,mixtus,worker,1,Solidago.missouriensis,Asteraceae
2017,Frogs.Pond,227,13,60,rufocinctus,male,1,Heliomeris.multiflora,Asteraceae
2017,Frogs.Pond,227,13,60,rufocinctus,worker,3,Heliomeris.multiflora,Asteraceae
2017,Frogs.Pond,227,13,60,sylvicola,worker,2,Heliomeris.multiflora,Asteraceae
2017,Frogs.Pond,237,14,60,bifarius,male,20,Heliomeris.multiflora,Asteraceae
2017,Frogs.Pond,237,14,60,bifarius,worker,5,Heliomeris.multiflora,Asteraceae
2017,Frogs.Pond,237,14,60,californicus,worker,2,Ericameria.parryi,Asteraceae
2017,Frogs.Pond,237,14,60,californicus,worker,1,Linaria.vulgaris,Plantaginaceae
2017,Frogs.Pond,237,14,60,flavifrons,male,1,Ericameria.parryi,Asteraceae
2017,Frogs.Pond,237,14,60,flavifrons,male,6,Heliomeris.multiflora,Asteraceae
2017,Frogs.Pond,237,14,60,flavifrons,male,1,Sidalcea.candida,Malvaceae
2017,Frogs.Pond,237,14,60,flavifrons,worker,1,Heliomeris.multiflora,Asteraceae
2017,Frogs.Pond,237,14,60,insularis,male,10,Ericameria.parryi,Asteraceae
2017,Frogs.Pond,237,14,60,insularis,male,12,Heliomeris.multiflora,Asteraceae
2017,Frogs.Pond,237,14,60,mixtus,male,1,Heliomeris.multiflora,Asteraceae
2017,Frogs.Pond,237,14,60,occidentalis,male,1,Heliomeris.multiflora,Asteraceae
2017,Frogs.Pond,237,14,60,occidentalis,male,2,Linaria.vulgaris,Plantaginaceae
2017,Frogs.Pond,237,14,60,rufocinctus,male,3,Heliomeris.multiflora,Asteraceae
2017,Frogs.Pond,237,14,60,rufocinctus,worker,3,Heliomeris.multiflora,Asteraceae
2017,Frogs.Pond,245,15,60,appositus,male,1,Cirsium.parryi,Asteraceae
2017,Frogs.Pond,245,15,60,appositus,male,1,Heliomeris.multiflora,Asteraceae
2017,Frogs.Pond,245,15,60,appositus,male,1,Linaria.vulgaris,Plantaginaceae
2017,Frogs.Pond,245,15,60,bifarius,male,1,Symphyotrichum.foliaceum,Asteraceae
2017,Frogs.Pond,245,15,60,bifarius,male,2,Ericameria.parryi,Asteraceae
2017,Frogs.Pond,245,15,60,bifarius,male,6,Heliomeris.multiflora,Asteraceae
2017,Frogs.Pond,245,15,60,bifarius,worker,2,Heliomeris.multiflora,Asteraceae
2017,Frogs.Pond,245,15,60,californicus,worker,1,Ericameria.parryi,Asteraceae
2017,Frogs.Pond,245,15,60,flavifrons,male,1,Cirsium.parryi,Asteraceae
2017,Frogs.Pond,245,15,60,flavifrons,male,2,Heliomeris.multiflora,Asteraceae
2017,Frogs.Pond,245,15,60,insularis,male,1,Symphyotrichum.foliaceum,Asteraceae
2017,Frogs.Pond,245,15,60,insularis,male,2,Cirsium.parryi,Asteraceae
2017,Frogs.Pond,245,15,60,insularis,male,25,Ericameria.parryi,Asteraceae
2017,Frogs.Pond,245,15,60,insularis,male,25,Heliomeris.multiflora,Asteraceae
2017,Frogs.Pond,245,15,60,occidentalis,male,1,Heliomeris.multiflora,Asteraceae
2017,Frogs.Pond,245,15,60,rufocinctus,male,4,Heliomeris.multiflora,Asteraceae
2017,Frogs.Pond,253,16,60,bifarius,male,1,Ericameria.parryi,Asteraceae
2017,Frogs.Pond,253,16,60,insularis,male,2,Cirsium.parryi,Asteraceae
2017,Frogs.Pond,253,16,60,insularis,male,3,Ericameria.parryi,Asteraceae
2017,Frogs.Pond,253,16,60,rufocinctus,male,1,Ericameria.parryi,Asteraceae
2017,Gothic.Spires,146,2,60,bifarius,queen,2,Claytonia.lanceolata,Montiaceae
2017,Gothic.Spires,153,3,60,bifarius,queen,3,Erythronium.grandiflorum,Liliaceae
2017,Gothic.Spires,153,3,60,flavifrons,queen,1,Erythronium.grandiflorum,Liliaceae
2017,Gothic.Spires,153,3,60,melanopygus,queen,1,Salix.sp,Salicaceae
2017,Gothic.Spires,160,4,60,bifarius,queen,1,Viola.nuttallii,Violaceae
2017,Gothic.Spires,165,5,60,appositus,queen,1,Taraxacum.officinale,Asteraceae
2017,Gothic.Spires,165,5,60,bifarius,queen,12,Taraxacum.officinale,Asteraceae
2017,Gothic.Spires,165,5,60,flavifrons,queen,3,Hydrophyllum.fendleri,Hydrophyllaceae
2017,Gothic.Spires,165,5,60,rufocinctus,queen,3,Hydrophyllum.fendleri,Hydrophyllaceae
2017,Gothic.Spires,165,5,60,rufocinctus,queen,1,Mertensia.fusiformis,Boraginaceae
2017,Gothic.Spires,172,6,60,appositus,queen,4,Delphinium.nuttallianum,Ranunculaceae
2017,Gothic.Spires,172,6,60,bifarius,queen,1,Arnica.cordifolia,Asteraceae
2017,Gothic.Spires,172,6,60,bifarius,queen,1,Dodecatheon.pulchellum,Primulaceae
2017,Gothic.Spires,172,6,60,bifarius,queen,12,Taraxacum.officinale,Asteraceae
2017,Gothic.Spires,172,6,60,flavifrons,queen,1,Delphinium.nuttallianum,Ranunculaceae
2017,Gothic.Spires,172,6,60,flavifrons,queen,1,Mertensia.ciliata,Boraginaceae
2017,Gothic.Spires,172,6,60,flavifrons,queen,2,Taraxacum.officinale,Asteraceae
2017,Gothic.Spires,172,6,60,insularis,queen,1,Taraxacum.officinale,Asteraceae
2017,Gothic.Spires,172,6,60,occidentalis,queen,1,Taraxacum.officinale,Asteraceae
2017,Gothic.Spires,172,6,60,rufocinctus,queen,1,Taraxacum.officinale,Asteraceae
2017,Gothic.Spires,172,6,60,sylvicola,queen,1,Mertensia.ciliata,Boraginaceae
2017,Gothic.Spires,172,6,60,sylvicola,queen,1,Taraxacum.officinale,Asteraceae
2017,Gothic.Spires,178,7,60,appositus,queen,1,Aquilegia.coerulea,Ranunculaceae
2017,Gothic.Spires,178,7,60,appositus,queen,2,Delphinium.nuttallianum,Ranunculaceae
2017,Gothic.Spires,178,7,60,appositus,queen,1,Lathyrus.lanszwertii.var.leucanthus,Fabaceae
2017,Gothic.Spires,178,7,60,bifarius,queen,1,Dodecatheon.pulchellum,Primulaceae
2017,Gothic.Spires,178,7,60,bifarius,worker,1,Dodecatheon.pulchellum,Primulaceae
2017,Gothic.Spires,178,7,60,flavifrons,queen,1,Hydrophyllum.fendleri,Hydrophyllaceae
2017,Gothic.Spires,178,7,60,flavifrons,queen,1,Lathyrus.lanszwertii.var.leucanthus,Fabaceae
2017,Gothic.Spires,178,7,60,flavifrons,worker,1,Hydrophyllum.fendleri,Hydrophyllaceae
2017,Gothic.Spires,178,7,60,mixtus,worker,1,Mertensia.ciliata,Boraginaceae
2017,Gothic.Spires,178,7,60,rufocinctus,worker,2,Dodecatheon.pulchellum,Primulaceae
2017,Gothic.Spires,188,8,60,appositus,queen,1,Delphinium.barbeyi,Ranunculaceae
2017,Gothic.Spires,188,8,60,appositus,worker,2,Delphinium.barbeyi,Ranunculaceae
2017,Gothic.Spires,188,8,60,bifarius,worker,1,Potentilla.fruticosa,Rosaceae
2017,Gothic.Spires,188,8,60,bifarius,worker,1,Potentilla.pulcherrima,Rosaceae
2017,Gothic.Spires,188,8,60,flavifrons,queen,3,Mertensia.ciliata,Boraginaceae
2017,Gothic.Spires,188,8,60,flavifrons,queen,1,Vicia.americana,Fabaceae
2017,Gothic.Spires,188,8,60,flavifrons,worker,3,Aconitum.columbianum,Ranunculaceae
2017,Gothic.Spires,188,8,60,flavifrons,worker,2,Arnica.parryi,Asteraceae
2017,Gothic.Spires,188,8,60,flavifrons,worker,1,Geranium.richardsonii,Geraniaceae
2017,Gothic.Spires,188,8,60,flavifrons,worker,2,Mertensia.ciliata,Boraginaceae
2017,Gothic.Spires,188,8,60,flavifrons,worker,1,Vicia.americana,Fabaceae
2017,Gothic.Spires,188,8,60,rufocinctus,worker,1,Mertensia.ciliata,Boraginaceae
2017,Gothic.Spires,188,8,60,rufocinctus,worker,1,Potentilla.pulcherrima,Rosaceae
2017,Gothic.Spires,197,9,60,appositus,worker,10,Delphinium.barbeyi,Ranunculaceae
2017,Gothic.Spires,197,9,60,bifarius,worker,8,Potentilla.pulcherrima,Rosaceae
2017,Gothic.Spires,197,9,60,bifarius,worker,1,Prunella.vulgaris,Lamiaceae
2017,Gothic.Spires,197,9,60,bifarius,worker,2,Solidago.multiradiata,Asteraceae
2017,Gothic.Spires,197,9,60,flavifrons,male,1,Solidago.multiradiata,Asteraceae
2017,Gothic.Spires,197,9,60,flavifrons,queen,1,Aconitum.columbianum,Ranunculaceae
2017,Gothic.Spires,197,9,60,flavifrons,worker,15,Aconitum.columbianum,Ranunculaceae
2017,Gothic.Spires,197,9,60,flavifrons,worker,2,Delphinium.barbeyi,Ranunculaceae
2017,Gothic.Spires,197,9,60,flavifrons,worker,1,Eremogone.congesta,Caryophyllaceae
2017,Gothic.Spires,197,9,60,flavifrons,worker,2,Geranium.richardsonii,Geraniaceae
2017,Gothic.Spires,197,9,60,flavifrons,worker,2,Mertensia.ciliata,Boraginaceae
2017,Gothic.Spires,197,9,60,flavifrons,worker,1,Prunella.vulgaris,Lamiaceae
2017,Gothic.Spires,197,9,60,insularis,queen,1,Hymenoxys.hoopesii,Asteraceae
2017,Gothic.Spires,197,9,60,occidentalis,worker,1,Ligusticum.porteri,Apiaceae
2017,Gothic.Spires,197,9,60,rufocinctus,worker,2,Potentilla.pulcherrima,Rosaceae
2017,Gothic.Spires,197,9,60,sylvicola,worker,1,Heracleum.maximum,Apiaceae
2017,Gothic.Spires,202,10,60,appositus,male,1,Delphinium.barbeyi,Ranunculaceae
2017,Gothic.Spires,202,10,60,appositus,worker,2,Delphinium.barbeyi,Ranunculaceae
2017,Gothic.Spires,202,10,60,bifarius,worker,2,Potentilla.fruticosa,Rosaceae
2017,Gothic.Spires,202,10,60,bifarius,worker,8,Potentilla.pulcherrima,Rosaceae
2017,Gothic.Spires,202,10,60,bifarius,worker,2,Solidago.multiradiata,Asteraceae
2017,Gothic.Spires,202,10,60,bifarius,worker,1,Trifolium.repens,Fabaceae
2017,Gothic.Spires,202,10,60,californicus,worker,1,Trifolium.pratense,Fabaceae
2017,Gothic.Spires,202,10,60,flavifrons,worker,16,Aconitum.columbianum,Ranunculaceae
2017,Gothic.Spires,202,10,60,flavifrons,worker,1,Delphinium.barbeyi,Ranunculaceae
2017,Gothic.Spires,202,10,60,flavifrons,worker,1,Eremogone.congesta,Caryophyllaceae
2017,Gothic.Spires,202,10,60,flavifrons,worker,1,Helianthella.quinquenervis,Asteraceae
2017,Gothic.Spires,202,10,60,flavifrons,worker,2,Mertensia.ciliata,Boraginaceae
2017,Gothic.Spires,202,10,60,flavifrons,worker,1,Prunella.vulgaris,Lamiaceae
2017,Gothic.Spires,202,10,60,occidentalis,worker,1,Ligusticum.porteri,Apiaceae
2017,Gothic.Spires,202,10,60,occidentalis,worker,1,Potentilla.fruticosa,Rosaceae
2017,Gothic.Spires,202,10,60,occidentalis,worker,1,Vicia.americana,Fabaceae
2017,Gothic.Spires,202,10,60,rufocinctus,worker,1,Potentilla.pulcherrima,Rosaceae
2017,Gothic.Spires,202,10,60,rufocinctus,worker,4,Vicia.americana,Fabaceae
2017,Gothic.Spires,207,11,60,appositus,male,1,Trifolium.pratense,Fabaceae
2017,Gothic.Spires,207,11,60,appositus,worker,1,Aconitum.columbianum,Ranunculaceae
2017,Gothic.Spires,207,11,60,appositus,worker,13,Delphinium.barbeyi,Ranunculaceae
2017,Gothic.Spires,207,11,60,appositus,worker,1,Trifolium.pratense,Fabaceae
2017,Gothic.Spires,207,11,60,bifarius,male,1,Senecio.bigelovii,Asteraceae
2017,Gothic.Spires,207,11,60,bifarius,male,1,Solidago.multiradiata,Asteraceae
2017,Gothic.Spires,207,11,60,bifarius,worker,1,Eremogone.congesta,Caryophyllaceae
2017,Gothic.Spires,207,11,60,bifarius,worker,2,Helianthella.quinquenervis,Asteraceae
2017,Gothic.Spires,207,11,60,bifarius,worker,1,Potentilla.fruticosa,Rosaceae
2017,Gothic.Spires,207,11,60,bifarius,worker,2,Potentilla.pulcherrima,Rosaceae
2017,Gothic.Spires,207,11,60,bifarius,worker,1,Solidago.multiradiata,Asteraceae
2017,Gothic.Spires,207,11,60,bifarius,worker,4,Trifolium.repens,Fabaceae
2017,Gothic.Spires,207,11,60,flavifrons,male,1,Arnica.parryi,Asteraceae
2017,Gothic.Spires,207,11,60,flavifrons,queen,1,Aconitum.columbianum,Ranunculaceae
2017,Gothic.Spires,207,11,60,flavifrons,queen,1,Delphinium.barbeyi,Ranunculaceae
2017,Gothic.Spires,207,11,60,flavifrons,worker,13,Aconitum.columbianum,Ranunculaceae
2017,Gothic.Spires,207,11,60,flavifrons,worker,1,Geranium.richardsonii,Geraniaceae
2017,Gothic.Spires,207,11,60,flavifrons,worker,1,Helianthella.quinquenervis,Asteraceae
2017,Gothic.Spires,207,11,60,flavifrons,worker,1,Mertensia.ciliata,Boraginaceae
2017,Gothic.Spires,207,11,60,insularis,queen,1,Oreochrysum.parryi,Asteraceae
2017,Gothic.Spires,207,11,60,rufocinctus,male,1,Potentilla.pulcherrima,Rosaceae
2017,Gothic.Spires,207,11,60,rufocinctus,worker,1,Erigeron.elatior,Asteraceae
2017,Gothic.Spires,215,12,60,appositus,male,4,Aconitum.columbianum,Ranunculaceae
2017,Gothic.Spires,215,12,60,appositus,male,7,Delphinium.barbeyi,Ranunculaceae
2017,Gothic.Spires,215,12,60,appositus,male,1,Trifolium.pratense,Fabaceae
2017,Gothic.Spires,215,12,60,appositus,queen,1,Delphinium.barbeyi,Ranunculaceae
2017,Gothic.Spires,215,12,60,appositus,worker,9,Delphinium.barbeyi,Ranunculaceae
2017,Gothic.Spires,215,12,60,appositus,worker,1,Gentianopsis.detonsa,Gentianaceae
2017,Gothic.Spires,215,12,60,appositus,worker,1,Trifolium.pratense,Fabaceae
2017,Gothic.Spires,215,12,60,bifarius,male,1,Erigeron.speciosus,Asteraceae
2017,Gothic.Spires,215,12,60,bifarius,male,1,Heliomeris.multiflora,Asteraceae
2017,Gothic.Spires,215,12,60,bifarius,male,2,Solidago.multiradiata,Asteraceae
2017,Gothic.Spires,215,12,60,bifarius,queen,1,Heliomeris.multiflora,Asteraceae
2017,Gothic.Spires,215,12,60,bifarius,worker,1,Eremogone.congesta,Caryophyllaceae
2017,Gothic.Spires,215,12,60,bifarius,worker,2,Heliomeris.multiflora,Asteraceae
2017,Gothic.Spires,215,12,60,bifarius,worker,1,Senecio.bigelovii,Asteraceae
2017,Gothic.Spires,215,12,60,bifarius,worker,1,Potentilla.fruticosa,Rosaceae
2017,Gothic.Spires,215,12,60,bifarius,worker,5,Solidago.multiradiata,Asteraceae
2017,Gothic.Spires,215,12,60,flavifrons,male,6,Senecio.bigelovii,Asteraceae
2017,Gothic.Spires,215,12,60,flavifrons,queen,1,Delphinium.barbeyi,Ranunculaceae
2017,Gothic.Spires,215,12,60,flavifrons,worker,12,Aconitum.columbianum,Ranunculaceae
2017,Gothic.Spires,215,12,60,flavifrons,worker,2,Delphinium.barbeyi,Ranunculaceae
2017,Gothic.Spires,215,12,60,flavifrons,worker,1,Eremogone.congesta,Caryophyllaceae
2017,Gothic.Spires,215,12,60,flavifrons,worker,1,Helianthella.quinquenervis,Asteraceae
2017,Gothic.Spires,215,12,60,flavifrons,worker,1,Heliomeris.multiflora,Asteraceae
2017,Gothic.Spires,215,12,60,flavifrons,worker,2,Senecio.bigelovii,Asteraceae
2017,Gothic.Spires,215,12,60,flavifrons,worker,1,Solidago.multiradiata,Asteraceae
2017,Gothic.Spires,215,12,60,frigidus,worker,1,Senecio.bigelovii,Asteraceae
2017,Gothic.Spires,215,12,60,insularis,male,1,Senecio.bigelovii,Asteraceae
2017,Gothic.Spires,215,12,60,insularis,male,2,Oreochrysum.parryi,Asteraceae
2017,Gothic.Spires,215,12,60,insularis,male,1,Solidago.multiradiata,Asteraceae
2017,Gothic.Spires,215,12,60,mixtus,worker,1,Senecio.bigelovii,Asteraceae
2017,Gothic.Spires,215,12,60,occidentalis,male,1,Potentilla.fruticosa,Rosaceae
2017,Gothic.Spires,215,12,60,occidentalis,male,1,Solidago.multiradiata,Asteraceae
2017,Gothic.Spires,215,12,60,occidentalis,worker,1,Aconitum.columbianum,Ranunculaceae
2017,Gothic.Spires,215,12,60,rufocinctus,male,2,Heliomeris.multiflora,Asteraceae
2017,Gothic.Spires,227,13,60,appositus,male,1,Symphyotrichum.foliaceum,Asteraceae
2017,Gothic.Spires,227,13,60,appositus,male,1,Gentianopsis.detonsa,Gentianaceae
2017,Gothic.Spires,227,13,60,appositus,worker,2,Gentianopsis.detonsa,Gentianaceae
2017,Gothic.Spires,227,13,60,bifarius,male,1,Agoseris.glauca,Asteraceae
2017,Gothic.Spires,227,13,60,bifarius,male,1,Symphyotrichum.foliaceum,Asteraceae
2017,Gothic.Spires,227,13,60,bifarius,male,1,Heliomeris.multiflora,Asteraceae
2017,Gothic.Spires,227,13,60,bifarius,male,2,Solidago.multiradiata,Asteraceae
2017,Gothic.Spires,227,13,60,bifarius,queen,1,Heliomeris.multiflora,Asteraceae
2017,Gothic.Spires,227,13,60,bifarius,worker,3,Symphyotrichum.foliaceum,Asteraceae
2017,Gothic.Spires,227,13,60,bifarius,worker,10,Heliomeris.multiflora,Asteraceae
2017,Gothic.Spires,227,13,60,californicus,worker,2,Trifolium.pratense,Fabaceae
2017,Gothic.Spires,227,13,60,flavifrons,male,1,Symphyotrichum.foliaceum,Asteraceae
2017,Gothic.Spires,227,13,60,flavifrons,male,3,Heliomeris.multiflora,Asteraceae
2017,Gothic.Spires,227,13,60,flavifrons,worker,3,Symphyotrichum.foliaceum,Asteraceae
2017,Gothic.Spires,227,13,60,flavifrons,worker,3,Heliomeris.multiflora,Asteraceae
2017,Gothic.Spires,227,13,60,insularis,male,2,Symphyotrichum.foliaceum,Asteraceae
2017,Gothic.Spires,227,13,60,insularis,male,1,Heliomeris.multiflora,Asteraceae
2017,Gothic.Spires,227,13,60,insularis,male,1,Solidago.multiradiata,Asteraceae
2017,Gothic.Spires,227,13,60,mixtus,worker,1,Heliomeris.multiflora,Asteraceae
2017,Gothic.Spires,227,13,60,occidentalis,male,1,Symphyotrichum.foliaceum,Asteraceae
2017,Gothic.Spires,227,13,60,occidentalis,male,1,Heliomeris.multiflora,Asteraceae
2017,Gothic.Spires,227,13,60,occidentalis,worker,1,Symphyotrichum.foliaceum,Asteraceae
2017,Gothic.Spires,227,13,60,rufocinctus,male,1,Symphyotrichum.foliaceum,Asteraceae
2017,Gothic.Spires,227,13,60,rufocinctus,worker,1,Symphyotrichum.foliaceum,Asteraceae
2017,Gothic.Spires,227,13,60,rufocinctus,worker,1,Heliomeris.multiflora,Asteraceae
2017,Gothic.Spires,234,14,60,appositus,male,7,Symphyotrichum.foliaceum,Asteraceae
2017,Gothic.Spires,234,14,60,appositus,male,1,Trifolium.pratense,Fabaceae
2017,Gothic.Spires,234,14,60,balteatus,male,1,Gentianopsis.detonsa,Gentianaceae
2017,Gothic.Spires,234,14,60,bifarius,male,1,Symphyotrichum.foliaceum,Asteraceae
2017,Gothic.Spires,234,14,60,bifarius,male,4,Heliomeris.multiflora,Asteraceae
2017,Gothic.Spires,234,14,60,bifarius,male,1,Trifolium.repens,Fabaceae
2017,Gothic.Spires,234,14,60,bifarius,worker,1,Symphyotrichum.foliaceum,Asteraceae
2017,Gothic.Spires,234,14,60,bifarius,worker,1,Erigeron.speciosus,Asteraceae
2017,Gothic.Spires,234,14,60,bifarius,worker,1,Heliomeris.multiflora,Asteraceae
2017,Gothic.Spires,234,14,60,flavifrons,male,2,Symphyotrichum.foliaceum,Asteraceae
2017,Gothic.Spires,234,14,60,flavifrons,male,9,Heliomeris.multiflora,Asteraceae
2017,Gothic.Spires,234,14,60,flavifrons,male,1,Oreochrysum.parryi,Asteraceae
2017,Gothic.Spires,234,14,60,flavifrons,queen,1,Gentianopsis.detonsa,Gentianaceae
2017,Gothic.Spires,234,14,60,insularis,male,3,Symphyotrichum.foliaceum,Asteraceae
2017,Gothic.Spires,234,14,60,insularis,male,5,Heliomeris.multiflora,Asteraceae
2017,Gothic.Spires,234,14,60,occidentalis,male,1,Symphyotrichum.foliaceum,Asteraceae
2017,Gothic.Spires,234,14,60,occidentalis,male,1,Heliomeris.multiflora,Asteraceae
2017,Gothic.Spires,234,14,60,rufocinctus,male,3,Heliomeris.multiflora,Asteraceae
2017,Gothic.Spires,234,14,60,rufocinctus,queen,1,Heliomeris.multiflora,Asteraceae
2017,Gothic.Spires,234,14,60,rufocinctus,worker,2,Heliomeris.multiflora,Asteraceae
2017,Gothic.Spires,243,15,60,bifarius,male,1,Symphyotrichum.foliaceum,Asteraceae
2017,Gothic.Spires,243,15,60,bifarius,male,1,Heliomeris.multiflora,Asteraceae
2017,Gothic.Spires,243,15,60,bifarius,queen,1,Trifolium.repens,Fabaceae
2017,Gothic.Spires,243,15,60,bifarius,worker,3,Symphyotrichum.foliaceum,Asteraceae
2017,Gothic.Spires,243,15,60,bifarius,worker,1,Trifolium.repens,Fabaceae
2017,Gothic.Spires,243,15,60,flavifrons,male,6,Symphyotrichum.foliaceum,Asteraceae
2017,Gothic.Spires,243,15,60,flavifrons,male,1,Heliomeris.multiflora,Asteraceae
2017,Gothic.Spires,243,15,60,flavifrons,male,1,Trifolium.pratense,Fabaceae
2017,Gothic.Spires,243,15,60,insularis,male,10,Symphyotrichum.foliaceum,Asteraceae
2017,Gothic.Spires,243,15,60,insularis,male,3,Heliomeris.multiflora,Asteraceae
2017,Rosy.Hills,155,3,60,bifarius,queen,1,Mertensia.fusiformis,Boraginaceae
2017,Rosy.Hills,155,3,60,californicus,queen,3,Mertensia.fusiformis,Boraginaceae
2017,Rosy.Hills,155,3,60,flavifrons,queen,1,Claytonia.lanceolata,Montiaceae
2017,Rosy.Hills,155,3,60,flavifrons,queen,2,Mertensia.fusiformis,Boraginaceae
2017,Rosy.Hills,155,3,60,rufocinctus,queen,1,Mertensia.fusiformis,Boraginaceae
2017,Rosy.Hills,162,4,60,appositus,queen,1,Delphinium.nuttallianum,Ranunculaceae
2017,Rosy.Hills,162,4,60,flavifrons,worker,1,Hydrophyllum.fendleri,Hydrophyllaceae
2017,Rosy.Hills,162,4,60,rufocinctus,queen,1,Hydrophyllum.fendleri,Hydrophyllaceae
2017,Rosy.Hills,167,5,60,appositus,queen,2,Delphinium.nuttallianum,Ranunculaceae
2017,Rosy.Hills,167,5,60,californicus,queen,1,Delphinium.nuttallianum,Ranunculaceae
2017,Rosy.Hills,167,5,60,flavifrons,queen,2,Delphinium.nuttallianum,Ranunculaceae
2017,Rosy.Hills,167,5,60,flavifrons,queen,4,Hydrophyllum.fendleri,Hydrophyllaceae
2017,Rosy.Hills,174,6,60,appositus,queen,1,Lathyrus.lanszwertii.var.leucanthus,Fabaceae
2017,Rosy.Hills,174,6,60,bifarius,queen,1,Hydrophyllum.fendleri,Hydrophyllaceae
2017,Rosy.Hills,174,6,60,californicus,queen,1,Lathyrus.lanszwertii.var.leucanthus,Fabaceae
2017,Rosy.Hills,174,6,60,flavifrons,queen,1,Lupinus.sericeus.var.sericeus,Fabaceae
2017,Rosy.Hills,174,6,60,rufocinctus,queen,2,Hydrophyllum.fendleri,Hydrophyllaceae
2017,Rosy.Hills,180,7,60,appositus,queen,1,Aconitum.columbianum,Ranunculaceae
2017,Rosy.Hills,180,7,60,appositus,queen,1,Vicia.americana,Fabaceae
2017,Rosy.Hills,180,7,60,centralis,queen,1,Wyethia.arizonica,Asteraceae
2017,Rosy.Hills,180,7,60,flavifrons,queen,1,Hydrophyllum.fendleri,Hydrophyllaceae
2017,Rosy.Hills,180,7,60,flavifrons,queen,6,Vicia.americana,Fabaceae
2017,Rosy.Hills,180,7,60,flavifrons,queen,1,Wyethia.arizonica,Asteraceae
2017,Rosy.Hills,180,7,60,insularis,queen,1,Wyethia.arizonica,Asteraceae
2017,Rosy.Hills,193,8,60,appositus,worker,3,Delphinium.barbeyi,Ranunculaceae
2017,Rosy.Hills,193,8,60,bifarius,worker,1,Agastache.urticifolia,Lamiaceae
2017,Rosy.Hills,193,8,60,bifarius,worker,4,Eremogone.congesta,Caryophyllaceae
2017,Rosy.Hills,193,8,60,bifarius,worker,4,Helianthella.quinquenervis,Asteraceae
2017,Rosy.Hills,193,8,60,californicus,queen,1,Delphinium.barbeyi,Ranunculaceae
2017,Rosy.Hills,193,8,60,flavifrons,male,2,Agastache.urticifolia,Lamiaceae
2017,Rosy.Hills,193,8,60,flavifrons,queen,1,Delphinium.barbeyi,Ranunculaceae
2017,Rosy.Hills,193,8,60,flavifrons,worker,4,Aconitum.columbianum,Ranunculaceae
2017,Rosy.Hills,193,8,60,insularis,queen,1,Hymenoxys.hoopesii,Asteraceae
2017,Rosy.Hills,193,8,60,occidentalis,queen,1,Hymenoxys.hoopesii,Asteraceae
2017,Rosy.Hills,193,8,60,occidentalis,worker,1,Agastache.urticifolia,Lamiaceae
2017,Rosy.Hills,193,8,60,rufocinctus,worker,1,Calochortus.gunnisonii,Liliaceae
2017,Rosy.Hills,193,8,60,rufocinctus,worker,3,Hymenoxys.hoopesii,Asteraceae
2017,Rosy.Hills,193,8,60,rufocinctus,worker,4,Eremogone.congesta,Caryophyllaceae
2017,Rosy.Hills,193,8,60,rufocinctus,worker,2,Erigeron.speciosus,Asteraceae
2017,Rosy.Hills,193,8,60,rufocinctus,worker,10,Helianthella.quinquenervis,Asteraceae
2017,Rosy.Hills,198,9,60,appositus,queen,1,Delphinium.barbeyi,Ranunculaceae
2017,Rosy.Hills,198,9,60,appositus,worker,3,Delphinium.barbeyi,Ranunculaceae
2017,Rosy.Hills,198,9,60,bifarius,male,1,Helianthella.quinquenervis,Asteraceae
2017,Rosy.Hills,198,9,60,bifarius,worker,2,Agastache.urticifolia,Lamiaceae
2017,Rosy.Hills,198,9,60,bifarius,worker,2,Hymenoxys.hoopesii,Asteraceae
2017,Rosy.Hills,198,9,60,bifarius,worker,1,Eremogone.congesta,Caryophyllaceae
2017,Rosy.Hills,198,9,60,bifarius,worker,1,Erigeron.speciosus,Asteraceae
2017,Rosy.Hills,198,9,60,bifarius,worker,8,Helianthella.quinquenervis,Asteraceae
2017,Rosy.Hills,198,9,60,californicus,queen,1,Agastache.urticifolia,Lamiaceae
2017,Rosy.Hills,198,9,60,centralis,worker,1,Potentilla.fruticosa,Rosaceae
2017,Rosy.Hills,198,9,60,flavifrons,male,1,Delphinium.barbeyi,Ranunculaceae
2017,Rosy.Hills,198,9,60,flavifrons,worker,3,Aconitum.columbianum,Ranunculaceae
2017,Rosy.Hills,198,9,60,flavifrons,worker,1,Delphinium.barbeyi,Ranunculaceae
2017,Rosy.Hills,198,9,60,rufocinctus,male,1,Helianthella.quinquenervis,Asteraceae
2017,Rosy.Hills,198,9,60,rufocinctus,male,1,Pyrrocoma.crocea,Asteraceae
2017,Rosy.Hills,198,9,60,rufocinctus,worker,2,Calochortus.gunnisonii,Liliaceae
2017,Rosy.Hills,198,9,60,rufocinctus,worker,10,Hymenoxys.hoopesii,Asteraceae
2017,Rosy.Hills,198,9,60,rufocinctus,worker,2,Helianthella.quinquenervis,Asteraceae
2017,Rosy.Hills,205,10,60,appositus,worker,1,Delphinium.barbeyi,Ranunculaceae
2017,Rosy.Hills,205,10,60,bifarius,worker,3,Agastache.urticifolia,Lamiaceae
2017,Rosy.Hills,205,10,60,bifarius,worker,2,Hymenoxys.hoopesii,Asteraceae
2017,Rosy.Hills,205,10,60,bifarius,worker,3,Eremogone.congesta,Caryophyllaceae
2017,Rosy.Hills,205,10,60,bifarius,worker,1,Erigeron.elatior,Asteraceae
2017,Rosy.Hills,205,10,60,bifarius,worker,3,Erigeron.speciosus,Asteraceae
2017,Rosy.Hills,205,10,60,bifarius,worker,4,Helianthella.quinquenervis,Asteraceae
2017,Rosy.Hills,205,10,60,flavifrons,male,2,Helianthella.quinquenervis,Asteraceae
2017,Rosy.Hills,205,10,60,flavifrons,queen,1,Aconitum.columbianum,Ranunculaceae
2017,Rosy.Hills,205,10,60,flavifrons,worker,2,Aconitum.columbianum,Ranunculaceae
2017,Rosy.Hills,205,10,60,flavifrons,worker,1,Agastache.urticifolia,Lamiaceae
2017,Rosy.Hills,205,10,60,insularis,male,2,Agastache.urticifolia,Lamiaceae
2017,Rosy.Hills,205,10,60,insularis,queen,1,Agastache.urticifolia,Lamiaceae
2017,Rosy.Hills,205,10,60,insularis,queen,1,Hymenoxys.hoopesii,Asteraceae
2017,Rosy.Hills,205,10,60,rufocinctus,male,1,Agastache.urticifolia,Lamiaceae
2017,Rosy.Hills,205,10,60,rufocinctus,male,1,Erigeron.speciosus,Asteraceae
2017,Rosy.Hills,205,10,60,rufocinctus,worker,4,Hymenoxys.hoopesii,Asteraceae
2017,Rosy.Hills,205,10,60,rufocinctus,worker,1,Eremogone.congesta,Caryophyllaceae
2017,Rosy.Hills,205,10,60,rufocinctus,worker,3,Erigeron.speciosus,Asteraceae
2017,Rosy.Hills,205,10,60,rufocinctus,worker,1,Helianthella.quinquenervis,Asteraceae
2017,Rosy.Hills,210,11,60,appositus,male,6,Agastache.urticifolia,Lamiaceae
2017,Rosy.Hills,210,11,60,appositus,worker,1,Delphinium.barbeyi,Ranunculaceae
2017,Rosy.Hills,210,11,60,bifarius,male,1,Agastache.urticifolia,Lamiaceae
2017,Rosy.Hills,210,11,60,bifarius,male,2,Hymenoxys.hoopesii,Asteraceae
2017,Rosy.Hills,210,11,60,bifarius,male,1,Erigeron.speciosus,Asteraceae
2017,Rosy.Hills,210,11,60,bifarius,male,1,Senecio.bigelovii,Asteraceae
2017,Rosy.Hills,210,11,60,bifarius,male,1,Symphyotrichum.spathulatum,Asteraceae
2017,Rosy.Hills,210,11,60,bifarius,worker,1,Calochortus.gunnisonii,Liliaceae
2017,Rosy.Hills,210,11,60,bifarius,worker,1,Hymenoxys.hoopesii,Asteraceae
2017,Rosy.Hills,210,11,60,bifarius,worker,1,Erigeron.elatior,Asteraceae
2017,Rosy.Hills,210,11,60,bifarius,worker,2,Erigeron.speciosus,Asteraceae
2017,Rosy.Hills,210,11,60,bifarius,worker,1,Heliomeris.multiflora,Asteraceae
2017,Rosy.Hills,210,11,60,bifarius,worker,1,Heterotheca.villosa,Asteraceae
2017,Rosy.Hills,210,11,60,flavifrons,worker,1,Aconitum.columbianum,Ranunculaceae
2017,Rosy.Hills,210,11,60,flavifrons,worker,2,Delphinium.barbeyi,Ranunculaceae
2017,Rosy.Hills,210,11,60,insularis,male,2,Agastache.urticifolia,Lamiaceae
2017,Rosy.Hills,210,11,60,insularis,male,2,Erigeron.speciosus,Asteraceae
2017,Rosy.Hills,210,11,60,insularis,queen,1,Agastache.urticifolia,Lamiaceae
2017,Rosy.Hills,210,11,60,melanopygus,worker,1,Solidago.multiradiata,Asteraceae
2017,Rosy.Hills,210,11,60,rufocinctus,male,1,Hymenoxys.hoopesii,Asteraceae
2017,Rosy.Hills,210,11,60,rufocinctus,worker,1,Erigeron.elatior,Asteraceae
2017,Rosy.Hills,210,11,60,rufocinctus,worker,3,Erigeron.speciosus,Asteraceae
2017,Rosy.Hills,210,11,60,rufocinctus,worker,1,Helianthella.quinquenervis,Asteraceae
2017,Rosy.Hills,216,12,60,appositus,male,3,Agastache.urticifolia,Lamiaceae
2017,Rosy.Hills,216,12,60,bifarius,male,1,Heliomeris.multiflora,Asteraceae
2017,Rosy.Hills,216,12,60,bifarius,worker,1,Erigeron.speciosus,Asteraceae
2017,Rosy.Hills,216,12,60,bifarius,worker,1,Heterotheca.villosa,Asteraceae
2017,Rosy.Hills,216,12,60,flavifrons,male,3,Agastache.urticifolia,Lamiaceae
2017,Rosy.Hills,216,12,60,flavifrons,male,3,Ericameria.parryi,Asteraceae
2017,Rosy.Hills,216,12,60,insularis,male,1,Agastache.urticifolia,Lamiaceae
2017,Rosy.Hills,216,12,60,insularis,male,2,Ericameria.parryi,Asteraceae
2017,Rosy.Hills,216,12,60,insularis,male,1,Erigeron.speciosus,Asteraceae
2017,Rosy.Hills,216,12,60,insularis,male,1,Heliomeris.multiflora,Asteraceae
2017,Rosy.Hills,228,13,60,appositus,male,2,Ericameria.parryi,Asteraceae
2017,Rosy.Hills,228,13,60,appositus,worker,1,Ericameria.parryi,Asteraceae
2017,Rosy.Hills,228,13,60,bifarius,male,3,Ericameria.parryi,Asteraceae
2017,Rosy.Hills,228,13,60,bifarius,male,3,Heliomeris.multiflora,Asteraceae
2017,Rosy.Hills,228,13,60,bifarius,worker,1,Ericameria.parryi,Asteraceae
2017,Rosy.Hills,228,13,60,flavifrons,male,1,Agastache.urticifolia,Lamiaceae
2017,Rosy.Hills,228,13,60,flavifrons,male,7,Ericameria.parryi,Asteraceae
2017,Rosy.Hills,228,13,60,insularis,male,2,Agastache.urticifolia,Lamiaceae
2017,Rosy.Hills,228,13,60,insularis,male,5,Ericameria.parryi,Asteraceae
2017,Rosy.Hills,228,13,60,insularis,male,3,Heliomeris.multiflora,Asteraceae
2017,Rosy.Hills,228,13,60,insularis,male,1,Heterotheca.villosa,Asteraceae
2017,Rosy.Hills,228,13,60,mixtus,male,1,Ericameria.parryi,Asteraceae
2017,Rosy.Hills,237,14,60,appositus,male,3,Ericameria.parryi,Asteraceae
2017,Rosy.Hills,237,14,60,bifarius,male,4,Ericameria.parryi,Asteraceae
2017,Rosy.Hills,237,14,60,bifarius,male,4,Heliomeris.multiflora,Asteraceae
2017,Rosy.Hills,237,14,60,bifarius,male,3,Heterotheca.villosa,Asteraceae
2017,Rosy.Hills,237,14,60,insularis,male,13,Ericameria.parryi,Asteraceae
2017,Rosy.Hills,237,14,60,insularis,male,4,Heliomeris.multiflora,Asteraceae
2017,Rosy.Hills,237,14,60,rufocinctus,male,1,Ericameria.parryi,Asteraceae
2017,Rosy.Hills,237,14,60,rufocinctus,male,1,Heliomeris.multiflora,Asteraceae
2017,Rosy.Hills,245,15,60,bifarius,male,1,Ericameria.parryi,Asteraceae
2017,Rosy.Hills,245,15,60,bifarius,male,1,Heterotheca.villosa,Asteraceae
2017,Rosy.Hills,245,15,60,bifarius,worker,1,Ericameria.parryi,Asteraceae
2017,Rosy.Hills,245,15,60,insularis,male,13,Ericameria.parryi,Asteraceae
2017,Rosy.Hills,245,15,60,insularis,male,1,Heliomeris.multiflora,Asteraceae
2017,Rosy.Hills,245,15,60,insularis,male,2,Heterotheca.villosa,Asteraceae
2017,Stormy.Pass,148,2,60,bifarius,queen,1,Mertensia.fusiformis,Boraginaceae
2017,Stormy.Pass,151,3,60,bifarius,queen,3,Mertensia.fusiformis,Boraginaceae
2017,Stormy.Pass,159,4,60,bifarius,queen,1,Hydrophyllum.fendleri,Hydrophyllaceae
2017,Stormy.Pass,159,4,60,californicus,queen,1,Delphinium.nuttallianum,Ranunculaceae
2017,Stormy.Pass,159,4,60,flavifrons,queen,6,Mertensia.fusiformis,Boraginaceae
2017,Stormy.Pass,159,4,60,rufocinctus,queen,1,Mertensia.fusiformis,Boraginaceae
2017,Stormy.Pass,165,5,60,appositus,queen,1,Delphinium.nuttallianum,Ranunculaceae
2017,Stormy.Pass,165,5,60,centralis,queen,1,Hydrophyllum.fendleri,Hydrophyllaceae
2017,Stormy.Pass,165,5,60,flavifrons,queen,3,Delphinium.nuttallianum,Ranunculaceae
2017,Stormy.Pass,165,5,60,flavifrons,queen,1,Hydrophyllum.fendleri,Hydrophyllaceae
2017,Stormy.Pass,165,5,60,flavifrons,queen,1,Lathyrus.lanszwertii.var.leucanthus,Fabaceae
2017,Stormy.Pass,165,5,60,flavifrons,queen,2,Mertensia.fusiformis,Boraginaceae
2017,Stormy.Pass,165,5,60,flavifrons,worker,1,Lathyrus.lanszwertii.var.leucanthus,Fabaceae
2017,Stormy.Pass,165,5,60,mixtus,queen,1,Hydrophyllum.fendleri,Hydrophyllaceae
2017,Stormy.Pass,174,6,60,appositus,queen,1,Delphinium.nuttallianum,Ranunculaceae
2017,Stormy.Pass,174,6,60,appositus,queen,1,Lathyrus.lanszwertii.var.leucanthus,Fabaceae
2017,Stormy.Pass,174,6,60,appositus,worker,1,Vicia.americana,Fabaceae
2017,Stormy.Pass,174,6,60,flavifrons,queen,2,Delphinium.nuttallianum,Ranunculaceae
2017,Stormy.Pass,174,6,60,flavifrons,queen,5,Hydrophyllum.fendleri,Hydrophyllaceae
2017,Stormy.Pass,174,6,60,flavifrons,queen,7,Lathyrus.lanszwertii.var.leucanthus,Fabaceae
2017,Stormy.Pass,174,6,60,insularis,queen,4,Hydrophyllum.fendleri,Hydrophyllaceae
2017,Stormy.Pass,174,6,60,nevadensis,queen,1,Lathyrus.lanszwertii.var.leucanthus,Fabaceae
2017,Stormy.Pass,174,6,60,rufocinctus,queen,2,Hydrophyllum.fendleri,Hydrophyllaceae
2017,Stormy.Pass,181,7,60,appositus,queen,6,Lathyrus.lanszwertii.var.leucanthus,Fabaceae
2017,Stormy.Pass,181,7,60,appositus,worker,3,Lathyrus.lanszwertii.var.leucanthus,Fabaceae
2017,Stormy.Pass,181,7,60,appositus,worker,1,Vicia.americana,Fabaceae
2017,Stormy.Pass,181,7,60,bifarius,worker,1,Hydrophyllum.fendleri,Hydrophyllaceae
2017,Stormy.Pass,181,7,60,californicus,queen,1,Hydrophyllum.fendleri,Hydrophyllaceae
2017,Stormy.Pass,181,7,60,californicus,queen,1,Lathyrus.lanszwertii.var.leucanthus,Fabaceae
2017,Stormy.Pass,181,7,60,flavifrons,queen,5,Hydrophyllum.fendleri,Hydrophyllaceae
2017,Stormy.Pass,181,7,60,flavifrons,queen,3,Lathyrus.lanszwertii.var.leucanthus,Fabaceae
2017,Stormy.Pass,181,7,60,flavifrons,queen,2,Mertensia.ciliata,Boraginaceae
2017,Stormy.Pass,181,7,60,flavifrons,queen,1,Vicia.americana,Fabaceae
2017,Stormy.Pass,181,7,60,flavifrons,worker,2,Lathyrus.lanszwertii.var.leucanthus,Fabaceae
2017,Stormy.Pass,181,7,60,flavifrons,worker,3,Mertensia.ciliata,Boraginaceae
2017,Stormy.Pass,181,7,60,insularis,queen,1,Hydrophyllum.fendleri,Hydrophyllaceae
2017,Stormy.Pass,181,7,60,mixtus,queen,1,Hydrophyllum.fendleri,Hydrophyllaceae
2017,Stormy.Pass,181,7,60,rufocinctus,queen,1,Hydrophyllum.fendleri,Hydrophyllaceae
2017,Stormy.Pass,189,8,60,appositus,queen,1,Delphinium.barbeyi,Ranunculaceae
2017,Stormy.Pass,189,8,60,appositus,queen,3,Lathyrus.lanszwertii.var.leucanthus,Fabaceae
2017,Stormy.Pass,189,8,60,appositus,worker,1,Potentilla.pulcherrima,Rosaceae
2017,Stormy.Pass,189,8,60,bifarius,worker,1,Frasera.speciosa,Gentianaceae
2017,Stormy.Pass,189,8,60,flavifrons,queen,1,Delphinium.barbeyi,Ranunculaceae
2017,Stormy.Pass,189,8,60,flavifrons,queen,1,Hydrophyllum.fendleri,Hydrophyllaceae
2017,Stormy.Pass,189,8,60,flavifrons,queen,2,Lathyrus.lanszwertii.var.leucanthus,Fabaceae
2017,Stormy.Pass,189,8,60,flavifrons,queen,3,Mertensia.ciliata,Boraginaceae
2017,Stormy.Pass,189,8,60,flavifrons,queen,2,Vicia.americana,Fabaceae
2017,Stormy.Pass,189,8,60,flavifrons,worker,2,Frasera.speciosa,Gentianaceae
2017,Stormy.Pass,189,8,60,flavifrons,worker,1,Hydrophyllum.fendleri,Hydrophyllaceae
2017,Stormy.Pass,189,8,60,flavifrons,worker,3,Lathyrus.lanszwertii.var.leucanthus,Fabaceae
2017,Stormy.Pass,189,8,60,flavifrons,worker,2,Mertensia.ciliata,Boraginaceae
2017,Stormy.Pass,189,8,60,flavifrons,worker,1,Vicia.americana,Fabaceae
2017,Stormy.Pass,189,8,60,insularis,queen,1,Frasera.speciosa,Gentianaceae
2017,Stormy.Pass,189,8,60,rufocinctus,queen,1,Frasera.speciosa,Gentianaceae
2017,Stormy.Pass,189,8,60,sylvicola,worker,1,Mertensia.ciliata,Boraginaceae
2017,Stormy.Pass,198,9,60,appositus,queen,1,Delphinium.barbeyi,Ranunculaceae
2017,Stormy.Pass,198,9,60,appositus,worker,1,Delphinium.barbeyi,Ranunculaceae
2017,Stormy.Pass,198,9,60,appositus,worker,1,Potentilla.pulcherrima,Rosaceae
2017,Stormy.Pass,198,9,60,balteatus,worker,1,Frasera.speciosa,Gentianaceae
2017,Stormy.Pass,198,9,60,balteatus,worker,1,Mertensia.ciliata,Boraginaceae
2017,Stormy.Pass,198,9,60,bifarius,queen,2,Hymenoxys.hoopesii,Asteraceae
2017,Stormy.Pass,198,9,60,bifarius,worker,3,Hymenoxys.hoopesii,Asteraceae
2017,Stormy.Pass,198,9,60,bifarius,worker,1,Helianthella.quinquenervis,Asteraceae
2017,Stormy.Pass,198,9,60,flavifrons,queen,2,Delphinium.barbeyi,Ranunculaceae
2017,Stormy.Pass,198,9,60,flavifrons,queen,1,Mertensia.ciliata,Boraginaceae
2017,Stormy.Pass,198,9,60,flavifrons,queen,2,Vicia.americana,Fabaceae
2017,Stormy.Pass,198,9,60,flavifrons,worker,5,Cirsium.parryi,Asteraceae
2017,Stormy.Pass,198,9,60,flavifrons,worker,4,Delphinium.barbeyi,Ranunculaceae
2017,Stormy.Pass,198,9,60,flavifrons,worker,7,Mertensia.ciliata,Boraginaceae
2017,Stormy.Pass,198,9,60,mixtus,worker,1,Frasera.speciosa,Gentianaceae
2017,Stormy.Pass,198,9,60,mixtus,worker,3,Mertensia.ciliata,Boraginaceae
2017,Stormy.Pass,198,9,60,rufocinctus,worker,1,Helianthella.quinquenervis,Asteraceae
2017,Stormy.Pass,198,9,60,sylvicola,worker,1,Hymenoxys.hoopesii,Asteraceae
2017,Stormy.Pass,205,10,60,appositus,worker,3,Delphinium.barbeyi,Ranunculaceae
2017,Stormy.Pass,205,10,60,balteatus,queen,1,Frasera.speciosa,Gentianaceae
2017,Stormy.Pass,205,10,60,bifarius,worker,4,Hymenoxys.hoopesii,Asteraceae
2017,Stormy.Pass,205,10,60,bifarius,worker,1,Helianthella.quinquenervis,Asteraceae
2017,Stormy.Pass,205,10,60,bifarius,worker,2,Potentilla.pulcherrima,Rosaceae
2017,Stormy.Pass,205,10,60,californicus,worker,1,Delphinium.barbeyi,Ranunculaceae
2017,Stormy.Pass,205,10,60,flavifrons,male,2,Cirsium.parryi,Asteraceae
2017,Stormy.Pass,205,10,60,flavifrons,queen,2,Delphinium.barbeyi,Ranunculaceae
2017,Stormy.Pass,205,10,60,flavifrons,worker,5,Cirsium.parryi,Asteraceae
2017,Stormy.Pass,205,10,60,flavifrons,worker,4,Delphinium.barbeyi,Ranunculaceae
2017,Stormy.Pass,205,10,60,flavifrons,worker,1,Hymenoxys.hoopesii,Asteraceae
2017,Stormy.Pass,205,10,60,flavifrons,worker,1,Frasera.speciosa,Gentianaceae
2017,Stormy.Pass,205,10,60,flavifrons,worker,5,Mertensia.ciliata,Boraginaceae
2017,Stormy.Pass,205,10,60,flavifrons,worker,2,Potentilla.pulcherrima,Rosaceae
2017,Stormy.Pass,205,10,60,mixtus,male,1,Cirsium.parryi,Asteraceae
2017,Stormy.Pass,205,10,60,mixtus,male,1,Helianthella.quinquenervis,Asteraceae
2017,Stormy.Pass,205,10,60,mixtus,worker,1,Frasera.speciosa,Gentianaceae
2017,Stormy.Pass,205,10,60,mixtus,worker,3,Mertensia.ciliata,Boraginaceae
2017,Stormy.Pass,205,10,60,rufocinctus,worker,1,Heliomeris.multiflora,Asteraceae
2017,Stormy.Pass,205,10,60,rufocinctus,worker,1,Potentilla.pulcherrima,Rosaceae
2017,Stormy.Pass,208,11,60,appositus,worker,2,Delphinium.barbeyi,Ranunculaceae
2017,Stormy.Pass,208,11,60,balteatus,queen,1,Frasera.speciosa,Gentianaceae
2017,Stormy.Pass,208,11,60,bifarius,male,1,Hymenoxys.hoopesii,Asteraceae
2017,Stormy.Pass,208,11,60,bifarius,male,1,Erigeron.elatior,Asteraceae
2017,Stormy.Pass,208,11,60,bifarius,worker,2,Hymenoxys.hoopesii,Asteraceae
2017,Stormy.Pass,208,11,60,bifarius,worker,1,Erigeron.speciosus,Asteraceae
2017,Stormy.Pass,208,11,60,bifarius,worker,5,Potentilla.pulcherrima,Rosaceae
2017,Stormy.Pass,208,11,60,flavifrons,male,1,Cirsium.parryi,Asteraceae
2017,Stormy.Pass,208,11,60,flavifrons,queen,2,Mertensia.ciliata,Boraginaceae
2017,Stormy.Pass,208,11,60,flavifrons,worker,5,Cirsium.parryi,Asteraceae
2017,Stormy.Pass,208,11,60,flavifrons,worker,2,Delphinium.barbeyi,Ranunculaceae
2017,Stormy.Pass,208,11,60,flavifrons,worker,1,Erigeron.elatior,Asteraceae
2017,Stormy.Pass,208,11,60,flavifrons,worker,2,Geranium.richardsonii,Geraniaceae
2017,Stormy.Pass,208,11,60,flavifrons,worker,2,Helianthella.quinquenervis,Asteraceae
2017,Stormy.Pass,208,11,60,flavifrons,worker,1,Senecio.bigelovii,Asteraceae
2017,Stormy.Pass,208,11,60,flavifrons,worker,9,Mertensia.ciliata,Boraginaceae
2017,Stormy.Pass,208,11,60,frigidus,worker,1,Potentilla.pulcherrima,Rosaceae
2017,Stormy.Pass,208,11,60,mixtus,male,1,Hymenoxys.hoopesii,Asteraceae
2017,Stormy.Pass,208,11,60,mixtus,male,1,Erigeron.elatior,Asteraceae
2017,Stormy.Pass,208,11,60,mixtus,queen,2,Frasera.speciosa,Gentianaceae
2017,Stormy.Pass,208,11,60,mixtus,worker,1,Cirsium.parryi,Asteraceae
2017,Stormy.Pass,208,11,60,mixtus,worker,1,Erigeron.elatior,Asteraceae
2017,Stormy.Pass,208,11,60,mixtus,worker,1,Frasera.speciosa,Gentianaceae
2017,Stormy.Pass,208,11,60,mixtus,worker,1,Geranium.richardsonii,Geraniaceae
2017,Stormy.Pass,208,11,60,rufocinctus,male,1,Erigeron.elatior,Asteraceae
2017,Stormy.Pass,216,12,60,appositus,worker,7,Delphinium.barbeyi,Ranunculaceae
2017,Stormy.Pass,216,12,60,bifarius,male,1,Senecio.serra.var.admirabilis,Asteraceae
2017,Stormy.Pass,216,12,60,bifarius,worker,1,Hymenoxys.hoopesii,Asteraceae
2017,Stormy.Pass,216,12,60,bifarius,worker,2,Erigeron.speciosus,Asteraceae
2017,Stormy.Pass,216,12,60,bifarius,worker,7,Heliomeris.multiflora,Asteraceae
2017,Stormy.Pass,216,12,60,bifarius,worker,1,Senecio.bigelovii,Asteraceae
2017,Stormy.Pass,216,12,60,flavifrons,male,3,Cirsium.parryi,Asteraceae
2017,Stormy.Pass,216,12,60,flavifrons,male,4,Senecio.bigelovii,Asteraceae
2017,Stormy.Pass,216,12,60,flavifrons,queen,3,Delphinium.barbeyi,Ranunculaceae
2017,Stormy.Pass,216,12,60,flavifrons,worker,8,Cirsium.parryi,Asteraceae
2017,Stormy.Pass,216,12,60,flavifrons,worker,4,Delphinium.barbeyi,Ranunculaceae
2017,Stormy.Pass,216,12,60,flavifrons,worker,4,Senecio.bigelovii,Asteraceae
2017,Stormy.Pass,216,12,60,insularis,male,2,Heliomeris.multiflora,Asteraceae
2017,Stormy.Pass,216,12,60,mixtus,male,1,Hymenoxys.hoopesii,Asteraceae
2017,Stormy.Pass,216,12,60,mixtus,male,1,Erigeron.elatior,Asteraceae
2017,Stormy.Pass,216,12,60,mixtus,male,1,Heliomeris.multiflora,Asteraceae
2017,Stormy.Pass,216,12,60,mixtus,male,1,Senecio.bigelovii,Asteraceae
2017,Stormy.Pass,216,12,60,mixtus,worker,1,Cirsium.parryi,Asteraceae
2017,Stormy.Pass,216,12,60,mixtus,worker,1,Hymenoxys.hoopesii,Asteraceae
2017,Stormy.Pass,216,12,60,mixtus,worker,3,Heliomeris.multiflora,Asteraceae
2017,Stormy.Pass,216,12,60,mixtus,worker,1,Senecio.bigelovii,Asteraceae
2017,Stormy.Pass,216,12,60,occidentalis,male,2,Heliomeris.multiflora,Asteraceae
2017,Stormy.Pass,216,12,60,occidentalis,worker,1,Ipomopsis.aggregata,Polemoniaceae
2017,Stormy.Pass,227,13,60,appositus,male,3,Cirsium.parryi,Asteraceae
2017,Stormy.Pass,227,13,60,appositus,male,1,Senecio.bigelovii,Asteraceae
2017,Stormy.Pass,227,13,60,balteatus,male,1,Heliomeris.multiflora,Asteraceae
2017,Stormy.Pass,227,13,60,bifarius,male,2,Heliomeris.multiflora,Asteraceae
2017,Stormy.Pass,227,13,60,bifarius,male,2,Senecio.bigelovii,Asteraceae
2017,Stormy.Pass,227,13,60,bifarius,worker,12,Heliomeris.multiflora,Asteraceae
2017,Stormy.Pass,227,13,60,flavifrons,male,8,Cirsium.parryi,Asteraceae
2017,Stormy.Pass,227,13,60,flavifrons,male,1,Heliomeris.multiflora,Asteraceae
2017,Stormy.Pass,227,13,60,flavifrons,male,10,Senecio.bigelovii,Asteraceae
2017,Stormy.Pass,227,13,60,flavifrons,worker,6,Cirsium.parryi,Asteraceae
2017,Stormy.Pass,227,13,60,flavifrons,worker,4,Heliomeris.multiflora,Asteraceae
2017,Stormy.Pass,227,13,60,flavifrons,worker,5,Senecio.bigelovii,Asteraceae
2017,Stormy.Pass,227,13,60,insularis,male,3,Erigeron.elatior,Asteraceae
2017,Stormy.Pass,227,13,60,insularis,male,1,Erigeron.speciosus,Asteraceae
2017,Stormy.Pass,227,13,60,insularis,male,17,Heliomeris.multiflora,Asteraceae
2017,Stormy.Pass,227,13,60,mixtus,male,2,Heliomeris.multiflora,Asteraceae
2017,Stormy.Pass,227,13,60,mixtus,male,6,Senecio.bigelovii,Asteraceae
2017,Stormy.Pass,227,13,60,mixtus,worker,4,Heliomeris.multiflora,Asteraceae
2017,Stormy.Pass,227,13,60,mixtus,worker,2,Senecio.bigelovii,Asteraceae
2017,Stormy.Pass,227,13,60,occidentalis,male,3,Heliomeris.multiflora,Asteraceae
2017,Stormy.Pass,227,13,60,occidentalis,worker,2,Heliomeris.multiflora,Asteraceae
2017,Stormy.Pass,227,13,60,rufocinctus,male,1,Heliomeris.multiflora,Asteraceae
2017,Stormy.Pass,227,13,60,sylvicola,worker,2,Heliomeris.multiflora,Asteraceae
2017,Stormy.Pass,227,13,60,sylvicola,worker,1,Potentilla.pulcherrima,Rosaceae
2017,Stormy.Pass,234,14,60,appositus,male,5,Cirsium.parryi,Asteraceae
2017,Stormy.Pass,234,14,60,appositus,male,2,Heliomeris.multiflora,Asteraceae
2017,Stormy.Pass,234,14,60,bifarius,male,9,Heliomeris.multiflora,Asteraceae
2017,Stormy.Pass,234,14,60,bifarius,male,2,Senecio.bigelovii,Asteraceae
2017,Stormy.Pass,234,14,60,bifarius,queen,1,Heliomeris.multiflora,Asteraceae
2017,Stormy.Pass,234,14,60,bifarius,worker,8,Heliomeris.multiflora,Asteraceae
2017,Stormy.Pass,234,14,60,flavifrons,male,9,Cirsium.parryi,Asteraceae
2017,Stormy.Pass,234,14,60,flavifrons,male,10,Heliomeris.multiflora,Asteraceae
2017,Stormy.Pass,234,14,60,flavifrons,male,2,Senecio.bigelovii,Asteraceae
2017,Stormy.Pass,234,14,60,flavifrons,worker,2,Cirsium.parryi,Asteraceae
2017,Stormy.Pass,234,14,60,flavifrons,worker,2,Heliomeris.multiflora,Asteraceae
2017,Stormy.Pass,234,14,60,insularis,male,7,Heliomeris.multiflora,Asteraceae
2017,Stormy.Pass,234,14,60,mixtus,male,1,Erigeron.elatior,Asteraceae
2017,Stormy.Pass,234,14,60,mixtus,male,3,Heliomeris.multiflora,Asteraceae
2017,Stormy.Pass,234,14,60,mixtus,worker,3,Heliomeris.multiflora,Asteraceae
2017,Stormy.Pass,234,14,60,occidentalis,male,3,Heliomeris.multiflora,Asteraceae
2017,Stormy.Pass,234,14,60,occidentalis,worker,4,Heliomeris.multiflora,Asteraceae
2017,Stormy.Pass,234,14,60,rufocinctus,male,1,Heliomeris.multiflora,Asteraceae
2017,Stormy.Pass,244,15,60,appositus,male,1,Gentiana.parryi,Gentianaceae
2017,Stormy.Pass,244,15,60,bifarius,male,4,Heliomeris.multiflora,Asteraceae
2017,Stormy.Pass,244,15,60,flavifrons,male,4,Cirsium.parryi,Asteraceae
2017,Stormy.Pass,244,15,60,flavifrons,male,14,Heliomeris.multiflora,Asteraceae
2017,Stormy.Pass,244,15,60,insularis,male,10,Heliomeris.multiflora,Asteraceae
2017,Stormy.Pass,244,15,60,occidentalis,male,4,Heliomeris.multiflora,Asteraceae
2017,Stormy.Pass,244,15,60,rufocinctus,male,1,Heliomeris.multiflora,Asteraceae
2017,Stormy.Pass,253,16,60,insularis,male,1,Cirsium.parryi,Asteraceae
2017,Stormy.Pass,253,16,60,insularis,male,2,Heliomeris.multiflora,Asteraceae
2018,Avery.Wash,127,2,60,bifarius,queen,2,Salix.sp,Salicaceae
2018,Avery.Wash,135,3,60,occidentalis,queen,1,Salix.sp,Salicaceae
2018,Avery.Wash,141,4,60,bifarius,queen,1,Claytonia.lanceolata,Montiaceae
2018,Avery.Wash,141,4,60,bifarius,queen,1,Mertensia.fusiformis,Boraginaceae
2018,Avery.Wash,141,4,60,bifarius,queen,4,Salix.sp,Salicaceae
2018,Avery.Wash,141,4,60,flavifrons,queen,1,Salix.sp,Salicaceae
2018,Avery.Wash,141,4,60,melanopygus,queen,2,Salix.sp,Salicaceae
2018,Avery.Wash,147,5,60,bifarius,queen,2,Mertensia.fusiformis,Boraginaceae
2018,Avery.Wash,147,5,60,flavifrons,queen,4,Mertensia.fusiformis,Boraginaceae
2018,Avery.Wash,151,6,60,flavifrons,queen,3,Mertensia.fusiformis,Boraginaceae
2018,Avery.Wash,156,7,60,appositus,queen,1,Delphinium.nuttallianum,Ranunculaceae
2018,Avery.Wash,156,7,60,appositus,queen,1,Lonicera.involucrata,Caprifoliaceae
2018,Avery.Wash,156,7,60,bifarius,queen,1,Taraxacum.officinale,Asteraceae
2018,Avery.Wash,156,7,60,flavifrons,queen,1,Delphinium.nuttallianum,Ranunculaceae
2018,Avery.Wash,156,7,60,flavifrons,queen,9,Hydrophyllum.fendleri,Hydrophyllaceae
2018,Avery.Wash,156,7,60,flavifrons,queen,1,Taraxacum.officinale,Asteraceae
2018,Avery.Wash,163,8,60,appositus,queen,1,Lonicera.involucrata,Caprifoliaceae
2018,Avery.Wash,163,8,60,flavifrons,queen,1,Lonicera.involucrata,Caprifoliaceae
2018,Avery.Wash,163,8,60,flavifrons,queen,1,Hydrophyllum.fendleri,Hydrophyllaceae
2018,Avery.Wash,163,8,60,flavifrons,queen,1,Lathyrus.lanszwertii.var.leucanthus,Fabaceae
2018,Avery.Wash,163,8,60,flavifrons,queen,1,Mertensia.ciliata,Boraginaceae
2018,Avery.Wash,163,8,60,insularis,queen,1,Hydrophyllum.fendleri,Hydrophyllaceae
2018,Avery.Wash,163,8,60,mixtus,queen,1,Hydrophyllum.fendleri,Hydrophyllaceae
2018,Avery.Wash,174,9,60,appositus,queen,1,Delphinium.barbeyi,Ranunculaceae
2018,Avery.Wash,174,9,60,appositus,queen,1,Vicia.americana,Fabaceae
2018,Avery.Wash,174,9,60,bifarius,queen,1,Hydrophyllum.fendleri,Hydrophyllaceae
2018,Avery.Wash,174,9,60,flavifrons,queen,1,Lonicera.involucrata,Caprifoliaceae
2018,Avery.Wash,174,9,60,flavifrons,queen,5,Hydrophyllum.fendleri,Hydrophyllaceae
2018,Avery.Wash,174,9,60,flavifrons,queen,1,Mertensia.ciliata,Boraginaceae
2018,Avery.Wash,174,9,60,flavifrons,queen,6,Vicia.americana,Fabaceae
2018,Avery.Wash,174,9,60,flavifrons,worker,1,Hymenoxys.hoopesii,Asteraceae
2018,Avery.Wash,174,9,60,flavifrons,worker,1,Mertensia.ciliata,Boraginaceae
2018,Avery.Wash,174,9,60,flavifrons,worker,3,Vicia.americana,Fabaceae
2018,Avery.Wash,174,9,60,insularis,queen,3,Hydrophyllum.fendleri,Hydrophyllaceae
2018,Avery.Wash,174,9,60,insularis,queen,1,Rubus.idaeus,Rosaceae
2018,Avery.Wash,174,9,60,mixtus,queen,1,Hydrophyllum.fendleri,Hydrophyllaceae
2018,Avery.Wash,174,9,60,rufocinctus,queen,1,Hydrophyllum.fendleri,Hydrophyllaceae
2018,Avery.Wash,179,10,60,appositus,queen,2,Vicia.americana,Fabaceae
2018,Avery.Wash,179,10,60,appositus,worker,1,Delphinium.barbeyi,Ranunculaceae
2018,Avery.Wash,179,10,60,appositus,worker,1,Vicia.americana,Fabaceae
2018,Avery.Wash,179,10,60,bifarius,queen,1,Helianthella.quinquenervis,Asteraceae
2018,Avery.Wash,179,10,60,bifarius,worker,1,Helianthella.quinquenervis,Asteraceae
2018,Avery.Wash,179,10,60,bifarius,worker,1,Potentilla.pulcherrima,Rosaceae
2018,Avery.Wash,179,10,60,flavifrons,queen,1,Delphinium.barbeyi,Ranunculaceae
2018,Avery.Wash,179,10,60,flavifrons,queen,1,Mertensia.ciliata,Boraginaceae
2018,Avery.Wash,179,10,60,flavifrons,queen,4,Vicia.americana,Fabaceae
2018,Avery.Wash,179,10,60,flavifrons,worker,1,Delphinium.barbeyi,Ranunculaceae
2018,Avery.Wash,179,10,60,flavifrons,worker,1,Geranium.richardsonii,Geraniaceae
2018,Avery.Wash,179,10,60,flavifrons,worker,1,Helianthella.quinquenervis,Asteraceae
2018,Avery.Wash,179,10,60,flavifrons,worker,1,Hydrophyllum.fendleri,Hydrophyllaceae
2018,Avery.Wash,179,10,60,flavifrons,worker,3,Mertensia.ciliata,Boraginaceae
2018,Avery.Wash,179,10,60,insularis,queen,2,Hydrophyllum.fendleri,Hydrophyllaceae
2018,Avery.Wash,179,10,60,insularis,queen,2,Vicia.americana,Fabaceae
2018,Avery.Wash,179,10,60,mixtus,queen,1,Hydrophyllum.fendleri,Hydrophyllaceae
2018,Avery.Wash,179,10,60,sylvicola,worker,1,Potentilla.pulcherrima,Rosaceae
2018,Avery.Wash,184,11,60,appositus,queen,1,Delphinium.barbeyi,Ranunculaceae
2018,Avery.Wash,184,11,60,appositus,worker,4,Delphinium.barbeyi,Ranunculaceae
2018,Avery.Wash,184,11,60,bifarius,worker,1,Helianthella.quinquenervis,Asteraceae
2018,Avery.Wash,184,11,60,bifarius,worker,5,Potentilla.pulcherrima,Rosaceae
2018,Avery.Wash,184,11,60,flavifrons,queen,1,Delphinium.barbeyi,Ranunculaceae
2018,Avery.Wash,184,11,60,flavifrons,worker,1,Aconitum.columbianum,Ranunculaceae
2018,Avery.Wash,184,11,60,flavifrons,worker,7,Helianthella.quinquenervis,Asteraceae
2018,Avery.Wash,184,11,60,flavifrons,worker,3,Hydrophyllum.fendleri,Hydrophyllaceae
2018,Avery.Wash,184,11,60,flavifrons,worker,4,Mertensia.ciliata,Boraginaceae
2018,Avery.Wash,184,11,60,flavifrons,worker,1,Rubus.idaeus,Rosaceae
2018,Avery.Wash,184,11,60,rufocinctus,worker,1,Potentilla.pulcherrima,Rosaceae
2018,Avery.Wash,184,11,60,sylvicola,worker,1,Potentilla.pulcherrima,Rosaceae
2018,Avery.Wash,191,12,60,appositus,queen,1,Delphinium.barbeyi,Ranunculaceae
2018,Avery.Wash,191,12,60,appositus,worker,3,Delphinium.barbeyi,Ranunculaceae
2018,Avery.Wash,191,12,60,bifarius,worker,1,Agoseris.glauca,Asteraceae
2018,Avery.Wash,191,12,60,bifarius,worker,2,Helianthella.quinquenervis,Asteraceae
2018,Avery.Wash,191,12,60,bifarius,worker,1,Trifolium.repens,Fabaceae
2018,Avery.Wash,191,12,60,flavifrons,male,1,Geranium.richardsonii,Geraniaceae
2018,Avery.Wash,191,12,60,flavifrons,queen,2,Delphinium.barbeyi,Ranunculaceae
2018,Avery.Wash,191,12,60,flavifrons,queen,1,Hymenoxys.hoopesii,Asteraceae
2018,Avery.Wash,191,12,60,flavifrons,worker,1,Aconitum.columbianum,Ranunculaceae
2018,Avery.Wash,191,12,60,flavifrons,worker,1,Cirsium.parryi,Asteraceae
2018,Avery.Wash,191,12,60,flavifrons,worker,10,Delphinium.barbeyi,Ranunculaceae
2018,Avery.Wash,191,12,60,flavifrons,worker,5,Helianthella.quinquenervis,Asteraceae
2018,Avery.Wash,191,12,60,flavifrons,worker,1,Hydrophyllum.fendleri,Hydrophyllaceae
2018,Avery.Wash,191,12,60,flavifrons,worker,2,Mertensia.ciliata,Boraginaceae
2018,Avery.Wash,191,12,60,flavifrons,worker,2,Pedicularis.groenlandica,Orobanchaceae
2018,Avery.Wash,191,12,60,flavifrons,worker,1,Potentilla.pulcherrima,Rosaceae
2018,Avery.Wash,191,12,60,frigidus,worker,1,Agoseris.aurantiaca,Asteraceae
2018,Avery.Wash,191,12,60,mixtus,worker,1,Heracleum.maximum,Apiaceae
2018,Avery.Wash,191,12,60,occidentalis,worker,1,Heracleum.maximum,Apiaceae
2018,Avery.Wash,200,13,60,appositus,male,1,Delphinium.barbeyi,Ranunculaceae
2018,Avery.Wash,200,13,60,appositus,queen,1,Delphinium.barbeyi,Ranunculaceae
2018,Avery.Wash,200,13,60,appositus,worker,10,Delphinium.barbeyi,Ranunculaceae
2018,Avery.Wash,200,13,60,bifarius,male,1,Erigeron.elatior,Asteraceae
2018,Avery.Wash,200,13,60,bifarius,male,1,Heliomeris.multiflora,Asteraceae
2018,Avery.Wash,200,13,60,bifarius,male,1,Senecio.bigelovii,Asteraceae
2018,Avery.Wash,200,13,60,bifarius,male,2,Senecio.serra.var.admirabilis,Asteraceae
2018,Avery.Wash,200,13,60,bifarius,worker,1,Hymenoxys.hoopesii,Asteraceae
2018,Avery.Wash,200,13,60,bifarius,worker,3,Erigeron.elatior,Asteraceae
2018,Avery.Wash,200,13,60,bifarius,worker,3,Erigeron.speciosus,Asteraceae
2018,Avery.Wash,200,13,60,bifarius,worker,1,Heliomeris.multiflora,Asteraceae
2018,Avery.Wash,200,13,60,bifarius,worker,1,Heterotheca.villosa,Asteraceae
2018,Avery.Wash,200,13,60,bifarius,worker,5,Senecio.bigelovii,Asteraceae
2018,Avery.Wash,200,13,60,bifarius,worker,2,Senecio.serra.var.admirabilis,Asteraceae
2018,Avery.Wash,200,13,60,bifarius,worker,1,Solidago.multiradiata,Asteraceae
2018,Avery.Wash,200,13,60,flavifrons,male,1,Arnica.parryi,Asteraceae
2018,Avery.Wash,200,13,60,flavifrons,male,4,Cirsium.parryi,Asteraceae
2018,Avery.Wash,200,13,60,flavifrons,male,7,Senecio.bigelovii,Asteraceae
2018,Avery.Wash,200,13,60,flavifrons,queen,6,Delphinium.barbeyi,Ranunculaceae
2018,Avery.Wash,200,13,60,flavifrons,worker,5,Aconitum.columbianum,Ranunculaceae
2018,Avery.Wash,200,13,60,flavifrons,worker,1,Arnica.parryi,Asteraceae
2018,Avery.Wash,200,13,60,flavifrons,worker,4,Cirsium.parryi,Asteraceae
2018,Avery.Wash,200,13,60,flavifrons,worker,6,Delphinium.barbeyi,Ranunculaceae
2018,Avery.Wash,200,13,60,flavifrons,worker,6,Senecio.bigelovii,Asteraceae
2018,Avery.Wash,200,13,60,frigidus,worker,2,Heterotheca.villosa,Asteraceae
2018,Avery.Wash,200,13,60,mixtus,male,1,Cirsium.parryi,Asteraceae
2018,Avery.Wash,200,13,60,mixtus,male,1,Senecio.bigelovii,Asteraceae
2018,Avery.Wash,200,13,60,mixtus,male,1,Senecio.serra.var.admirabilis,Asteraceae
2018,Avery.Wash,200,13,60,mixtus,worker,1,Heterotheca.villosa,Asteraceae
2018,Avery.Wash,200,13,60,sylvicola,worker,1,Heterotheca.villosa,Asteraceae
2018,Avery.Wash,200,13,60,sylvicola,worker,2,Senecio.bigelovii,Asteraceae
2018,Avery.Wash,206,14,60,appositus,male,1,Cirsium.parryi,Asteraceae
2018,Avery.Wash,206,14,60,appositus,male,1,Senecio.serra.var.admirabilis,Asteraceae
2018,Avery.Wash,206,14,60,balteatus,male,1,Senecio.bigelovii,Asteraceae
2018,Avery.Wash,206,14,60,bifarius,male,2,Heliomeris.multiflora,Asteraceae
2018,Avery.Wash,206,14,60,bifarius,male,1,Senecio.bigelovii,Asteraceae
2018,Avery.Wash,206,14,60,bifarius,male,5,Senecio.serra.var.admirabilis,Asteraceae
2018,Avery.Wash,206,14,60,bifarius,worker,1,Erigeron.elatior,Asteraceae
2018,Avery.Wash,206,14,60,bifarius,worker,1,Erigeron.speciosus,Asteraceae
2018,Avery.Wash,206,14,60,bifarius,worker,16,Heliomeris.multiflora,Asteraceae
2018,Avery.Wash,206,14,60,bifarius,worker,4,Senecio.bigelovii,Asteraceae
2018,Avery.Wash,206,14,60,bifarius,worker,3,Senecio.serra.var.admirabilis,Asteraceae
2018,Avery.Wash,206,14,60,flavifrons,male,1,Arnica.parryi,Asteraceae
2018,Avery.Wash,206,14,60,flavifrons,male,9,Cirsium.parryi,Asteraceae
2018,Avery.Wash,206,14,60,flavifrons,male,22,Senecio.bigelovii,Asteraceae
2018,Avery.Wash,206,14,60,flavifrons,male,3,Senecio.serra.var.admirabilis,Asteraceae
2018,Avery.Wash,206,14,60,flavifrons,queen,1,Cirsium.parryi,Asteraceae
2018,Avery.Wash,206,14,60,flavifrons,queen,1,Delphinium.barbeyi,Ranunculaceae
2018,Avery.Wash,206,14,60,flavifrons,queen,1,Vicia.americana,Fabaceae
2018,Avery.Wash,206,14,60,flavifrons,worker,6,Cirsium.parryi,Asteraceae
2018,Avery.Wash,206,14,60,flavifrons,worker,2,Heliomeris.multiflora,Asteraceae
2018,Avery.Wash,206,14,60,flavifrons,worker,2,Heterotheca.villosa,Asteraceae
2018,Avery.Wash,206,14,60,flavifrons,worker,10,Senecio.bigelovii,Asteraceae
2018,Avery.Wash,206,14,60,flavifrons,worker,2,Senecio.serra.var.admirabilis,Asteraceae
2018,Avery.Wash,206,14,60,insularis,male,1,Erigeron.speciosus,Asteraceae
2018,Avery.Wash,206,14,60,insularis,male,1,Heliomeris.multiflora,Asteraceae
2018,Avery.Wash,206,14,60,insularis,male,1,Senecio.bigelovii,Asteraceae
2018,Avery.Wash,206,14,60,insularis,male,4,Senecio.serra.var.admirabilis,Asteraceae
2018,Avery.Wash,206,14,60,insularis,queen,1,Cirsium.parryi,Asteraceae
2018,Avery.Wash,206,14,60,insularis,queen,3,Senecio.serra.var.admirabilis,Asteraceae
2018,Avery.Wash,206,14,60,mixtus,male,1,Senecio.bigelovii,Asteraceae
2018,Avery.Wash,206,14,60,mixtus,male,1,Senecio.serra.var.admirabilis,Asteraceae
2018,Avery.Wash,206,14,60,mixtus,worker,1,Heliomeris.multiflora,Asteraceae
2018,Avery.Wash,206,14,60,mixtus,worker,1,Senecio.bigelovii,Asteraceae
2018,Avery.Wash,206,14,60,occidentalis,male,1,Hymenoxys.hoopesii,Asteraceae
2018,Avery.Wash,206,14,60,occidentalis,male,1,Senecio.serra.var.admirabilis,Asteraceae
2018,Avery.Wash,206,14,60,occidentalis,worker,1,Erigeron.elatior,Asteraceae
2018,Avery.Wash,206,14,60,occidentalis,worker,1,Senecio.serra.var.admirabilis,Asteraceae
2018,Avery.Wash,206,14,60,rufocinctus,worker,3,Heliomeris.multiflora,Asteraceae
2018,Avery.Wash,206,14,60,sylvicola,queen,1,Senecio.bigelovii,Asteraceae
2018,Avery.Wash,206,14,60,sylvicola,worker,1,Heliomeris.multiflora,Asteraceae
2018,Avery.Wash,206,14,60,sylvicola,worker,2,Senecio.serra.var.admirabilis,Asteraceae
2018,Avery.Wash,214,15,60,appositus,male,2,Delphinium.barbeyi,Ranunculaceae
2018,Avery.Wash,214,15,60,bifarius,male,13,Heliomeris.multiflora,Asteraceae
2018,Avery.Wash,214,15,60,bifarius,male,1,Senecio.serra.var.admirabilis,Asteraceae
2018,Avery.Wash,214,15,60,bifarius,worker,16,Heliomeris.multiflora,Asteraceae
2018,Avery.Wash,214,15,60,bifarius,worker,1,Senecio.serra.var.admirabilis,Asteraceae
2018,Avery.Wash,214,15,60,flavifrons,male,9,Cirsium.parryi,Asteraceae
2018,Avery.Wash,214,15,60,flavifrons,male,1,Senecio.bigelovii,Asteraceae
2018,Avery.Wash,214,15,60,flavifrons,male,1,Senecio.serra.var.admirabilis,Asteraceae
2018,Avery.Wash,214,15,60,flavifrons,worker,1,Cirsium.parryi,Asteraceae
2018,Avery.Wash,214,15,60,insularis,male,1,Cirsium.parryi,Asteraceae
2018,Avery.Wash,214,15,60,insularis,male,10,Heliomeris.multiflora,Asteraceae
2018,Avery.Wash,214,15,60,insularis,male,1,Senecio.bigelovii,Asteraceae
2018,Avery.Wash,214,15,60,insularis,male,2,Senecio.serra.var.admirabilis,Asteraceae
2018,Avery.Wash,214,15,60,mixtus,worker,1,Heliomeris.multiflora,Asteraceae
2018,Avery.Wash,214,15,60,sylvicola,male,2,Heliomeris.multiflora,Asteraceae
2018,Avery.Wash,214,15,60,sylvicola,worker,1,Heliomeris.multiflora,Asteraceae
2018,Avery.Wash,225,16,60,bifarius,male,3,Heliomeris.multiflora,Asteraceae
2018,Avery.Wash,225,16,60,insularis,male,2,Cirsium.arvense,Asteraceae
2018,Avery.Wash,225,16,60,insularis,male,5,Heliomeris.multiflora,Asteraceae
2018,Avery.Wash,225,16,60,sylvicola,male,2,Heliomeris.multiflora,Asteraceae
2018,Avery.Wash,233,17,60,bifarius,male,2,Heliomeris.multiflora,Asteraceae
2018,Avery.Wash,233,17,60,flavifrons,male,1,Cirsium.parryi,Asteraceae
2018,Avery.Wash,233,17,60,flavifrons,worker,1,Gentiana.parryi,Gentianaceae
2018,Avery.Wash,233,17,60,insularis,male,1,Cirsium.arvense,Asteraceae
2018,Avery.Wash,233,17,60,insularis,male,1,Cirsium.parryi,Asteraceae
2018,Avery.Wash,233,17,60,insularis,male,1,Heliomeris.multiflora,Asteraceae
2018,Copper.Creek,133,3,60,bifarius,queen,2,Claytonia.lanceolata,Montiaceae
2018,Copper.Creek,137,4,60,bifarius,queen,1,Mertensia.fusiformis,Boraginaceae
2018,Copper.Creek,137,4,60,bifarius,queen,3,Salix.sp,Salicaceae
2018,Copper.Creek,142,5,60,bifarius,queen,1,Erythronium.grandiflorum,Liliaceae
2018,Copper.Creek,142,5,60,bifarius,queen,2,Mertensia.fusiformis,Boraginaceae
2018,Copper.Creek,142,5,60,bifarius,queen,2,Salix.sp,Salicaceae
2018,Copper.Creek,149,6,60,bifarius,queen,2,Hydrophyllum.capitatum,Hydrophyllaceae
2018,Copper.Creek,149,6,60,bifarius,queen,3,Salix.sp,Salicaceae
2018,Copper.Creek,149,6,60,flavifrons,queen,1,Hydrophyllum.capitatum,Hydrophyllaceae
2018,Copper.Creek,149,6,60,occidentalis,queen,1,Salix.sp,Salicaceae
2018,Copper.Creek,149,6,60,rufocinctus,queen,1,Salix.sp,Salicaceae
2018,Copper.Creek,149,6,60,sylvicola,queen,1,Salix.sp,Salicaceae
2018,Copper.Creek,155,7,60,appositus,queen,5,Delphinium.nuttallianum,Ranunculaceae
2018,Copper.Creek,155,7,60,flavifrons,queen,1,Delphinium.nuttallianum,Ranunculaceae
2018,Copper.Creek,162,8,60,appositus,queen,4,Delphinium.nuttallianum,Ranunculaceae
2018,Copper.Creek,162,8,60,appositus,worker,2,Delphinium.nuttallianum,Ranunculaceae
2018,Copper.Creek,162,8,60,bifarius,queen,4,Hydrophyllum.fendleri,Hydrophyllaceae
2018,Copper.Creek,162,8,60,californicus,queen,3,Delphinium.nuttallianum,Ranunculaceae
2018,Copper.Creek,162,8,60,californicus,queen,1,Lathyrus.lanszwertii.var.leucanthus,Fabaceae
2018,Copper.Creek,162,8,60,flavifrons,queen,1,Delphinium.nuttallianum,Ranunculaceae
2018,Copper.Creek,162,8,60,flavifrons,queen,8,Hydrophyllum.fendleri,Hydrophyllaceae
2018,Copper.Creek,162,8,60,flavifrons,worker,1,Hydrophyllum.fendleri,Hydrophyllaceae
2018,Copper.Creek,162,8,60,occidentalis,queen,1,Hydrophyllum.fendleri,Hydrophyllaceae
2018,Copper.Creek,162,8,60,rufocinctus,queen,1,Lupinus.sericeus.var.sericeus,Fabaceae
2018,Copper.Creek,171,9,60,bifarius,queen,3,Hydrophyllum.fendleri,Hydrophyllaceae
2018,Copper.Creek,171,9,60,flavifrons,queen,2,Hydrophyllum.fendleri,Hydrophyllaceae
2018,Copper.Creek,171,9,60,flavifrons,queen,1,Lupinus.sericeus.var.sericeus,Fabaceae
2018,Copper.Creek,171,9,60,flavifrons,queen,3,Vicia.americana,Fabaceae
2018,Copper.Creek,171,9,60,insularis,queen,4,Hydrophyllum.fendleri,Hydrophyllaceae
2018,Copper.Creek,171,9,60,rufocinctus,queen,2,Hydrophyllum.fendleri,Hydrophyllaceae
2018,Copper.Creek,177,10,60,appositus,queen,1,Delphinium.barbeyi,Ranunculaceae
2018,Copper.Creek,177,10,60,appositus,worker,1,Delphinium.barbeyi,Ranunculaceae
2018,Copper.Creek,177,10,60,bifarius,queen,2,Helianthella.quinquenervis,Asteraceae
2018,Copper.Creek,177,10,60,flavifrons,queen,3,Delphinium.barbeyi,Ranunculaceae
2018,Copper.Creek,177,10,60,flavifrons,queen,1,Vicia.americana,Fabaceae
2018,Copper.Creek,177,10,60,insularis,queen,2,Helianthella.quinquenervis,Asteraceae
2018,Copper.Creek,177,10,60,insularis,queen,1,Hydrophyllum.fendleri,Hydrophyllaceae
2018,Copper.Creek,186,11,60,appositus,queen,1,Delphinium.barbeyi,Ranunculaceae
2018,Copper.Creek,186,11,60,appositus,worker,6,Delphinium.barbeyi,Ranunculaceae
2018,Copper.Creek,186,11,60,appositus,worker,1,Potentilla.pulcherrima,Rosaceae
2018,Copper.Creek,186,11,60,bifarius,queen,4,Helianthella.quinquenervis,Asteraceae
2018,Copper.Creek,186,11,60,californicus,worker,1,Delphinium.barbeyi,Ranunculaceae
2018,Copper.Creek,186,11,60,flavifrons,queen,1,Delphinium.barbeyi,Ranunculaceae
2018,Copper.Creek,186,11,60,flavifrons,worker,1,Aconitum.columbianum,Ranunculaceae
2018,Copper.Creek,186,11,60,flavifrons,worker,8,Delphinium.barbeyi,Ranunculaceae
2018,Copper.Creek,186,11,60,flavifrons,worker,1,Helianthella.quinquenervis,Asteraceae
2018,Copper.Creek,186,11,60,flavifrons,worker,1,Potentilla.pulcherrima,Rosaceae
2018,Copper.Creek,186,11,60,flavifrons,worker,1,Vicia.americana,Fabaceae
2018,Copper.Creek,186,11,60,frigidus,queen,2,Heracleum.maximum,Apiaceae
2018,Copper.Creek,186,11,60,insularis,queen,9,Helianthella.quinquenervis,Asteraceae
2018,Copper.Creek,186,11,60,occidentalis,worker,1,Heracleum.maximum,Apiaceae
2018,Copper.Creek,186,11,60,rufocinctus,worker,1,Helianthella.quinquenervis,Asteraceae
2018,Copper.Creek,193,12,60,appositus,queen,3,Delphinium.barbeyi,Ranunculaceae
2018,Copper.Creek,193,12,60,appositus,worker,8,Delphinium.barbeyi,Ranunculaceae
2018,Copper.Creek,193,12,60,bifarius,male,1,Heliomeris.multiflora,Asteraceae
2018,Copper.Creek,193,12,60,bifarius,queen,1,Hymenoxys.hoopesii,Asteraceae
2018,Copper.Creek,193,12,60,bifarius,queen,3,Helianthella.quinquenervis,Asteraceae
2018,Copper.Creek,193,12,60,bifarius,worker,1,Linum.lewisii,Linaceae
2018,Copper.Creek,193,12,60,bifarius,worker,1,Hymenoxys.hoopesii,Asteraceae
2018,Copper.Creek,193,12,60,bifarius,worker,1,Helianthella.quinquenervis,Asteraceae
2018,Copper.Creek,193,12,60,bifarius,worker,2,Heliomeris.multiflora,Asteraceae
2018,Copper.Creek,193,12,60,bifarius,worker,1,Potentilla.pulcherrima,Rosaceae
2018,Copper.Creek,193,12,60,flavifrons,male,1,Hymenoxys.hoopesii,Asteraceae
2018,Copper.Creek,193,12,60,flavifrons,queen,2,Delphinium.barbeyi,Ranunculaceae
2018,Copper.Creek,193,12,60,flavifrons,worker,1,Aconitum.columbianum,Ranunculaceae
2018,Copper.Creek,193,12,60,flavifrons,worker,5,Delphinium.barbeyi,Ranunculaceae
2018,Copper.Creek,193,12,60,flavifrons,worker,1,Helianthella.quinquenervis,Asteraceae
2018,Copper.Creek,193,12,60,insularis,queen,2,Hymenoxys.hoopesii,Asteraceae
2018,Copper.Creek,193,12,60,insularis,queen,5,Helianthella.quinquenervis,Asteraceae
2018,Copper.Creek,193,12,60,insularis,queen,1,Heliomeris.multiflora,Asteraceae
2018,Copper.Creek,193,12,60,nevadensis,queen,1,Delphinium.barbeyi,Ranunculaceae
2018,Copper.Creek,193,12,60,rufocinctus,worker,1,Helianthella.quinquenervis,Asteraceae
2018,Copper.Creek,201,13,60,appositus,queen,3,Delphinium.barbeyi,Ranunculaceae
2018,Copper.Creek,201,13,60,appositus,worker,1,Delphinium.barbeyi,Ranunculaceae
2018,Copper.Creek,201,13,60,bifarius,male,1,Erigeron.elatior,Asteraceae
2018,Copper.Creek,201,13,60,bifarius,queen,2,Hymenoxys.hoopesii,Asteraceae
2018,Copper.Creek,201,13,60,bifarius,queen,1,Senecio.bigelovii,Asteraceae
2018,Copper.Creek,201,13,60,bifarius,worker,1,Erigeron.elatior,Asteraceae
2018,Copper.Creek,201,13,60,bifarius,worker,10,Erigeron.speciosus,Asteraceae
2018,Copper.Creek,201,13,60,bifarius,worker,15,Heliomeris.multiflora,Asteraceae
2018,Copper.Creek,201,13,60,bifarius,worker,1,Heterotheca.villosa,Asteraceae
2018,Copper.Creek,201,13,60,bifarius,worker,1,Senecio.bigelovii,Asteraceae
2018,Copper.Creek,201,13,60,flavifrons,male,1,Heliomeris.multiflora,Asteraceae
2018,Copper.Creek,201,13,60,flavifrons,male,1,Senecio.bigelovii,Asteraceae
2018,Copper.Creek,201,13,60,flavifrons,male,1,Senecio.serra.var.admirabilis,Asteraceae
2018,Copper.Creek,201,13,60,flavifrons,worker,3,Delphinium.barbeyi,Ranunculaceae
2018,Copper.Creek,201,13,60,insularis,male,1,Hymenoxys.hoopesii,Asteraceae
2018,Copper.Creek,201,13,60,insularis,male,4,Erigeron.speciosus,Asteraceae
2018,Copper.Creek,201,13,60,insularis,queen,1,Hymenoxys.hoopesii,Asteraceae
2018,Copper.Creek,201,13,60,mixtus,male,1,Erigeron.speciosus,Asteraceae
2018,Copper.Creek,201,13,60,mixtus,worker,1,Senecio.serra.var.admirabilis,Asteraceae
2018,Copper.Creek,201,13,60,rufocinctus,worker,1,Erigeron.speciosus,Asteraceae
2018,Copper.Creek,207,14,60,appositus,male,1,Cirsium.parryi,Asteraceae
2018,Copper.Creek,207,14,60,bifarius,male,1,Erigeron.speciosus,Asteraceae
2018,Copper.Creek,207,14,60,bifarius,male,8,Heliomeris.multiflora,Asteraceae
2018,Copper.Creek,207,14,60,bifarius,male,1,Senecio.bigelovii,Asteraceae
2018,Copper.Creek,207,14,60,bifarius,worker,1,Erigeron.elatior,Asteraceae
2018,Copper.Creek,207,14,60,bifarius,worker,1,Erigeron.speciosus,Asteraceae
2018,Copper.Creek,207,14,60,bifarius,worker,42,Heliomeris.multiflora,Asteraceae
2018,Copper.Creek,207,14,60,bifarius,worker,2,Heterotheca.villosa,Asteraceae
2018,Copper.Creek,207,14,60,californicus,male,1,Senecio.bigelovii,Asteraceae
2018,Copper.Creek,207,14,60,flavifrons,male,1,Senecio.serra.var.admirabilis,Asteraceae
2018,Copper.Creek,207,14,60,flavifrons,worker,1,Senecio.bigelovii,Asteraceae
2018,Copper.Creek,207,14,60,insularis,male,6,Hymenoxys.hoopesii,Asteraceae
2018,Copper.Creek,207,14,60,insularis,male,1,Erigeron.elatior,Asteraceae
2018,Copper.Creek,207,14,60,insularis,male,2,Erigeron.speciosus,Asteraceae
2018,Copper.Creek,207,14,60,insularis,male,27,Heliomeris.multiflora,Asteraceae
2018,Copper.Creek,207,14,60,insularis,male,1,Heterotheca.villosa,Asteraceae
2018,Copper.Creek,207,14,60,insularis,male,23,Senecio.bigelovii,Asteraceae
2018,Copper.Creek,207,14,60,occidentalis,male,1,Senecio.bigelovii,Asteraceae
2018,Copper.Creek,214,15,60,bifarius,male,1,Erigeron.speciosus,Asteraceae
2018,Copper.Creek,214,15,60,bifarius,male,13,Heliomeris.multiflora,Asteraceae
2018,Copper.Creek,214,15,60,bifarius,worker,14,Heliomeris.multiflora,Asteraceae
2018,Copper.Creek,214,15,60,flavifrons,male,2,Heliomeris.multiflora,Asteraceae
2018,Copper.Creek,214,15,60,flavifrons,male,1,Senecio.serra.var.admirabilis,Asteraceae
2018,Copper.Creek,214,15,60,insularis,male,72,Heliomeris.multiflora,Asteraceae
2018,Copper.Creek,214,15,60,insularis,male,4,Heterotheca.villosa,Asteraceae
2018,Copper.Creek,214,15,60,insularis,male,10,Senecio.bigelovii,Asteraceae
2018,Copper.Creek,214,15,60,insularis,male,3,Senecio.serra.var.admirabilis,Asteraceae
2018,Copper.Creek,214,15,60,insularis,queen,1,Heliomeris.multiflora,Asteraceae
2018,Copper.Creek,214,15,60,mixtus,male,1,Heliomeris.multiflora,Asteraceae
2018,Copper.Creek,214,15,60,mixtus,male,1,Senecio.serra.var.admirabilis,Asteraceae
2018,Copper.Creek,214,15,60,rufocinctus,male,2,Heliomeris.multiflora,Asteraceae
2018,Copper.Creek,224,16,60,bifarius,male,1,Heliomeris.multiflora,Asteraceae
2018,Copper.Creek,224,16,60,bifarius,worker,1,Heliomeris.multiflora,Asteraceae
2018,Copper.Creek,224,16,60,insularis,male,16,Heliomeris.multiflora,Asteraceae
2018,Copper.Creek,224,16,60,mixtus,male,1,Heliomeris.multiflora,Asteraceae
2018,Copper.Creek,230,17,60,bifarius,male,3,Heliomeris.multiflora,Asteraceae
2018,Copper.Creek,230,17,60,insularis,male,19,Heliomeris.multiflora,Asteraceae
2018,Copper.Creek,230,17,60,insularis,male,1,Heterotheca.villosa,Asteraceae
2018,Copper.Creek,230,17,60,rufocinctus,male,1,Heliomeris.multiflora,Asteraceae
2018,Copper.Creek,242,18,60,insularis,male,1,Symphyotrichum.foliaceum,Asteraceae
2018,Copper.Creek,242,18,60,insularis,male,1,Heliomeris.multiflora,Asteraceae
2018,Frogs.Pond,117,1,80,bifarius,queen,3,Salix.sp,Salicaceae
2018,Frogs.Pond,125,2,60,bifarius,queen,1,Salix.sp,Salicaceae
2018,Frogs.Pond,134,3,60,bifarius,queen,3,Mertensia.fusiformis,Boraginaceae
2018,Frogs.Pond,137,4,60,bifarius,queen,2,Salix.sp,Salicaceae
2018,Frogs.Pond,137,4,60,flavifrons,queen,1,Mertensia.fusiformis,Boraginaceae
2018,Frogs.Pond,144,5,60,bifarius,queen,3,Mertensia.fusiformis,Boraginaceae
2018,Frogs.Pond,144,5,60,flavifrons,queen,1,Taraxacum.officinale,Asteraceae
2018,Frogs.Pond,151,6,60,bifarius,queen,1,Salix.sp,Salicaceae
2018,Frogs.Pond,151,6,60,flavifrons,queen,4,Hydrophyllum.fendleri,Hydrophyllaceae
2018,Frogs.Pond,156,7,60,bifarius,queen,1,Taraxacum.officinale,Asteraceae
2018,Frogs.Pond,156,7,60,californicus,queen,1,Lathyrus.lanszwertii.var.leucanthus,Fabaceae
2018,Frogs.Pond,156,7,60,californicus,queen,1,Taraxacum.officinale,Asteraceae
2018,Frogs.Pond,156,7,60,flavifrons,queen,5,Hydrophyllum.fendleri,Hydrophyllaceae
2018,Frogs.Pond,156,7,60,insularis,queen,1,Taraxacum.officinale,Asteraceae
2018,Frogs.Pond,163,8,60,bifarius,queen,1,Lupinus.sericeus.var.sericeus,Fabaceae
2018,Frogs.Pond,163,8,60,insularis,queen,1,Hydrophyllum.fendleri,Hydrophyllaceae
2018,Frogs.Pond,171,9,60,flavifrons,queen,1,Hydrophyllum.fendleri,Hydrophyllaceae
2018,Frogs.Pond,171,9,60,flavifrons,worker,1,Mertensia.ciliata,Boraginaceae
2018,Frogs.Pond,177,10,60,appositus,queen,1,Vicia.americana,Fabaceae
2018,Frogs.Pond,177,10,60,mixtus,worker,1,Mertensia.ciliata,Boraginaceae
2018,Frogs.Pond,187,11,60,appositus,queen,1,Linaria.vulgaris,Plantaginaceae
2018,Frogs.Pond,187,11,60,appositus,worker,1,Linaria.vulgaris,Plantaginaceae
2018,Frogs.Pond,187,11,60,bifarius,worker,3,Helianthella.quinquenervis,Asteraceae
2018,Frogs.Pond,187,11,60,bifarius,worker,4,Potentilla.fruticosa,Rosaceae
2018,Frogs.Pond,187,11,60,flavifrons,queen,1,Helianthella.quinquenervis,Asteraceae
2018,Frogs.Pond,187,11,60,flavifrons,worker,1,Delphinium.barbeyi,Ranunculaceae
2018,Frogs.Pond,187,11,60,flavifrons,worker,1,Helianthella.quinquenervis,Asteraceae
2018,Frogs.Pond,187,11,60,rufocinctus,worker,1,Calochortus.gunnisonii,Liliaceae
2018,Frogs.Pond,187,11,60,sylvicola,worker,1,Potentilla.pulcherrima,Rosaceae
2018,Frogs.Pond,194,12,60,appositus,worker,1,Linaria.vulgaris,Plantaginaceae
2018,Frogs.Pond,194,12,60,bifarius,queen,1,Helianthella.quinquenervis,Asteraceae
2018,Frogs.Pond,194,12,60,bifarius,worker,2,Angelica.grayi,Apiaceae
2018,Frogs.Pond,194,12,60,bifarius,worker,10,Erigeron.speciosus,Asteraceae
2018,Frogs.Pond,194,12,60,bifarius,worker,3,Helianthella.quinquenervis,Asteraceae
2018,Frogs.Pond,194,12,60,bifarius,worker,3,Heliomeris.multiflora,Asteraceae
2018,Frogs.Pond,194,12,60,bifarius,worker,1,Linaria.vulgaris,Plantaginaceae
2018,Frogs.Pond,194,12,60,flavifrons,male,1,Cirsium.parryi,Asteraceae
2018,Frogs.Pond,194,12,60,flavifrons,worker,2,Aconitum.columbianum,Ranunculaceae
2018,Frogs.Pond,194,12,60,flavifrons,worker,2,Delphinium.barbeyi,Ranunculaceae
2018,Frogs.Pond,194,12,60,occidentalis,worker,1,Angelica.grayi,Apiaceae
2018,Frogs.Pond,194,12,60,occidentalis,worker,2,Heracleum.maximum,Apiaceae
2018,Frogs.Pond,194,12,60,occidentalis,worker,1,Ipomopsis.aggregata,Polemoniaceae
2018,Frogs.Pond,194,12,60,rufocinctus,worker,1,Erigeron.speciosus,Asteraceae
2018,Frogs.Pond,202,13,60,appositus,queen,1,Delphinium.barbeyi,Ranunculaceae
2018,Frogs.Pond,202,13,60,bifarius,worker,2,Angelica.grayi,Apiaceae
2018,Frogs.Pond,202,13,60,bifarius,worker,3,Cirsium.parryi,Asteraceae
2018,Frogs.Pond,202,13,60,bifarius,worker,1,Erigeron.elatior,Asteraceae
2018,Frogs.Pond,202,13,60,bifarius,worker,21,Erigeron.speciosus,Asteraceae
2018,Frogs.Pond,202,13,60,bifarius,worker,13,Heliomeris.multiflora,Asteraceae
2018,Frogs.Pond,202,13,60,bifarius,worker,6,Heterotheca.villosa,Asteraceae
2018,Frogs.Pond,202,13,60,bifarius,worker,1,Potentilla.fruticosa,Rosaceae
2018,Frogs.Pond,202,13,60,bifarius,worker,1,Pyrrocoma.crocea,Asteraceae
2018,Frogs.Pond,202,13,60,bifarius,worker,1,Trifolium.repens,Fabaceae
2018,Frogs.Pond,202,13,60,flavifrons,male,2,Cirsium.parryi,Asteraceae
2018,Frogs.Pond,202,13,60,flavifrons,worker,1,Aconitum.columbianum,Ranunculaceae
2018,Frogs.Pond,202,13,60,flavifrons,worker,1,Cirsium.parryi,Asteraceae
2018,Frogs.Pond,202,13,60,occidentalis,worker,1,Angelica.grayi,Apiaceae
2018,Frogs.Pond,202,13,60,occidentalis,worker,1,Cirsium.parryi,Asteraceae
2018,Frogs.Pond,202,13,60,occidentalis,worker,1,Heracleum.maximum,Apiaceae
2018,Frogs.Pond,202,13,60,rufocinctus,male,1,Erigeron.speciosus,Asteraceae
2018,Frogs.Pond,202,13,60,rufocinctus,male,1,Heterotheca.villosa,Asteraceae
2018,Frogs.Pond,202,13,60,rufocinctus,worker,2,Erigeron.speciosus,Asteraceae
2018,Frogs.Pond,202,13,60,rufocinctus,worker,1,Helianthella.quinquenervis,Asteraceae
2018,Frogs.Pond,208,14,60,appositus,worker,3,Linaria.vulgaris,Plantaginaceae
2018,Frogs.Pond,208,14,60,bifarius,male,1,Angelica.grayi,Apiaceae
2018,Frogs.Pond,208,14,60,bifarius,male,3,Ericameria.parryi,Asteraceae
2018,Frogs.Pond,208,14,60,bifarius,male,1,Erigeron.speciosus,Asteraceae
2018,Frogs.Pond,208,14,60,bifarius,male,8,Heliomeris.multiflora,Asteraceae
2018,Frogs.Pond,208,14,60,bifarius,male,1,Senecio.bigelovii,Asteraceae
2018,Frogs.Pond,208,14,60,bifarius,worker,1,Angelica.grayi,Apiaceae
2018,Frogs.Pond,208,14,60,bifarius,worker,1,Symphyotrichum.foliaceum,Asteraceae
2018,Frogs.Pond,208,14,60,bifarius,worker,3,Cirsium.parryi,Asteraceae
2018,Frogs.Pond,208,14,60,bifarius,worker,3,Ericameria.parryi,Asteraceae
2018,Frogs.Pond,208,14,60,bifarius,worker,5,Erigeron.speciosus,Asteraceae
2018,Frogs.Pond,208,14,60,bifarius,worker,1,Helianthella.quinquenervis,Asteraceae
2018,Frogs.Pond,208,14,60,bifarius,worker,54,Heliomeris.multiflora,Asteraceae
2018,Frogs.Pond,208,14,60,bifarius,worker,5,Heterotheca.villosa,Asteraceae
2018,Frogs.Pond,208,14,60,bifarius,worker,1,Senecio.bigelovii,Asteraceae
2018,Frogs.Pond,208,14,60,bifarius,worker,5,Linaria.vulgaris,Plantaginaceae
2018,Frogs.Pond,208,14,60,bifarius,worker,1,Senecio.serra.var.admirabilis,Asteraceae
2018,Frogs.Pond,208,14,60,californicus,worker,1,Linaria.vulgaris,Plantaginaceae
2018,Frogs.Pond,208,14,60,flavifrons,male,8,Cirsium.parryi,Asteraceae
2018,Frogs.Pond,208,14,60,flavifrons,worker,7,Cirsium.parryi,Asteraceae
2018,Frogs.Pond,208,14,60,flavifrons,worker,1,Erigeron.speciosus,Asteraceae
2018,Frogs.Pond,208,14,60,flavifrons,worker,1,Senecio.serra.var.admirabilis,Asteraceae
2018,Frogs.Pond,208,14,60,insularis,male,2,Cirsium.parryi,Asteraceae
2018,Frogs.Pond,208,14,60,insularis,male,9,Ericameria.parryi,Asteraceae
2018,Frogs.Pond,208,14,60,insularis,male,1,Erigeron.speciosus,Asteraceae
2018,Frogs.Pond,208,14,60,insularis,male,8,Heliomeris.multiflora,Asteraceae
2018,Frogs.Pond,208,14,60,insularis,male,1,Solidago.missouriensis,Asteraceae
2018,Frogs.Pond,208,14,60,mixtus,male,1,Erigeron.elatior,Asteraceae
2018,Frogs.Pond,208,14,60,mixtus,male,1,Heliomeris.multiflora,Asteraceae
2018,Frogs.Pond,208,14,60,mixtus,worker,1,Cirsium.parryi,Asteraceae
2018,Frogs.Pond,208,14,60,occidentalis,male,1,Angelica.grayi,Apiaceae
2018,Frogs.Pond,208,14,60,occidentalis,male,1,Symphyotrichum.foliaceum,Asteraceae
2018,Frogs.Pond,208,14,60,occidentalis,male,3,Cirsium.parryi,Asteraceae
2018,Frogs.Pond,208,14,60,occidentalis,worker,5,Angelica.grayi,Apiaceae
2018,Frogs.Pond,208,14,60,occidentalis,worker,1,Cirsium.parryi,Asteraceae
2018,Frogs.Pond,208,14,60,occidentalis,worker,1,Ipomopsis.aggregata,Polemoniaceae
2018,Frogs.Pond,208,14,60,occidentalis,worker,1,Senecio.bigelovii,Asteraceae
2018,Frogs.Pond,208,14,60,rufocinctus,male,2,Heliomeris.multiflora,Asteraceae
2018,Frogs.Pond,208,14,60,rufocinctus,worker,1,Campanula.rotundifolia,Campanulaceae
2018,Frogs.Pond,208,14,60,rufocinctus,worker,3,Erigeron.speciosus,Asteraceae
2018,Frogs.Pond,208,14,60,rufocinctus,worker,1,Geranium.richardsonii,Geraniaceae
2018,Frogs.Pond,208,14,60,rufocinctus,worker,2,Heliomeris.multiflora,Asteraceae
2018,Frogs.Pond,215,15,60,appositus,male,1,Linaria.vulgaris,Plantaginaceae
2018,Frogs.Pond,215,15,60,bifarius,male,1,Symphyotrichum.foliaceum,Asteraceae
2018,Frogs.Pond,215,15,60,bifarius,male,2,Ericameria.parryi,Asteraceae
2018,Frogs.Pond,215,15,60,bifarius,male,1,Erigeron.speciosus,Asteraceae
2018,Frogs.Pond,215,15,60,bifarius,male,22,Heliomeris.multiflora,Asteraceae
2018,Frogs.Pond,215,15,60,bifarius,worker,1,Symphyotrichum.foliaceum,Asteraceae
2018,Frogs.Pond,215,15,60,bifarius,worker,1,Cirsium.parryi,Asteraceae
2018,Frogs.Pond,215,15,60,bifarius,worker,56,Heliomeris.multiflora,Asteraceae
2018,Frogs.Pond,215,15,60,bifarius,worker,1,Heterotheca.villosa,Asteraceae
2018,Frogs.Pond,215,15,60,bifarius,worker,1,Linaria.vulgaris,Plantaginaceae
2018,Frogs.Pond,215,15,60,bifarius,worker,1,Pyrrocoma.crocea,Asteraceae
2018,Frogs.Pond,215,15,60,californicus,worker,1,Linaria.vulgaris,Plantaginaceae
2018,Frogs.Pond,215,15,60,flavifrons,male,4,Cirsium.parryi,Asteraceae
2018,Frogs.Pond,215,15,60,flavifrons,male,1,Heliomeris.multiflora,Asteraceae
2018,Frogs.Pond,215,15,60,flavifrons,worker,7,Cirsium.parryi,Asteraceae
2018,Frogs.Pond,215,15,60,flavifrons,worker,2,Ericameria.parryi,Asteraceae
2018,Frogs.Pond,215,15,60,flavifrons,worker,1,Helianthella.quinquenervis,Asteraceae
2018,Frogs.Pond,215,15,60,frigidus,worker,1,Heliomeris.multiflora,Asteraceae
2018,Frogs.Pond,215,15,60,insularis,male,3,Cirsium.parryi,Asteraceae
2018,Frogs.Pond,215,15,60,insularis,male,12,Ericameria.parryi,Asteraceae
2018,Frogs.Pond,215,15,60,insularis,male,5,Heliomeris.multiflora,Asteraceae
2018,Frogs.Pond,215,15,60,occidentalis,male,1,Angelica.grayi,Apiaceae
2018,Frogs.Pond,215,15,60,occidentalis,male,1,Conioselinum.scopulorum,Apiaceae
2018,Frogs.Pond,215,15,60,occidentalis,male,1,Heliomeris.multiflora,Asteraceae
2018,Frogs.Pond,215,15,60,occidentalis,worker,1,Heliomeris.multiflora,Asteraceae
2018,Frogs.Pond,215,15,60,rufocinctus,worker,3,Heliomeris.multiflora,Asteraceae
2018,Frogs.Pond,215,15,60,sylvicola,worker,2,Heliomeris.multiflora,Asteraceae
2018,Frogs.Pond,224,16,60,appositus,male,1,Cirsium.parryi,Asteraceae
2018,Frogs.Pond,224,16,60,appositus,male,2,Gentiana.parryi,Gentianaceae
2018,Frogs.Pond,224,16,60,appositus,male,2,Linaria.vulgaris,Plantaginaceae
2018,Frogs.Pond,224,16,60,bifarius,male,2,Symphyotrichum.foliaceum,Asteraceae
2018,Frogs.Pond,224,16,60,bifarius,male,1,Ericameria.parryi,Asteraceae
2018,Frogs.Pond,224,16,60,bifarius,male,18,Heliomeris.multiflora,Asteraceae
2018,Frogs.Pond,224,16,60,bifarius,worker,1,Symphyotrichum.foliaceum,Asteraceae
2018,Frogs.Pond,224,16,60,bifarius,worker,1,Ericameria.parryi,Asteraceae
2018,Frogs.Pond,224,16,60,bifarius,worker,24,Heliomeris.multiflora,Asteraceae
2018,Frogs.Pond,224,16,60,flavifrons,male,3,Symphyotrichum.foliaceum,Asteraceae
2018,Frogs.Pond,224,16,60,flavifrons,male,1,Cirsium.parryi,Asteraceae
2018,Frogs.Pond,224,16,60,flavifrons,male,1,Heliomeris.multiflora,Asteraceae
2018,Frogs.Pond,224,16,60,flavifrons,queen,1,Ericameria.parryi,Asteraceae
2018,Frogs.Pond,224,16,60,flavifrons,worker,1,Ericameria.parryi,Asteraceae
2018,Frogs.Pond,224,16,60,insularis,male,2,Symphyotrichum.foliaceum,Asteraceae
2018,Frogs.Pond,224,16,60,insularis,male,4,Cirsium.parryi,Asteraceae
2018,Frogs.Pond,224,16,60,insularis,male,110,Ericameria.parryi,Asteraceae
2018,Frogs.Pond,224,16,60,insularis,male,13,Heliomeris.multiflora,Asteraceae
2018,Frogs.Pond,224,16,60,insularis,queen,1,Ericameria.parryi,Asteraceae
2018,Frogs.Pond,224,16,60,rufocinctus,male,7,Heliomeris.multiflora,Asteraceae
2018,Frogs.Pond,232,17,60,appositus,male,4,Gentiana.parryi,Gentianaceae
2018,Frogs.Pond,232,17,60,bifarius,male,4,Ericameria.parryi,Asteraceae
2018,Frogs.Pond,232,17,60,bifarius,male,26,Heliomeris.multiflora,Asteraceae
2018,Frogs.Pond,232,17,60,bifarius,worker,10,Heliomeris.multiflora,Asteraceae
2018,Frogs.Pond,232,17,60,flavifrons,male,1,Heliomeris.multiflora,Asteraceae
2018,Frogs.Pond,232,17,60,insularis,male,4,Symphyotrichum.foliaceum,Asteraceae
2018,Frogs.Pond,232,17,60,insularis,male,98,Ericameria.parryi,Asteraceae
2018,Frogs.Pond,232,17,60,insularis,male,8,Heliomeris.multiflora,Asteraceae
2018,Frogs.Pond,232,17,60,insularis,queen,1,Ericameria.parryi,Asteraceae
2018,Frogs.Pond,232,17,60,rufocinctus,male,4,Heliomeris.multiflora,Asteraceae
2018,Frogs.Pond,232,17,60,sylvicola,male,1,Ericameria.parryi,Asteraceae
2018,Frogs.Pond,232,17,60,sylvicola,male,2,Heliomeris.multiflora,Asteraceae
2018,Frogs.Pond,243,18,60,appositus,male,1,Ericameria.parryi,Asteraceae
2018,Frogs.Pond,243,18,60,bifarius,male,14,Ericameria.parryi,Asteraceae
2018,Frogs.Pond,243,18,60,bifarius,male,5,Heliomeris.multiflora,Asteraceae
2018,Frogs.Pond,243,18,60,bifarius,worker,3,Ericameria.parryi,Asteraceae
2018,Frogs.Pond,243,18,60,bifarius,worker,2,Heliomeris.multiflora,Asteraceae
2018,Frogs.Pond,243,18,60,flavifrons,worker,1,Ericameria.parryi,Asteraceae
2018,Frogs.Pond,243,18,60,insularis,male,46,Ericameria.parryi,Asteraceae
2018,Frogs.Pond,243,18,60,insularis,queen,1,Heliomeris.multiflora,Asteraceae
2018,Frogs.Pond,243,18,60,occidentalis,male,1,Ericameria.parryi,Asteraceae
2018,Frogs.Pond,243,18,60,rufocinctus,male,1,Ericameria.parryi,Asteraceae
2018,Frogs.Pond,243,18,60,rufocinctus,male,1,Heliomeris.multiflora,Asteraceae
2018,Frogs.Pond,243,18,60,sylvicola,male,1,Ericameria.parryi,Asteraceae
2018,Frogs.Pond,251,19,60,bifarius,male,1,Ericameria.parryi,Asteraceae
2018,Frogs.Pond,251,19,60,bifarius,worker,2,Ericameria.parryi,Asteraceae
2018,Frogs.Pond,251,19,60,insularis,male,9,Ericameria.parryi,Asteraceae
2018,Frogs.Pond,251,19,60,insularis,queen,1,Ericameria.parryi,Asteraceae
2018,Frogs.Pond,260,20,60,bifarius,male,6,Ericameria.parryi,Asteraceae
2018,Frogs.Pond,260,20,60,bifarius,worker,1,Ericameria.parryi,Asteraceae
2018,Frogs.Pond,260,20,60,insularis,queen,1,Ericameria.parryi,Asteraceae
2018,Gothic.Spires,131,3,60,bifarius,queen,2,Salix.sp,Salicaceae
2018,Gothic.Spires,136,4,60,bifarius,queen,6,Erythronium.grandiflorum,Liliaceae
2018,Gothic.Spires,142,5,60,bifarius,queen,5,Erythronium.grandiflorum,Liliaceae
2018,Gothic.Spires,142,5,60,occidentalis,queen,1,Erythronium.grandiflorum,Liliaceae
2018,Gothic.Spires,149,6,60,bifarius,queen,1,Fragaria.virginiana,Rosaceae
2018,Gothic.Spires,149,6,60,bifarius,queen,1,Mertensia.fusiformis,Boraginaceae
2018,Gothic.Spires,149,6,60,bifarius,queen,3,Taraxacum.officinale,Asteraceae
2018,Gothic.Spires,156,7,60,bifarius,queen,14,Taraxacum.officinale,Asteraceae
2018,Gothic.Spires,156,7,60,flavifrons,queen,1,Delphinium.nuttallianum,Ranunculaceae
2018,Gothic.Spires,156,7,60,flavifrons,queen,2,Taraxacum.officinale,Asteraceae
2018,Gothic.Spires,156,7,60,insularis,queen,2,Taraxacum.officinale,Asteraceae
2018,Gothic.Spires,163,8,60,bifarius,queen,1,Dodecatheon.pulchellum,Primulaceae
2018,Gothic.Spires,163,8,60,bifarius,queen,2,Taraxacum.officinale,Asteraceae
2018,Gothic.Spires,163,8,60,bifarius,worker,2,Taraxacum.officinale,Asteraceae
2018,Gothic.Spires,163,8,60,flavifrons,queen,1,Mertensia.ciliata,Boraginaceae
2018,Gothic.Spires,163,8,60,flavifrons,worker,1,Mertensia.ciliata,Boraginaceae
2018,Gothic.Spires,163,8,60,insularis,queen,3,Taraxacum.officinale,Asteraceae
2018,Gothic.Spires,172,9,60,appositus,queen,1,Vicia.americana,Fabaceae
2018,Gothic.Spires,172,9,60,bifarius,queen,1,Dodecatheon.pulchellum,Primulaceae
2018,Gothic.Spires,172,9,60,flavifrons,queen,4,Vicia.americana,Fabaceae
2018,Gothic.Spires,172,9,60,rufocinctus,worker,1,Potentilla.pulcherrima,Rosaceae
2018,Gothic.Spires,177,10,60,appositus,worker,3,Vicia.americana,Fabaceae
2018,Gothic.Spires,177,10,60,bifarius,worker,1,Dodecatheon.pulchellum,Primulaceae
2018,Gothic.Spires,177,10,60,flavifrons,queen,3,Vicia.americana,Fabaceae
2018,Gothic.Spires,177,10,60,flavifrons,worker,1,Arnica.parryi,Asteraceae
2018,Gothic.Spires,177,10,60,flavifrons,worker,1,Delphinium.barbeyi,Ranunculaceae
2018,Gothic.Spires,177,10,60,flavifrons,worker,1,Helianthella.quinquenervis,Asteraceae
2018,Gothic.Spires,177,10,60,occidentalis,worker,1,Ligusticum.porteri,Apiaceae
2018,Gothic.Spires,185,11,60,flavifrons,queen,2,Arnica.parryi,Asteraceae
2018,Gothic.Spires,185,11,60,flavifrons,queen,4,Delphinium.barbeyi,Ranunculaceae
2018,Gothic.Spires,185,11,60,flavifrons,worker,1,Aconitum.columbianum,Ranunculaceae
2018,Gothic.Spires,185,11,60,flavifrons,worker,4,Arnica.parryi,Asteraceae
2018,Gothic.Spires,185,11,60,flavifrons,worker,1,Delphinium.barbeyi,Ranunculaceae
2018,Gothic.Spires,185,11,60,flavifrons,worker,1,Geranium.richardsonii,Geraniaceae
2018,Gothic.Spires,185,11,60,flavifrons,worker,7,Helianthella.quinquenervis,Asteraceae
2018,Gothic.Spires,185,11,60,flavifrons,worker,1,Mertensia.ciliata,Boraginaceae
2018,Gothic.Spires,185,11,60,flavifrons,worker,2,Trifolium.pratense,Fabaceae
2018,Gothic.Spires,185,11,60,flavifrons,worker,2,Vicia.americana,Fabaceae
2018,Gothic.Spires,191,12,60,appositus,worker,3,Delphinium.barbeyi,Ranunculaceae
2018,Gothic.Spires,191,12,60,bifarius,worker,1,Potentilla.pulcherrima,Rosaceae
2018,Gothic.Spires,191,12,60,californicus,queen,1,Potentilla.fruticosa,Rosaceae
2018,Gothic.Spires,191,12,60,flavifrons,worker,8,Aconitum.columbianum,Ranunculaceae
2018,Gothic.Spires,191,12,60,flavifrons,worker,1,Arnica.parryi,Asteraceae
2018,Gothic.Spires,191,12,60,flavifrons,worker,2,Delphinium.barbeyi,Ranunculaceae
2018,Gothic.Spires,191,12,60,flavifrons,worker,2,Helianthella.quinquenervis,Asteraceae
2018,Gothic.Spires,200,13,60,bifarius,male,2,Senecio.serra.var.admirabilis,Asteraceae
2018,Gothic.Spires,200,13,60,bifarius,queen,1,Erigeron.elatior,Asteraceae
2018,Gothic.Spires,200,13,60,bifarius,worker,2,Erigeron.elatior,Asteraceae
2018,Gothic.Spires,200,13,60,bifarius,worker,1,Helianthella.quinquenervis,Asteraceae
2018,Gothic.Spires,200,13,60,flavifrons,male,1,Aconitum.columbianum,Ranunculaceae
2018,Gothic.Spires,200,13,60,flavifrons,male,2,Arnica.parryi,Asteraceae
2018,Gothic.Spires,200,13,60,flavifrons,male,4,Senecio.bigelovii,Asteraceae
2018,Gothic.Spires,200,13,60,flavifrons,male,1,Senecio.triangularis,Asteraceae
2018,Gothic.Spires,200,13,60,flavifrons,male,1,Solidago.multiradiata,Asteraceae
2018,Gothic.Spires,200,13,60,flavifrons,worker,11,Aconitum.columbianum,Ranunculaceae
2018,Gothic.Spires,200,13,60,flavifrons,worker,1,Senecio.bigelovii,Asteraceae
2018,Gothic.Spires,200,13,60,occidentalis,worker,1,Solidago.multiradiata,Asteraceae
2018,Gothic.Spires,206,14,60,appositus,male,1,Gentianopsis.detonsa,Gentianaceae
2018,Gothic.Spires,206,14,60,appositus,male,1,Trifolium.pratense,Fabaceae
2018,Gothic.Spires,206,14,60,bifarius,male,1,Heliomeris.multiflora,Asteraceae
2018,Gothic.Spires,206,14,60,bifarius,male,2,Senecio.serra.var.admirabilis,Asteraceae
2018,Gothic.Spires,206,14,60,bifarius,worker,1,Symphyotrichum.foliaceum,Asteraceae
2018,Gothic.Spires,206,14,60,bifarius,worker,17,Heliomeris.multiflora,Asteraceae
2018,Gothic.Spires,206,14,60,flavifrons,male,1,Heliomeris.multiflora,Asteraceae
2018,Gothic.Spires,206,14,60,flavifrons,male,2,Senecio.bigelovii,Asteraceae
2018,Gothic.Spires,206,14,60,flavifrons,male,1,Senecio.serra.var.admirabilis,Asteraceae
2018,Gothic.Spires,206,14,60,flavifrons,worker,1,Aconitum.columbianum,Ranunculaceae
2018,Gothic.Spires,206,14,60,flavifrons,worker,1,Senecio.bigelovii,Asteraceae
2018,Gothic.Spires,206,14,60,insularis,male,1,Symphyotrichum.foliaceum,Asteraceae
2018,Gothic.Spires,206,14,60,insularis,male,1,Heliomeris.multiflora,Asteraceae
2018,Gothic.Spires,206,14,60,rufocinctus,worker,1,Heliomeris.multiflora,Asteraceae
2018,Gothic.Spires,214,15,60,appositus,male,2,Trifolium.pratense,Fabaceae
2018,Gothic.Spires,214,15,60,bifarius,male,1,Symphyotrichum.foliaceum,Asteraceae
2018,Gothic.Spires,214,15,60,bifarius,male,2,Heliomeris.multiflora,Asteraceae
2018,Gothic.Spires,214,15,60,bifarius,worker,5,Heliomeris.multiflora,Asteraceae
2018,Gothic.Spires,214,15,60,californicus,worker,1,Trifolium.repens,Fabaceae
2018,Gothic.Spires,214,15,60,flavifrons,male,2,Symphyotrichum.foliaceum,Asteraceae
2018,Gothic.Spires,214,15,60,flavifrons,male,3,Heliomeris.multiflora,Asteraceae
2018,Gothic.Spires,214,15,60,flavifrons,male,1,Senecio.bigelovii,Asteraceae
2018,Gothic.Spires,214,15,60,flavifrons,male,2,Trifolium.pratense,Fabaceae
2018,Gothic.Spires,214,15,60,insularis,male,7,Symphyotrichum.foliaceum,Asteraceae
2018,Gothic.Spires,214,15,60,insularis,male,2,Heliomeris.multiflora,Asteraceae
2018,Gothic.Spires,214,15,60,insularis,male,1,Senecio.bigelovii,Asteraceae
2018,Gothic.Spires,225,16,60,insularis,male,4,Symphyotrichum.foliaceum,Asteraceae
2018,Gothic.Spires,225,16,60,insularis,male,1,Heliomeris.multiflora,Asteraceae
2018,Gothic.Spires,225,16,60,rufocinctus,worker,1,Symphyotrichum.foliaceum,Asteraceae
2018,Rosy.Hills,138,4,60,bifarius,queen,1,Claytonia.lanceolata,Montiaceae
2018,Rosy.Hills,138,4,60,bifarius,queen,1,Mertensia.fusiformis,Boraginaceae
2018,Rosy.Hills,144,5,60,bifarius,queen,3,Mertensia.fusiformis,Boraginaceae
2018,Rosy.Hills,151,6,60,bifarius,queen,1,Mertensia.fusiformis,Boraginaceae
2018,Rosy.Hills,151,6,60,californicus,queen,1,Delphinium.nuttallianum,Ranunculaceae
2018,Rosy.Hills,156,7,60,appositus,queen,1,Delphinium.nuttallianum,Ranunculaceae
2018,Rosy.Hills,156,7,60,californicus,queen,2,Delphinium.nuttallianum,Ranunculaceae
2018,Rosy.Hills,156,7,60,flavifrons,queen,2,Delphinium.nuttallianum,Ranunculaceae
2018,Rosy.Hills,156,7,60,flavifrons,queen,3,Hydrophyllum.fendleri,Hydrophyllaceae
2018,Rosy.Hills,164,8,60,flavifrons,queen,2,Hydrophyllum.fendleri,Hydrophyllaceae
2018,Rosy.Hills,164,8,60,rufocinctus,queen,1,Hydrophyllum.fendleri,Hydrophyllaceae
2018,Rosy.Hills,173,9,60,bifarius,queen,1,Eriogonum.umbellatum.var.umbellatum,Polygonaceae
2018,Rosy.Hills,173,9,60,bifarius,queen,3,Hydrophyllum.fendleri,Hydrophyllaceae
2018,Rosy.Hills,173,9,60,bifarius,worker,8,Eremogone.congesta,Caryophyllaceae
2018,Rosy.Hills,173,9,60,bifarius,worker,2,Eriogonum.umbellatum.var.umbellatum,Polygonaceae
2018,Rosy.Hills,173,9,60,flavifrons,queen,1,Hydrophyllum.fendleri,Hydrophyllaceae
2018,Rosy.Hills,173,9,60,flavifrons,queen,1,Vicia.americana,Fabaceae
2018,Rosy.Hills,173,9,60,insularis,queen,1,Hydrophyllum.fendleri,Hydrophyllaceae
2018,Rosy.Hills,173,9,60,insularis,queen,1,Wyethia.arizonica,Asteraceae
2018,Rosy.Hills,173,9,60,rufocinctus,worker,1,Eremogone.congesta,Caryophyllaceae
2018,Rosy.Hills,179,10,60,bifarius,queen,1,Helianthella.quinquenervis,Asteraceae
2018,Rosy.Hills,179,10,60,bifarius,queen,1,Wyethia.arizonica,Asteraceae
2018,Rosy.Hills,179,10,60,bifarius,worker,9,Eremogone.congesta,Caryophyllaceae
2018,Rosy.Hills,179,10,60,bifarius,worker,1,Helianthella.quinquenervis,Asteraceae
2018,Rosy.Hills,179,10,60,flavifrons,queen,1,Delphinium.barbeyi,Ranunculaceae
2018,Rosy.Hills,179,10,60,flavifrons,queen,1,Helianthella.quinquenervis,Asteraceae
2018,Rosy.Hills,179,10,60,flavifrons,queen,1,Vicia.americana,Fabaceae
2018,Rosy.Hills,179,10,60,flavifrons,worker,2,Aconitum.columbianum,Ranunculaceae
2018,Rosy.Hills,179,10,60,flavifrons,worker,1,Delphinium.barbeyi,Ranunculaceae
2018,Rosy.Hills,179,10,60,insularis,queen,2,Helianthella.quinquenervis,Asteraceae
2018,Rosy.Hills,179,10,60,insularis,queen,1,Hydrophyllum.fendleri,Hydrophyllaceae
2018,Rosy.Hills,179,10,60,insularis,queen,1,Wyethia.arizonica,Asteraceae
2018,Rosy.Hills,187,11,60,bifarius,queen,1,Helianthella.quinquenervis,Asteraceae
2018,Rosy.Hills,187,11,60,bifarius,queen,1,Wyethia.arizonica,Asteraceae
2018,Rosy.Hills,187,11,60,bifarius,worker,1,Agastache.urticifolia,Lamiaceae
2018,Rosy.Hills,187,11,60,bifarius,worker,1,Eremogone.congesta,Caryophyllaceae
2018,Rosy.Hills,187,11,60,bifarius,worker,17,Helianthella.quinquenervis,Asteraceae
2018,Rosy.Hills,187,11,60,flavifrons,worker,2,Aconitum.columbianum,Ranunculaceae
2018,Rosy.Hills,187,11,60,flavifrons,worker,2,Delphinium.barbeyi,Ranunculaceae
2018,Rosy.Hills,187,11,60,flavifrons,worker,1,Eremogone.congesta,Caryophyllaceae
2018,Rosy.Hills,187,11,60,flavifrons,worker,1,Helianthella.quinquenervis,Asteraceae
2018,Rosy.Hills,187,11,60,insularis,queen,1,Hymenoxys.hoopesii,Asteraceae
2018,Rosy.Hills,187,11,60,insularis,queen,1,Helianthella.quinquenervis,Asteraceae
2018,Rosy.Hills,187,11,60,insularis,queen,1,Wyethia.arizonica,Asteraceae
2018,Rosy.Hills,187,11,60,mixtus,worker,1,Helianthella.quinquenervis,Asteraceae
2018,Rosy.Hills,187,11,60,rufocinctus,worker,1,Helianthella.quinquenervis,Asteraceae
2018,Rosy.Hills,194,12,60,bifarius,male,1,Helianthella.quinquenervis,Asteraceae
2018,Rosy.Hills,194,12,60,bifarius,worker,2,Erigeron.elatior,Asteraceae
2018,Rosy.Hills,194,12,60,bifarius,worker,2,Erigeron.speciosus,Asteraceae
2018,Rosy.Hills,194,12,60,bifarius,worker,1,Eucephalus.engelmannii,Asteraceae
2018,Rosy.Hills,194,12,60,bifarius,worker,17,Helianthella.quinquenervis,Asteraceae
2018,Rosy.Hills,194,12,60,flavifrons,worker,1,Aconitum.columbianum,Ranunculaceae
2018,Rosy.Hills,194,12,60,flavifrons,worker,2,Agastache.urticifolia,Lamiaceae
2018,Rosy.Hills,194,12,60,flavifrons,worker,1,Helianthella.quinquenervis,Asteraceae
2018,Rosy.Hills,194,12,60,insularis,queen,1,Agastache.urticifolia,Lamiaceae
2018,Rosy.Hills,194,12,60,insularis,queen,1,Wyethia.arizonica,Asteraceae
2018,Rosy.Hills,194,12,60,rufocinctus,worker,1,Erigeron.elatior,Asteraceae
2018,Rosy.Hills,202,13,60,bifarius,male,1,Erigeron.speciosus,Asteraceae
2018,Rosy.Hills,202,13,60,bifarius,male,1,Eucephalus.engelmannii,Asteraceae
2018,Rosy.Hills,202,13,60,bifarius,male,1,Potentilla.fruticosa,Rosaceae
2018,Rosy.Hills,202,13,60,bifarius,worker,1,Agastache.urticifolia,Lamiaceae
2018,Rosy.Hills,202,13,60,bifarius,worker,1,Hymenoxys.hoopesii,Asteraceae
2018,Rosy.Hills,202,13,60,bifarius,worker,7,Erigeron.elatior,Asteraceae
2018,Rosy.Hills,202,13,60,bifarius,worker,11,Erigeron.speciosus,Asteraceae
2018,Rosy.Hills,202,13,60,bifarius,worker,1,Eucephalus.engelmannii,Asteraceae
2018,Rosy.Hills,202,13,60,bifarius,worker,1,Helianthella.quinquenervis,Asteraceae
2018,Rosy.Hills,202,13,60,flavifrons,male,1,Agastache.urticifolia,Lamiaceae
2018,Rosy.Hills,202,13,60,insularis,male,1,Agastache.urticifolia,Lamiaceae
2018,Rosy.Hills,202,13,60,insularis,male,1,Erigeron.speciosus,Asteraceae
2018,Rosy.Hills,202,13,60,insularis,queen,1,Agastache.urticifolia,Lamiaceae
2018,Rosy.Hills,202,13,60,rufocinctus,worker,1,Erigeron.elatior,Asteraceae
2018,Rosy.Hills,202,13,60,rufocinctus,worker,2,Erigeron.speciosus,Asteraceae
2018,Rosy.Hills,208,14,60,appositus,male,1,Ericameria.parryi,Asteraceae
2018,Rosy.Hills,208,14,60,bifarius,worker,4,Agastache.urticifolia,Lamiaceae
2018,Rosy.Hills,208,14,60,bifarius,worker,2,Ericameria.parryi,Asteraceae
2018,Rosy.Hills,208,14,60,bifarius,worker,5,Erigeron.speciosus,Asteraceae
2018,Rosy.Hills,208,14,60,bifarius,worker,1,Heterotheca.villosa,Asteraceae
2018,Rosy.Hills,208,14,60,flavifrons,male,1,Agastache.urticifolia,Lamiaceae
2018,Rosy.Hills,208,14,60,insularis,male,1,Agastache.urticifolia,Lamiaceae
2018,Rosy.Hills,208,14,60,insularis,male,2,Ericameria.parryi,Asteraceae
2018,Rosy.Hills,208,14,60,insularis,male,2,Erigeron.elatior,Asteraceae
2018,Rosy.Hills,208,14,60,insularis,male,7,Erigeron.speciosus,Asteraceae
2018,Rosy.Hills,208,14,60,insularis,male,1,Heliomeris.multiflora,Asteraceae
2018,Rosy.Hills,208,14,60,insularis,queen,1,Agastache.urticifolia,Lamiaceae
2018,Rosy.Hills,215,15,60,bifarius,male,1,Ericameria.parryi,Asteraceae
2018,Rosy.Hills,215,15,60,bifarius,worker,1,Ericameria.parryi,Asteraceae
2018,Rosy.Hills,215,15,60,insularis,male,1,Ericameria.parryi,Asteraceae
2018,Rosy.Hills,224,16,60,bifarius,male,5,Ericameria.parryi,Asteraceae
2018,Rosy.Hills,224,16,60,insularis,male,22,Ericameria.parryi,Asteraceae
2018,Rosy.Hills,224,16,60,insularis,male,1,Heterotheca.villosa,Asteraceae
2018,Rosy.Hills,232,17,60,bifarius,male,3,Ericameria.parryi,Asteraceae
2018,Rosy.Hills,232,17,60,insularis,male,12,Ericameria.parryi,Asteraceae
2018,Rosy.Hills,240,18,60,bifarius,male,1,Ericameria.parryi,Asteraceae
2018,Stormy.Pass,143,4,60,balteatus,queen,1,Salix.sp,Salicaceae
2018,Stormy.Pass,143,4,60,bifarius,queen,3,Mertensia.fusiformis,Boraginaceae
2018,Stormy.Pass,143,4,60,occidentalis,queen,1,Salix.sp,Salicaceae
2018,Stormy.Pass,147,5,60,balteatus,queen,2,Salix.sp,Salicaceae
2018,Stormy.Pass,147,5,60,bifarius,queen,1,Salix.sp,Salicaceae
2018,Stormy.Pass,147,5,60,insularis,queen,1,Salix.sp,Salicaceae
2018,Stormy.Pass,147,5,60,melanopygus,queen,1,Salix.sp,Salicaceae
2018,Stormy.Pass,147,5,60,occidentalis,queen,2,Salix.sp,Salicaceae
2018,Stormy.Pass,147,5,60,sylvicola,queen,1,Salix.sp,Salicaceae
2018,Stormy.Pass,152,6,60,bifarius,queen,1,Lathyrus.lanszwertii.var.leucanthus,Fabaceae
2018,Stormy.Pass,152,6,60,californicus,queen,1,Delphinium.nuttallianum,Ranunculaceae
2018,Stormy.Pass,152,6,60,californicus,queen,1,Lathyrus.lanszwertii.var.leucanthus,Fabaceae
2018,Stormy.Pass,152,6,60,flavifrons,queen,2,Hydrophyllum.fendleri,Hydrophyllaceae
2018,Stormy.Pass,157,7,60,appositus,queen,1,Lathyrus.lanszwertii.var.leucanthus,Fabaceae
2018,Stormy.Pass,157,7,60,flavifrons,queen,5,Delphinium.nuttallianum,Ranunculaceae
2018,Stormy.Pass,157,7,60,flavifrons,queen,6,Hydrophyllum.fendleri,Hydrophyllaceae
2018,Stormy.Pass,157,7,60,flavifrons,queen,1,Lathyrus.lanszwertii.var.leucanthus,Fabaceae
2018,Stormy.Pass,157,7,60,mixtus,queen,1,Hydrophyllum.fendleri,Hydrophyllaceae
2018,Stormy.Pass,164,8,60,appositus,queen,1,Delphinium.nuttallianum,Ranunculaceae
2018,Stormy.Pass,164,8,60,appositus,queen,3,Lathyrus.lanszwertii.var.leucanthus,Fabaceae
2018,Stormy.Pass,164,8,60,appositus,worker,3,Lathyrus.lanszwertii.var.leucanthus,Fabaceae
2018,Stormy.Pass,164,8,60,flavifrons,queen,1,Delphinium.nuttallianum,Ranunculaceae
2018,Stormy.Pass,164,8,60,flavifrons,queen,9,Hydrophyllum.fendleri,Hydrophyllaceae
2018,Stormy.Pass,164,8,60,flavifrons,queen,2,Lathyrus.lanszwertii.var.leucanthus,Fabaceae
2018,Stormy.Pass,164,8,60,flavifrons,queen,2,Mertensia.ciliata,Boraginaceae
2018,Stormy.Pass,164,8,60,flavifrons,queen,1,Potentilla.pulcherrima,Rosaceae
2018,Stormy.Pass,164,8,60,flavifrons,queen,1,Vicia.americana,Fabaceae
2018,Stormy.Pass,164,8,60,insularis,queen,1,Hydrophyllum.fendleri,Hydrophyllaceae
2018,Stormy.Pass,164,8,60,mixtus,queen,1,Mertensia.ciliata,Boraginaceae
2018,Stormy.Pass,164,8,60,occidentalis,queen,1,Lathyrus.lanszwertii.var.leucanthus,Fabaceae
2018,Stormy.Pass,173,9,60,appositus,queen,5,Lathyrus.lanszwertii.var.leucanthus,Fabaceae
2018,Stormy.Pass,173,9,60,appositus,queen,2,Vicia.americana,Fabaceae
2018,Stormy.Pass,173,9,60,appositus,worker,3,Lathyrus.lanszwertii.var.leucanthus,Fabaceae
2018,Stormy.Pass,173,9,60,appositus,worker,1,Vicia.americana,Fabaceae
2018,Stormy.Pass,173,9,60,bifarius,queen,2,Hydrophyllum.fendleri,Hydrophyllaceae
2018,Stormy.Pass,173,9,60,bifarius,worker,2,Hydrophyllum.fendleri,Hydrophyllaceae
2018,Stormy.Pass,173,9,60,californicus,queen,2,Lathyrus.lanszwertii.var.leucanthus,Fabaceae
2018,Stormy.Pass,173,9,60,flavifrons,queen,6,Hydrophyllum.fendleri,Hydrophyllaceae
2018,Stormy.Pass,173,9,60,flavifrons,queen,1,Mertensia.ciliata,Boraginaceae
2018,Stormy.Pass,173,9,60,flavifrons,queen,4,Vicia.americana,Fabaceae
2018,Stormy.Pass,173,9,60,flavifrons,worker,1,Mertensia.ciliata,Boraginaceae
2018,Stormy.Pass,173,9,60,flavifrons,worker,1,Potentilla.pulcherrima,Rosaceae
2018,Stormy.Pass,173,9,60,flavifrons,worker,1,Vicia.americana,Fabaceae
2018,Stormy.Pass,173,9,60,insularis,queen,1,Hydrophyllum.fendleri,Hydrophyllaceae
2018,Stormy.Pass,173,9,60,occidentalis,worker,1,Lathyrus.lanszwertii.var.leucanthus,Fabaceae
2018,Stormy.Pass,173,9,60,rufocinctus,queen,1,Hydrophyllum.fendleri,Hydrophyllaceae
2018,Stormy.Pass,173,9,60,rufocinctus,worker,1,Hydrophyllum.fendleri,Hydrophyllaceae
2018,Stormy.Pass,179,10,60,appositus,worker,1,Vicia.americana,Fabaceae
2018,Stormy.Pass,179,10,60,bifarius,worker,1,Lathyrus.lanszwertii.var.leucanthus,Fabaceae
2018,Stormy.Pass,179,10,60,flavifrons,queen,1,Hymenoxys.hoopesii,Asteraceae
2018,Stormy.Pass,179,10,60,flavifrons,queen,1,Geranium.richardsonii,Geraniaceae
2018,Stormy.Pass,179,10,60,flavifrons,queen,1,Hydrophyllum.fendleri,Hydrophyllaceae
2018,Stormy.Pass,179,10,60,flavifrons,queen,1,Lathyrus.lanszwertii.var.leucanthus,Fabaceae
2018,Stormy.Pass,179,10,60,flavifrons,queen,5,Vicia.americana,Fabaceae
2018,Stormy.Pass,179,10,60,flavifrons,worker,1,Hydrophyllum.fendleri,Hydrophyllaceae
2018,Stormy.Pass,179,10,60,flavifrons,worker,1,Lathyrus.lanszwertii.var.leucanthus,Fabaceae
2018,Stormy.Pass,179,10,60,flavifrons,worker,1,Mertensia.ciliata,Boraginaceae
2018,Stormy.Pass,179,10,60,flavifrons,worker,4,Vicia.americana,Fabaceae
2018,Stormy.Pass,179,10,60,occidentalis,queen,1,Potentilla.pulcherrima,Rosaceae
2018,Stormy.Pass,179,10,60,occidentalis,worker,1,Ipomopsis.aggregata,Polemoniaceae
2018,Stormy.Pass,179,10,60,rufocinctus,worker,1,Hydrophyllum.fendleri,Hydrophyllaceae
2018,Stormy.Pass,185,11,60,appositus,queen,1,Delphinium.barbeyi,Ranunculaceae
2018,Stormy.Pass,185,11,60,bifarius,worker,1,Helianthella.quinquenervis,Asteraceae
2018,Stormy.Pass,185,11,60,bifarius,worker,1,Potentilla.pulcherrima,Rosaceae
2018,Stormy.Pass,185,11,60,flavifrons,queen,1,Delphinium.barbeyi,Ranunculaceae
2018,Stormy.Pass,185,11,60,flavifrons,queen,1,Hymenoxys.hoopesii,Asteraceae
2018,Stormy.Pass,185,11,60,flavifrons,queen,2,Hydrophyllum.fendleri,Hydrophyllaceae
2018,Stormy.Pass,185,11,60,flavifrons,queen,2,Potentilla.pulcherrima,Rosaceae
2018,Stormy.Pass,185,11,60,flavifrons,queen,5,Vicia.americana,Fabaceae
2018,Stormy.Pass,185,11,60,flavifrons,worker,1,Cirsium.parryi,Asteraceae
2018,Stormy.Pass,185,11,60,flavifrons,worker,4,Helianthella.quinquenervis,Asteraceae
2018,Stormy.Pass,185,11,60,flavifrons,worker,3,Hydrophyllum.fendleri,Hydrophyllaceae
2018,Stormy.Pass,185,11,60,flavifrons,worker,6,Mertensia.ciliata,Boraginaceae
2018,Stormy.Pass,185,11,60,flavifrons,worker,1,Vicia.americana,Fabaceae
2018,Stormy.Pass,185,11,60,insularis,queen,1,Hymenoxys.hoopesii,Asteraceae
2018,Stormy.Pass,185,11,60,occidentalis,worker,1,Ipomopsis.aggregata,Polemoniaceae
2018,Stormy.Pass,185,11,60,occidentalis,worker,3,Pedicularis.racemosa,Orobanchaceae
2018,Stormy.Pass,185,11,60,sylvicola,worker,1,Potentilla.pulcherrima,Rosaceae
2018,Stormy.Pass,192,12,60,appositus,worker,1,Delphinium.barbeyi,Ranunculaceae
2018,Stormy.Pass,192,12,60,bifarius,worker,1,Erigeron.elatior,Asteraceae
2018,Stormy.Pass,192,12,60,bifarius,worker,4,Helianthella.quinquenervis,Asteraceae
2018,Stormy.Pass,192,12,60,bifarius,worker,1,Pedicularis.racemosa,Orobanchaceae
2018,Stormy.Pass,192,12,60,bifarius,worker,3,Potentilla.pulcherrima,Rosaceae
2018,Stormy.Pass,192,12,60,flavifrons,queen,3,Delphinium.barbeyi,Ranunculaceae
2018,Stormy.Pass,192,12,60,flavifrons,worker,2,Cirsium.parryi,Asteraceae
2018,Stormy.Pass,192,12,60,flavifrons,worker,3,Delphinium.barbeyi,Ranunculaceae
2018,Stormy.Pass,192,12,60,flavifrons,worker,4,Helianthella.quinquenervis,Asteraceae
2018,Stormy.Pass,192,12,60,flavifrons,worker,2,Hydrophyllum.fendleri,Hydrophyllaceae
2018,Stormy.Pass,192,12,60,flavifrons,worker,4,Mertensia.ciliata,Boraginaceae
2018,Stormy.Pass,192,12,60,flavifrons,worker,1,Vicia.americana,Fabaceae
2018,Stormy.Pass,192,12,60,insularis,queen,1,Hymenoxys.hoopesii,Asteraceae
2018,Stormy.Pass,192,12,60,insularis,queen,1,Helianthella.quinquenervis,Asteraceae
2018,Stormy.Pass,192,12,60,mixtus,worker,1,Pedicularis.racemosa,Orobanchaceae
2018,Stormy.Pass,192,12,60,occidentalis,worker,2,Helianthella.quinquenervis,Asteraceae
2018,Stormy.Pass,192,12,60,occidentalis,worker,1,Pedicularis.racemosa,Orobanchaceae
2018,Stormy.Pass,192,12,60,sylvicola,worker,1,Potentilla.pulcherrima,Rosaceae
2018,Stormy.Pass,200,13,60,appositus,worker,1,Delphinium.barbeyi,Ranunculaceae
2018,Stormy.Pass,200,13,60,bifarius,male,1,Cirsium.parryi,Asteraceae
2018,Stormy.Pass,200,13,60,bifarius,male,1,Erigeron.elatior,Asteraceae
2018,Stormy.Pass,200,13,60,bifarius,male,1,Helianthella.quinquenervis,Asteraceae
2018,Stormy.Pass,200,13,60,bifarius,worker,1,Erigeron.speciosus,Asteraceae
2018,Stormy.Pass,200,13,60,bifarius,worker,1,Helianthella.quinquenervis,Asteraceae
2018,Stormy.Pass,200,13,60,bifarius,worker,1,Heliomeris.multiflora,Asteraceae
2018,Stormy.Pass,200,13,60,bifarius,worker,1,Senecio.bigelovii,Asteraceae
2018,Stormy.Pass,200,13,60,californicus,worker,1,Delphinium.barbeyi,Ranunculaceae
2018,Stormy.Pass,200,13,60,flavifrons,male,5,Cirsium.parryi,Asteraceae
2018,Stormy.Pass,200,13,60,flavifrons,worker,5,Cirsium.parryi,Asteraceae
2018,Stormy.Pass,200,13,60,flavifrons,worker,2,Helianthella.quinquenervis,Asteraceae
2018,Stormy.Pass,200,13,60,flavifrons,worker,2,Senecio.bigelovii,Asteraceae
2018,Stormy.Pass,200,13,60,frigidus,worker,1,Erigeron.elatior,Asteraceae
2018,Stormy.Pass,200,13,60,mixtus,male,1,Heliomeris.multiflora,Asteraceae
2018,Stormy.Pass,200,13,60,occidentalis,worker,1,Delphinium.barbeyi,Ranunculaceae
2018,Stormy.Pass,200,13,60,occidentalis,worker,1,Ipomopsis.aggregata,Polemoniaceae
2018,Stormy.Pass,200,13,60,sylvicola,worker,1,Cirsium.parryi,Asteraceae
2018,Stormy.Pass,207,14,60,appositus,male,5,Cirsium.parryi,Asteraceae
2018,Stormy.Pass,207,14,60,appositus,worker,1,Delphinium.barbeyi,Ranunculaceae
2018,Stormy.Pass,207,14,60,bifarius,male,1,Heliomeris.multiflora,Asteraceae
2018,Stormy.Pass,207,14,60,bifarius,male,2,Senecio.bigelovii,Asteraceae
2018,Stormy.Pass,207,14,60,bifarius,worker,1,Hymenoxys.hoopesii,Asteraceae
2018,Stormy.Pass,207,14,60,bifarius,worker,2,Erigeron.elatior,Asteraceae
2018,Stormy.Pass,207,14,60,bifarius,worker,1,Erigeron.speciosus,Asteraceae
2018,Stormy.Pass,207,14,60,bifarius,worker,5,Heliomeris.multiflora,Asteraceae
2018,Stormy.Pass,207,14,60,bifarius,worker,3,Senecio.bigelovii,Asteraceae
2018,Stormy.Pass,207,14,60,flavifrons,male,13,Cirsium.parryi,Asteraceae
2018,Stormy.Pass,207,14,60,flavifrons,male,5,Senecio.bigelovii,Asteraceae
2018,Stormy.Pass,207,14,60,flavifrons,male,2,Senecio.serra.var.admirabilis,Asteraceae
2018,Stormy.Pass,207,14,60,flavifrons,queen,3,Cirsium.parryi,Asteraceae
2018,Stormy.Pass,207,14,60,flavifrons,worker,9,Cirsium.parryi,Asteraceae
2018,Stormy.Pass,207,14,60,flavifrons,worker,1,Senecio.bigelovii,Asteraceae
2018,Stormy.Pass,207,14,60,frigidus,worker,1,Erigeron.elatior,Asteraceae
2018,Stormy.Pass,207,14,60,insularis,male,6,Cirsium.parryi,Asteraceae
2018,Stormy.Pass,207,14,60,insularis,male,2,Hymenoxys.hoopesii,Asteraceae
2018,Stormy.Pass,207,14,60,insularis,male,7,Erigeron.elatior,Asteraceae
2018,Stormy.Pass,207,14,60,insularis,male,2,Heliomeris.multiflora,Asteraceae
2018,Stormy.Pass,207,14,60,insularis,male,8,Senecio.bigelovii,Asteraceae
2018,Stormy.Pass,207,14,60,mixtus,male,3,Heliomeris.multiflora,Asteraceae
2018,Stormy.Pass,207,14,60,occidentalis,male,1,Cirsium.parryi,Asteraceae
2018,Stormy.Pass,207,14,60,occidentalis,worker,1,Ipomopsis.aggregata,Polemoniaceae
2018,Stormy.Pass,214,15,60,appositus,male,4,Cirsium.parryi,Asteraceae
2018,Stormy.Pass,214,15,60,appositus,worker,3,Cirsium.parryi,Asteraceae
2018,Stormy.Pass,214,15,60,bifarius,male,1,Linum.lewisii,Linaceae
2018,Stormy.Pass,214,15,60,bifarius,male,12,Heliomeris.multiflora,Asteraceae
2018,Stormy.Pass,214,15,60,bifarius,male,1,Senecio.bigelovii,Asteraceae
2018,Stormy.Pass,214,15,60,bifarius,worker,7,Heliomeris.multiflora,Asteraceae
2018,Stormy.Pass,214,15,60,flavifrons,male,26,Cirsium.parryi,Asteraceae
2018,Stormy.Pass,214,15,60,flavifrons,male,1,Hymenoxys.hoopesii,Asteraceae
2018,Stormy.Pass,214,15,60,flavifrons,male,2,Erigeron.elatior,Asteraceae
2018,Stormy.Pass,214,15,60,flavifrons,male,1,Senecio.bigelovii,Asteraceae
2018,Stormy.Pass,214,15,60,flavifrons,worker,5,Cirsium.parryi,Asteraceae
2018,Stormy.Pass,214,15,60,insularis,male,28,Cirsium.parryi,Asteraceae
2018,Stormy.Pass,214,15,60,insularis,male,1,Erigeron.elatior,Asteraceae
2018,Stormy.Pass,214,15,60,insularis,male,12,Heliomeris.multiflora,Asteraceae
2018,Stormy.Pass,214,15,60,insularis,male,1,Senecio.bigelovii,Asteraceae
2018,Stormy.Pass,214,15,60,mixtus,male,4,Heliomeris.multiflora,Asteraceae
2018,Stormy.Pass,214,15,60,mixtus,worker,1,Cirsium.parryi,Asteraceae
2018,Stormy.Pass,214,15,60,occidentalis,worker,1,Heliomeris.multiflora,Asteraceae
2018,Stormy.Pass,214,15,60,sylvicola,male,1,Heliomeris.multiflora,Asteraceae
2018,Stormy.Pass,224,16,60,appositus,male,1,Gentiana.parryi,Gentianaceae
2018,Stormy.Pass,224,16,60,bifarius,male,20,Heliomeris.multiflora,Asteraceae
2018,Stormy.Pass,224,16,60,bifarius,worker,14,Heliomeris.multiflora,Asteraceae
2018,Stormy.Pass,224,16,60,flavifrons,male,11,Cirsium.parryi,Asteraceae
2018,Stormy.Pass,224,16,60,flavifrons,male,1,Heliomeris.multiflora,Asteraceae
2018,Stormy.Pass,224,16,60,insularis,male,14,Cirsium.parryi,Asteraceae
2018,Stormy.Pass,224,16,60,insularis,male,30,Heliomeris.multiflora,Asteraceae
2018,Stormy.Pass,224,16,60,mixtus,male,5,Heliomeris.multiflora,Asteraceae
2018,Stormy.Pass,224,16,60,occidentalis,worker,1,Heliomeris.multiflora,Asteraceae
2018,Stormy.Pass,224,16,60,rufocinctus,male,1,Heliomeris.multiflora,Asteraceae
2018,Stormy.Pass,224,16,60,rufocinctus,worker,1,Heliomeris.multiflora,Asteraceae
2018,Stormy.Pass,224,16,60,sylvicola,male,3,Heliomeris.multiflora,Asteraceae
2018,Stormy.Pass,232,17,60,appositus,male,2,Gentiana.parryi,Gentianaceae
2018,Stormy.Pass,232,17,60,bifarius,male,29,Heliomeris.multiflora,Asteraceae
2018,Stormy.Pass,232,17,60,bifarius,worker,1,Hymenoxys.hoopesii,Asteraceae
2018,Stormy.Pass,232,17,60,bifarius,worker,9,Heliomeris.multiflora,Asteraceae
2018,Stormy.Pass,232,17,60,flavifrons,male,1,Cirsium.parryi,Asteraceae
2018,Stormy.Pass,232,17,60,flavifrons,male,1,Heliomeris.multiflora,Asteraceae
2018,Stormy.Pass,232,17,60,insularis,male,6,Cirsium.parryi,Asteraceae
2018,Stormy.Pass,232,17,60,insularis,male,22,Heliomeris.multiflora,Asteraceae
2018,Stormy.Pass,232,17,60,rufocinctus,male,1,Heliomeris.multiflora,Asteraceae
2018,Stormy.Pass,232,17,60,rufocinctus,worker,1,Heliomeris.multiflora,Asteraceae
2018,Stormy.Pass,232,17,60,sylvicola,male,1,Heliomeris.multiflora,Asteraceae
2018,Stormy.Pass,243,18,60,bifarius,male,6,Heliomeris.multiflora,Asteraceae
2018,Stormy.Pass,243,18,60,insularis,male,5,Heliomeris.multiflora,Asteraceae
2019,Avery.Wash,166,3,60,bifarius,queen,1,Claytonia.lanceolata,Montiaceae
2019,Avery.Wash,166,3,60,bifarius,queen,1,Mertensia.fusiformis,Boraginaceae
2019,Avery.Wash,166,3,60,bifarius,queen,2,Salix.sp,Salicaceae
2019,Avery.Wash,166,3,60,centralis,queen,1,Salix.sp,Salicaceae
2019,Avery.Wash,175,4,60,bifarius,queen,1,Mertensia.fusiformis,Boraginaceae
2019,Avery.Wash,175,4,60,flavifrons,queen,1,Salix.sp,Salicaceae
2019,Avery.Wash,175,4,60,frigidus,queen,1,Salix.sp,Salicaceae
2019,Avery.Wash,175,4,60,mixtus,queen,1,Salix.sp,Salicaceae
2019,Avery.Wash,180,5,60,bifarius,queen,1,Taraxacum.officinale,Asteraceae
2019,Avery.Wash,180,5,60,flavifrons,queen,1,Delphinium.nuttallianum,Ranunculaceae
2019,Avery.Wash,180,5,60,flavifrons,queen,1,Hydrophyllum.fendleri,Hydrophyllaceae
2019,Avery.Wash,180,5,60,flavifrons,queen,1,Mertensia.fusiformis,Boraginaceae
2019,Avery.Wash,180,5,60,flavifrons,worker,1,Mertensia.fusiformis,Boraginaceae
2019,Avery.Wash,180,5,60,sylvicola,queen,1,Salix.sp,Salicaceae
2019,Avery.Wash,187,6,60,appositus,queen,2,Delphinium.nuttallianum,Ranunculaceae
2019,Avery.Wash,187,6,60,flavifrons,queen,5,Delphinium.nuttallianum,Ranunculaceae
2019,Avery.Wash,187,6,60,flavifrons,queen,1,Hydrophyllum.fendleri,Hydrophyllaceae
2019,Avery.Wash,192,7,60,appositus,queen,2,Delphinium.nuttallianum,Ranunculaceae
2019,Avery.Wash,192,7,60,bifarius,queen,1,Hydrophyllum.fendleri,Hydrophyllaceae
2019,Avery.Wash,192,7,60,flavifrons,queen,1,Delphinium.nuttallianum,Ranunculaceae
2019,Avery.Wash,192,7,60,flavifrons,queen,1,Hydrophyllum.fendleri,Hydrophyllaceae
2019,Avery.Wash,200,8,60,appositus,worker,1,Delphinium.barbeyi,Ranunculaceae
2019,Avery.Wash,200,8,60,appositus,worker,1,Vicia.americana,Fabaceae
2019,Avery.Wash,200,8,60,bifarius,queen,1,Frasera.speciosa,Gentianaceae
2019,Avery.Wash,200,8,60,flavifrons,queen,1,Hydrophyllum.fendleri,Hydrophyllaceae
2019,Avery.Wash,200,8,60,flavifrons,queen,1,Vicia.americana,Fabaceae
2019,Avery.Wash,200,8,60,flavifrons,worker,2,Frasera.speciosa,Gentianaceae
2019,Avery.Wash,200,8,60,flavifrons,worker,12,Hydrophyllum.fendleri,Hydrophyllaceae
2019,Avery.Wash,200,8,60,flavifrons,worker,2,Mertensia.ciliata,Boraginaceae
2019,Avery.Wash,200,8,60,flavifrons,worker,3,Vicia.americana,Fabaceae
2019,Avery.Wash,200,8,60,melanopygus,worker,1,Mertensia.ciliata,Boraginaceae
2019,Avery.Wash,200,8,60,mixtus,worker,1,Frasera.speciosa,Gentianaceae
2019,Avery.Wash,200,8,60,sylvicola,worker,1,Frasera.speciosa,Gentianaceae
2019,Avery.Wash,208,9,60,appositus,worker,2,Vicia.americana,Fabaceae
2019,Avery.Wash,208,9,60,bifarius,worker,2,Helianthella.quinquenervis,Asteraceae
2019,Avery.Wash,208,9,60,bifarius,worker,2,Potentilla.pulcherrima,Rosaceae
2019,Avery.Wash,208,9,60,flavifrons,queen,1,Frasera.speciosa,Gentianaceae
2019,Avery.Wash,208,9,60,flavifrons,worker,1,Aconitum.columbianum,Ranunculaceae
2019,Avery.Wash,208,9,60,flavifrons,worker,1,Aquilegia.coerulea,Ranunculaceae
2019,Avery.Wash,208,9,60,flavifrons,worker,4,Delphinium.barbeyi,Ranunculaceae
2019,Avery.Wash,208,9,60,flavifrons,worker,7,Frasera.speciosa,Gentianaceae
2019,Avery.Wash,208,9,60,flavifrons,worker,3,Helianthella.quinquenervis,Asteraceae
2019,Avery.Wash,208,9,60,flavifrons,worker,1,Hydrophyllum.fendleri,Hydrophyllaceae
2019,Avery.Wash,208,9,60,flavifrons,worker,9,Mertensia.ciliata,Boraginaceae
2019,Avery.Wash,208,9,60,flavifrons,worker,1,Potentilla.pulcherrima,Rosaceae
2019,Avery.Wash,208,9,60,flavifrons,worker,9,Vicia.americana,Fabaceae
2019,Avery.Wash,214,10,60,balteatus,worker,1,Delphinium.barbeyi,Ranunculaceae
2019,Avery.Wash,214,10,60,bifarius,male,1,Helianthella.quinquenervis,Asteraceae
2019,Avery.Wash,214,10,60,bifarius,worker,5,Helianthella.quinquenervis,Asteraceae
2019,Avery.Wash,214,10,60,bifarius,worker,1,Heterotheca.villosa,Asteraceae
2019,Avery.Wash,214,10,60,bifarius,worker,2,Potentilla.pulcherrima,Rosaceae
2019,Avery.Wash,214,10,60,bifarius,worker,1,Senecio.serra.var.admirabilis,Asteraceae
2019,Avery.Wash,214,10,60,flavifrons,queen,1,Delphinium.barbeyi,Ranunculaceae
2019,Avery.Wash,214,10,60,flavifrons,worker,1,Aconitum.columbianum,Ranunculaceae
2019,Avery.Wash,214,10,60,flavifrons,worker,14,Delphinium.barbeyi,Ranunculaceae
2019,Avery.Wash,214,10,60,flavifrons,worker,9,Frasera.speciosa,Gentianaceae
2019,Avery.Wash,214,10,60,flavifrons,worker,5,Helianthella.quinquenervis,Asteraceae
2019,Avery.Wash,214,10,60,flavifrons,worker,13,Mertensia.ciliata,Boraginaceae
2019,Avery.Wash,214,10,60,flavifrons,worker,8,Potentilla.pulcherrima,Rosaceae
2019,Avery.Wash,214,10,60,flavifrons,worker,7,Vicia.americana,Fabaceae
2019,Avery.Wash,214,10,60,melanopygus,worker,1,Potentilla.pulcherrima,Rosaceae
2019,Avery.Wash,214,10,60,mixtus,worker,1,Helianthella.quinquenervis,Asteraceae
2019,Avery.Wash,214,10,60,mixtus,worker,2,Mertensia.ciliata,Boraginaceae
2019,Avery.Wash,214,10,60,mixtus,worker,1,Potentilla.pulcherrima,Rosaceae
2019,Avery.Wash,214,10,60,rufocinctus,worker,2,Helianthella.quinquenervis,Asteraceae
2019,Avery.Wash,214,10,60,sylvicola,worker,1,Pedicularis.groenlandica,Orobanchaceae
2019,Avery.Wash,214,10,60,sylvicola,worker,1,Potentilla.pulcherrima,Rosaceae
2019,Avery.Wash,222,11,60,appositus,worker,3,Delphinium.barbeyi,Ranunculaceae
2019,Avery.Wash,222,11,60,balteatus,worker,3,Delphinium.barbeyi,Ranunculaceae
2019,Avery.Wash,222,11,60,bifarius,male,1,Heliomeris.multiflora,Asteraceae
2019,Avery.Wash,222,11,60,bifarius,worker,1,Erigeron.elatior,Asteraceae
2019,Avery.Wash,222,11,60,bifarius,worker,3,Heliomeris.multiflora,Asteraceae
2019,Avery.Wash,222,11,60,bifarius,worker,1,Senecio.bigelovii,Asteraceae
2019,Avery.Wash,222,11,60,bifarius,worker,2,Potentilla.pulcherrima,Rosaceae
2019,Avery.Wash,222,11,60,bifarius,worker,1,Solidago.multiradiata,Asteraceae
2019,Avery.Wash,222,11,60,bifarius,worker,1,Trifolium.repens,Fabaceae
2019,Avery.Wash,222,11,60,flavifrons,male,1,Agoseris.aurantiaca,Asteraceae
2019,Avery.Wash,222,11,60,flavifrons,male,1,Cirsium.parryi,Asteraceae
2019,Avery.Wash,222,11,60,flavifrons,male,1,Delphinium.barbeyi,Ranunculaceae
2019,Avery.Wash,222,11,60,flavifrons,male,1,Frasera.speciosa,Gentianaceae
2019,Avery.Wash,222,11,60,flavifrons,male,3,Helianthella.quinquenervis,Asteraceae
2019,Avery.Wash,222,11,60,flavifrons,male,1,Heliomeris.multiflora,Asteraceae
2019,Avery.Wash,222,11,60,flavifrons,male,8,Senecio.bigelovii,Asteraceae
2019,Avery.Wash,222,11,60,flavifrons,male,8,Senecio.serra.var.admirabilis,Asteraceae
2019,Avery.Wash,222,11,60,flavifrons,male,2,Solidago.multiradiata,Asteraceae
2019,Avery.Wash,222,11,60,flavifrons,worker,1,Aconitum.columbianum,Ranunculaceae
2019,Avery.Wash,222,11,60,flavifrons,worker,1,Agoseris.aurantiaca,Asteraceae
2019,Avery.Wash,222,11,60,flavifrons,worker,1,Cirsium.parryi,Asteraceae
2019,Avery.Wash,222,11,60,flavifrons,worker,25,Delphinium.barbeyi,Ranunculaceae
2019,Avery.Wash,222,11,60,flavifrons,worker,1,Frasera.speciosa,Gentianaceae
2019,Avery.Wash,222,11,60,flavifrons,worker,1,Mertensia.ciliata,Boraginaceae
2019,Avery.Wash,222,11,60,flavifrons,worker,3,Potentilla.pulcherrima,Rosaceae
2019,Avery.Wash,222,11,60,flavifrons,worker,2,Vicia.americana,Fabaceae
2019,Avery.Wash,222,11,60,mixtus,worker,3,Erigeron.elatior,Asteraceae
2019,Avery.Wash,222,11,60,mixtus,worker,1,Heliomeris.multiflora,Asteraceae
2019,Avery.Wash,222,11,60,mixtus,worker,1,Potentilla.pulcherrima,Rosaceae
2019,Avery.Wash,222,11,60,rufocinctus,worker,1,Erigeron.elatior,Asteraceae
2019,Avery.Wash,222,11,60,rufocinctus,worker,3,Heliomeris.multiflora,Asteraceae
2019,Avery.Wash,229,12,60,appositus,male,5,Delphinium.barbeyi,Ranunculaceae
2019,Avery.Wash,229,12,60,appositus,worker,5,Delphinium.barbeyi,Ranunculaceae
2019,Avery.Wash,229,12,60,balteatus,worker,3,Delphinium.barbeyi,Ranunculaceae
2019,Avery.Wash,229,12,60,bifarius,male,1,Erigeron.elatior,Asteraceae
2019,Avery.Wash,229,12,60,bifarius,male,2,Senecio.serra.var.admirabilis,Asteraceae
2019,Avery.Wash,229,12,60,bifarius,worker,1,Heliomeris.multiflora,Asteraceae
2019,Avery.Wash,229,12,60,bifarius,worker,1,Heterotheca.villosa,Asteraceae
2019,Avery.Wash,229,12,60,bifarius,worker,2,Potentilla.pulcherrima,Rosaceae
2019,Avery.Wash,229,12,60,bifarius,worker,2,Senecio.serra.var.admirabilis,Asteraceae
2019,Avery.Wash,229,12,60,flavifrons,male,1,Cirsium.parryi,Asteraceae
2019,Avery.Wash,229,12,60,flavifrons,male,1,Delphinium.barbeyi,Ranunculaceae
2019,Avery.Wash,229,12,60,flavifrons,male,3,Erigeron.elatior,Asteraceae
2019,Avery.Wash,229,12,60,flavifrons,male,6,Erigeron.speciosus,Asteraceae
2019,Avery.Wash,229,12,60,flavifrons,male,17,Heliomeris.multiflora,Asteraceae
2019,Avery.Wash,229,12,60,flavifrons,male,5,Heterotheca.villosa,Asteraceae
2019,Avery.Wash,229,12,60,flavifrons,male,15,Senecio.bigelovii,Asteraceae
2019,Avery.Wash,229,12,60,flavifrons,male,1,Mertensia.ciliata,Boraginaceae
2019,Avery.Wash,229,12,60,flavifrons,male,61,Senecio.serra.var.admirabilis,Asteraceae
2019,Avery.Wash,229,12,60,flavifrons,male,4,Solidago.multiradiata,Asteraceae
2019,Avery.Wash,229,12,60,flavifrons,queen,2,Delphinium.barbeyi,Ranunculaceae
2019,Avery.Wash,229,12,60,flavifrons,worker,48,Delphinium.barbeyi,Ranunculaceae
2019,Avery.Wash,229,12,60,flavifrons,worker,2,Heliomeris.multiflora,Asteraceae
2019,Avery.Wash,229,12,60,flavifrons,worker,1,Heterotheca.villosa,Asteraceae
2019,Avery.Wash,229,12,60,flavifrons,worker,1,Mertensia.ciliata,Boraginaceae
2019,Avery.Wash,229,12,60,insularis,male,3,Senecio.serra.var.admirabilis,Asteraceae
2019,Avery.Wash,229,12,60,mixtus,male,1,Senecio.serra.var.admirabilis,Asteraceae
2019,Avery.Wash,229,12,60,mixtus,worker,1,Erigeron.elatior,Asteraceae
2019,Avery.Wash,229,12,60,sylvicola,male,1,Erigeron.speciosus,Asteraceae
2019,Avery.Wash,229,12,60,sylvicola,male,1,Trifolium.repens,Fabaceae
2019,Avery.Wash,235,13,60,appositus,male,1,Campanula.rotundifolia,Campanulaceae
2019,Avery.Wash,235,13,60,appositus,male,6,Delphinium.barbeyi,Ranunculaceae
2019,Avery.Wash,235,13,60,appositus,male,1,Senecio.serra.var.admirabilis,Asteraceae
2019,Avery.Wash,235,13,60,appositus,worker,10,Delphinium.barbeyi,Ranunculaceae
2019,Avery.Wash,235,13,60,balteatus,male,1,Delphinium.barbeyi,Ranunculaceae
2019,Avery.Wash,235,13,60,balteatus,worker,1,Delphinium.barbeyi,Ranunculaceae
2019,Avery.Wash,235,13,60,bifarius,male,6,Heliomeris.multiflora,Asteraceae
2019,Avery.Wash,235,13,60,bifarius,male,5,Senecio.serra.var.admirabilis,Asteraceae
2019,Avery.Wash,235,13,60,bifarius,worker,1,Erigeron.elatior,Asteraceae
2019,Avery.Wash,235,13,60,bifarius,worker,10,Heliomeris.multiflora,Asteraceae
2019,Avery.Wash,235,13,60,bifarius,worker,2,Senecio.serra.var.admirabilis,Asteraceae
2019,Avery.Wash,235,13,60,bifarius,worker,1,Trifolium.repens,Fabaceae
2019,Avery.Wash,235,13,60,flavifrons,male,1,Arnica.parryi,Asteraceae
2019,Avery.Wash,235,13,60,flavifrons,male,2,Cirsium.parryi,Asteraceae
2019,Avery.Wash,235,13,60,flavifrons,male,1,Erigeron.elatior,Asteraceae
2019,Avery.Wash,235,13,60,flavifrons,male,2,Erigeron.speciosus,Asteraceae
2019,Avery.Wash,235,13,60,flavifrons,male,49,Heliomeris.multiflora,Asteraceae
2019,Avery.Wash,235,13,60,flavifrons,male,2,Heterotheca.villosa,Asteraceae
2019,Avery.Wash,235,13,60,flavifrons,male,2,Senecio.bigelovii,Asteraceae
2019,Avery.Wash,235,13,60,flavifrons,male,141,Senecio.serra.var.admirabilis,Asteraceae
2019,Avery.Wash,235,13,60,flavifrons,male,1,Trifolium.repens,Fabaceae
2019,Avery.Wash,235,13,60,flavifrons,queen,1,Delphinium.barbeyi,Ranunculaceae
2019,Avery.Wash,235,13,60,flavifrons,queen,1,Erigeron.elatior,Asteraceae
2019,Avery.Wash,235,13,60,flavifrons,worker,11,Delphinium.barbeyi,Ranunculaceae
2019,Avery.Wash,235,13,60,flavifrons,worker,1,Erigeron.elatior,Asteraceae
2019,Avery.Wash,235,13,60,flavifrons,worker,1,Erigeron.speciosus,Asteraceae
2019,Avery.Wash,235,13,60,flavifrons,worker,5,Heliomeris.multiflora,Asteraceae
2019,Avery.Wash,235,13,60,flavifrons,worker,2,Heterotheca.villosa,Asteraceae
2019,Avery.Wash,235,13,60,flavifrons,worker,1,Senecio.bigelovii,Asteraceae
2019,Avery.Wash,235,13,60,flavifrons,worker,1,Senecio.serra.var.admirabilis,Asteraceae
2019,Avery.Wash,235,13,60,frigidus,worker,1,Heliomeris.multiflora,Asteraceae
2019,Avery.Wash,235,13,60,insularis,male,1,Heliomeris.multiflora,Asteraceae
2019,Avery.Wash,235,13,60,insularis,male,12,Senecio.serra.var.admirabilis,Asteraceae
2019,Avery.Wash,235,13,60,mixtus,male,2,Erigeron.speciosus,Asteraceae
2019,Avery.Wash,235,13,60,mixtus,male,1,Heliomeris.multiflora,Asteraceae
2019,Avery.Wash,235,13,60,mixtus,male,4,Senecio.serra.var.admirabilis,Asteraceae
2019,Avery.Wash,235,13,60,mixtus,worker,1,Erigeron.elatior,Asteraceae
2019,Avery.Wash,235,13,60,mixtus,worker,1,Heliomeris.multiflora,Asteraceae
2019,Avery.Wash,235,13,60,rufocinctus,worker,3,Heliomeris.multiflora,Asteraceae
2019,Avery.Wash,244,14,60,appositus,male,1,Gentiana.parryi,Gentianaceae
2019,Avery.Wash,244,14,60,bifarius,male,4,Heliomeris.multiflora,Asteraceae
2019,Avery.Wash,244,14,60,bifarius,male,1,Senecio.serra.var.admirabilis,Asteraceae
2019,Avery.Wash,244,14,60,flavifrons,male,2,Cirsium.parryi,Asteraceae
2019,Avery.Wash,244,14,60,flavifrons,male,1,Erigeron.speciosus,Asteraceae
2019,Avery.Wash,244,14,60,flavifrons,male,22,Heliomeris.multiflora,Asteraceae
2019,Avery.Wash,244,14,60,flavifrons,male,225,Senecio.serra.var.admirabilis,Asteraceae
2019,Avery.Wash,244,14,60,flavifrons,male,1,Trifolium.repens,Fabaceae
2019,Avery.Wash,244,14,60,flavifrons,worker,1,Agoseris.glauca,Asteraceae
2019,Avery.Wash,244,14,60,flavifrons,worker,1,Cirsium.parryi,Asteraceae
2019,Avery.Wash,244,14,60,flavifrons,worker,1,Delphinium.barbeyi,Ranunculaceae
2019,Avery.Wash,244,14,60,insularis,male,1,Heliomeris.multiflora,Asteraceae
2019,Avery.Wash,244,14,60,insularis,male,21,Senecio.serra.var.admirabilis,Asteraceae
2019,Avery.Wash,244,14,60,mixtus,male,2,Senecio.serra.var.admirabilis,Asteraceae
2019,Avery.Wash,244,14,60,rufocinctus,worker,1,Campanula.rotundifolia,Campanulaceae
2019,Avery.Wash,249,15,60,appositus,male,1,Senecio.serra.var.admirabilis,Asteraceae
2019,Avery.Wash,249,15,60,bifarius,male,1,Heliomeris.multiflora,Asteraceae
2019,Avery.Wash,249,15,60,flavifrons,male,1,Cirsium.arvense,Asteraceae
2019,Avery.Wash,249,15,60,flavifrons,male,30,Heliomeris.multiflora,Asteraceae
2019,Avery.Wash,249,15,60,flavifrons,male,86,Senecio.serra.var.admirabilis,Asteraceae
2019,Avery.Wash,249,15,60,flavifrons,worker,1,Senecio.serra.var.admirabilis,Asteraceae
2019,Avery.Wash,249,15,60,insularis,male,1,Hymenoxys.hoopesii,Asteraceae
2019,Avery.Wash,249,15,60,insularis,male,3,Heliomeris.multiflora,Asteraceae
2019,Avery.Wash,249,15,60,insularis,male,14,Senecio.serra.var.admirabilis,Asteraceae
2019,Avery.Wash,249,15,60,occidentalis,male,1,Senecio.serra.var.admirabilis,Asteraceae
2019,Avery.Wash,255,16,60,appositus,male,1,Gentiana.parryi,Gentianaceae
2019,Avery.Wash,255,16,60,flavifrons,male,1,Senecio.serra.var.admirabilis,Asteraceae
2019,Avery.Wash,255,16,60,insularis,male,6,Senecio.serra.var.admirabilis,Asteraceae
2019,Avery.Wash,264,17,60,appositus,male,1,Gentiana.parryi,Gentianaceae
2019,Copper.Creek,167,3,60,insularis,queen,1,Salix.sp,Salicaceae
2019,Copper.Creek,172,4,60,flavifrons,queen,1,Hydrophyllum.fendleri,Hydrophyllaceae
2019,Copper.Creek,179,5,60,appositus,queen,1,Delphinium.nuttallianum,Ranunculaceae
2019,Copper.Creek,179,5,60,bifarius,queen,2,Hydrophyllum.capitatum,Hydrophyllaceae
2019,Copper.Creek,186,6,60,appositus,queen,1,Delphinium.nuttallianum,Ranunculaceae
2019,Copper.Creek,186,6,60,insularis,queen,2,Frasera.speciosa,Gentianaceae
2019,Copper.Creek,186,6,60,nevadensis,queen,1,Frasera.speciosa,Gentianaceae
2019,Copper.Creek,193,7,60,appositus,worker,1,Delphinium.nuttallianum,Ranunculaceae
2019,Copper.Creek,193,7,60,bifarius,queen,1,Frasera.speciosa,Gentianaceae
2019,Copper.Creek,193,7,60,bifarius,queen,1,Hydrophyllum.fendleri,Hydrophyllaceae
2019,Copper.Creek,193,7,60,californicus,queen,1,Delphinium.nuttallianum,Ranunculaceae
2019,Copper.Creek,193,7,60,flavifrons,worker,1,Frasera.speciosa,Gentianaceae
2019,Copper.Creek,193,7,60,flavifrons,worker,1,Lupinus.sericeus.var.sericeus,Fabaceae
2019,Copper.Creek,193,7,60,insularis,queen,1,Frasera.speciosa,Gentianaceae
2019,Copper.Creek,193,7,60,melanopygus,worker,1,Frasera.speciosa,Gentianaceae
2019,Copper.Creek,193,7,60,nevadensis,worker,1,Frasera.speciosa,Gentianaceae
2019,Copper.Creek,193,7,60,rufocinctus,queen,1,Frasera.speciosa,Gentianaceae
2019,Copper.Creek,200,8,60,appositus,worker,2,Delphinium.barbeyi,Ranunculaceae
2019,Copper.Creek,200,8,60,flavifrons,worker,1,Frasera.speciosa,Gentianaceae
2019,Copper.Creek,200,8,60,flavifrons,worker,3,Lupinus.sericeus.var.sericeus,Fabaceae
2019,Copper.Creek,200,8,60,nevadensis,queen,1,Delphinium.barbeyi,Ranunculaceae
2019,Copper.Creek,200,8,60,nevadensis,queen,2,Frasera.speciosa,Gentianaceae
2019,Copper.Creek,200,8,60,nevadensis,queen,1,Lupinus.sericeus.var.sericeus,Fabaceae
2019,Copper.Creek,200,8,60,nevadensis,worker,3,Frasera.speciosa,Gentianaceae
2019,Copper.Creek,207,9,60,appositus,male,1,Delphinium.barbeyi,Ranunculaceae
2019,Copper.Creek,207,9,60,appositus,queen,2,Delphinium.barbeyi,Ranunculaceae
2019,Copper.Creek,207,9,60,appositus,queen,1,Potentilla.fruticosa,Rosaceae
2019,Copper.Creek,207,9,60,appositus,worker,7,Delphinium.barbeyi,Ranunculaceae
2019,Copper.Creek,207,9,60,bifarius,male,1,Helianthella.quinquenervis,Asteraceae
2019,Copper.Creek,207,9,60,bifarius,queen,1,Lupinus.sericeus.var.sericeus,Fabaceae
2019,Copper.Creek,207,9,60,bifarius,worker,4,Frasera.speciosa,Gentianaceae
2019,Copper.Creek,207,9,60,bifarius,worker,2,Heracleum.maximum,Apiaceae
2019,Copper.Creek,207,9,60,bifarius,worker,1,Potentilla.pulcherrima,Rosaceae
2019,Copper.Creek,207,9,60,flavifrons,queen,1,Delphinium.barbeyi,Ranunculaceae
2019,Copper.Creek,207,9,60,flavifrons,worker,3,Aconitum.columbianum,Ranunculaceae
2019,Copper.Creek,207,9,60,flavifrons,worker,29,Delphinium.barbeyi,Ranunculaceae
2019,Copper.Creek,207,9,60,flavifrons,worker,2,Lupinus.sericeus.var.sericeus,Fabaceae
2019,Copper.Creek,207,9,60,flavifrons,worker,1,Potentilla.pulcherrima,Rosaceae
2019,Copper.Creek,207,9,60,insularis,queen,2,Helianthella.quinquenervis,Asteraceae
2019,Copper.Creek,207,9,60,mixtus,worker,1,Potentilla.pulcherrima,Rosaceae
2019,Copper.Creek,207,9,60,nevadensis,worker,3,Delphinium.barbeyi,Ranunculaceae
2019,Copper.Creek,207,9,60,rufocinctus,worker,1,Frasera.speciosa,Gentianaceae
2019,Copper.Creek,207,9,60,rufocinctus,worker,1,Lupinus.sericeus.var.sericeus,Fabaceae
2019,Copper.Creek,215,10,60,appositus,male,1,Erigeron.speciosus,Asteraceae
2019,Copper.Creek,215,10,60,appositus,worker,19,Delphinium.barbeyi,Ranunculaceae
2019,Copper.Creek,215,10,60,appositus,worker,1,Potentilla.pulcherrima,Rosaceae
2019,Copper.Creek,215,10,60,bifarius,male,2,Erigeron.speciosus,Asteraceae
2019,Copper.Creek,215,10,60,bifarius,worker,1,Erigeron.speciosus,Asteraceae
2019,Copper.Creek,215,10,60,bifarius,worker,2,Frasera.speciosa,Gentianaceae
2019,Copper.Creek,215,10,60,bifarius,worker,1,Helianthella.quinquenervis,Asteraceae
2019,Copper.Creek,215,10,60,californicus,worker,2,Delphinium.barbeyi,Ranunculaceae
2019,Copper.Creek,215,10,60,flavifrons,male,1,Delphinium.barbeyi,Ranunculaceae
2019,Copper.Creek,215,10,60,flavifrons,male,1,Hymenoxys.hoopesii,Asteraceae
2019,Copper.Creek,215,10,60,flavifrons,male,1,Frasera.speciosa,Gentianaceae
2019,Copper.Creek,215,10,60,flavifrons,male,1,Phacelia.heterophylla,Boraginaceae
2019,Copper.Creek,215,10,60,flavifrons,queen,1,Delphinium.barbeyi,Ranunculaceae
2019,Copper.Creek,215,10,60,flavifrons,worker,1,Aconitum.columbianum,Ranunculaceae
2019,Copper.Creek,215,10,60,flavifrons,worker,33,Delphinium.barbeyi,Ranunculaceae
2019,Copper.Creek,215,10,60,flavifrons,worker,3,Frasera.speciosa,Gentianaceae
2019,Copper.Creek,215,10,60,flavifrons,worker,1,Helianthella.quinquenervis,Asteraceae
2019,Copper.Creek,215,10,60,flavifrons,worker,2,Potentilla.pulcherrima,Rosaceae
2019,Copper.Creek,215,10,60,insularis,male,2,Erigeron.speciosus,Asteraceae
2019,Copper.Creek,215,10,60,insularis,queen,1,Erigeron.speciosus,Asteraceae
2019,Copper.Creek,215,10,60,insularis,queen,2,Helianthella.quinquenervis,Asteraceae
2019,Copper.Creek,215,10,60,mixtus,male,1,Geranium.richardsonii,Geraniaceae
2019,Copper.Creek,215,10,60,mixtus,worker,2,Frasera.speciosa,Gentianaceae
2019,Copper.Creek,215,10,60,mixtus,worker,1,Potentilla.pulcherrima,Rosaceae
2019,Copper.Creek,215,10,60,nevadensis,queen,1,Delphinium.barbeyi,Ranunculaceae
2019,Copper.Creek,215,10,60,nevadensis,worker,2,Delphinium.barbeyi,Ranunculaceae
2019,Copper.Creek,215,10,60,rufocinctus,worker,1,Calochortus.gunnisonii,Liliaceae
2019,Copper.Creek,215,10,60,rufocinctus,worker,1,Erigeron.speciosus,Asteraceae
2019,Copper.Creek,215,10,60,rufocinctus,worker,1,Potentilla.pulcherrima,Rosaceae
2019,Copper.Creek,220,11,60,appositus,male,1,Erigeron.speciosus,Asteraceae
2019,Copper.Creek,220,11,60,appositus,male,1,Frasera.speciosa,Gentianaceae
2019,Copper.Creek,220,11,60,appositus,queen,3,Delphinium.barbeyi,Ranunculaceae
2019,Copper.Creek,220,11,60,appositus,worker,24,Delphinium.barbeyi,Ranunculaceae
2019,Copper.Creek,220,11,60,bifarius,male,1,Calochortus.gunnisonii,Liliaceae
2019,Copper.Creek,220,11,60,bifarius,male,2,Erigeron.speciosus,Asteraceae
2019,Copper.Creek,220,11,60,bifarius,worker,3,Erigeron.speciosus,Asteraceae
2019,Copper.Creek,220,11,60,bifarius,worker,1,Frasera.speciosa,Gentianaceae
2019,Copper.Creek,220,11,60,bifarius,worker,1,Heracleum.maximum,Apiaceae
2019,Copper.Creek,220,11,60,bifarius,worker,3,Potentilla.pulcherrima,Rosaceae
2019,Copper.Creek,220,11,60,californicus,worker,2,Delphinium.barbeyi,Ranunculaceae
2019,Copper.Creek,220,11,60,flavifrons,male,1,Cirsium.parryi,Asteraceae
2019,Copper.Creek,220,11,60,flavifrons,male,2,Erigeron.speciosus,Asteraceae
2019,Copper.Creek,220,11,60,flavifrons,male,1,Frasera.speciosa,Gentianaceae
2019,Copper.Creek,220,11,60,flavifrons,male,2,Helianthella.quinquenervis,Asteraceae
2019,Copper.Creek,220,11,60,flavifrons,male,1,Heliomeris.multiflora,Asteraceae
2019,Copper.Creek,220,11,60,flavifrons,male,2,Senecio.bigelovii,Asteraceae
2019,Copper.Creek,220,11,60,flavifrons,male,1,Phacelia.heterophylla,Boraginaceae
2019,Copper.Creek,220,11,60,flavifrons,queen,1,Delphinium.barbeyi,Ranunculaceae
2019,Copper.Creek,220,11,60,flavifrons,worker,47,Delphinium.barbeyi,Ranunculaceae
2019,Copper.Creek,220,11,60,flavifrons,worker,1,Erigeron.elatior,Asteraceae
2019,Copper.Creek,220,11,60,flavifrons,worker,1,Frasera.speciosa,Gentianaceae
2019,Copper.Creek,220,11,60,mixtus,worker,1,Frasera.speciosa,Gentianaceae
2019,Copper.Creek,220,11,60,nevadensis,queen,3,Delphinium.barbeyi,Ranunculaceae
2019,Copper.Creek,220,11,60,rufocinctus,male,1,Helianthella.quinquenervis,Asteraceae
2019,Copper.Creek,220,11,60,rufocinctus,worker,2,Erigeron.speciosus,Asteraceae
2019,Copper.Creek,229,12,60,appositus,male,4,Delphinium.barbeyi,Ranunculaceae
2019,Copper.Creek,229,12,60,appositus,male,3,Heliomeris.multiflora,Asteraceae
2019,Copper.Creek,229,12,60,appositus,queen,1,Delphinium.barbeyi,Ranunculaceae
2019,Copper.Creek,229,12,60,appositus,worker,34,Delphinium.barbeyi,Ranunculaceae
2019,Copper.Creek,229,12,60,bifarius,male,10,Heliomeris.multiflora,Asteraceae
2019,Copper.Creek,229,12,60,bifarius,male,5,Senecio.serra.var.admirabilis,Asteraceae
2019,Copper.Creek,229,12,60,bifarius,worker,1,Erigeron.speciosus,Asteraceae
2019,Copper.Creek,229,12,60,bifarius,worker,47,Heliomeris.multiflora,Asteraceae
2019,Copper.Creek,229,12,60,bifarius,worker,1,Senecio.serra.var.admirabilis,Asteraceae
2019,Copper.Creek,229,12,60,californicus,worker,1,Delphinium.barbeyi,Ranunculaceae
2019,Copper.Creek,229,12,60,flavifrons,male,1,Helianthella.quinquenervis,Asteraceae
2019,Copper.Creek,229,12,60,flavifrons,male,14,Heliomeris.multiflora,Asteraceae
2019,Copper.Creek,229,12,60,flavifrons,male,1,Senecio.bigelovii,Asteraceae
2019,Copper.Creek,229,12,60,flavifrons,male,6,Senecio.serra.var.admirabilis,Asteraceae
2019,Copper.Creek,229,12,60,flavifrons,queen,3,Delphinium.barbeyi,Ranunculaceae
2019,Copper.Creek,229,12,60,flavifrons,worker,1,Linum.lewisii,Linaceae
2019,Copper.Creek,229,12,60,flavifrons,worker,1,Cirsium.parryi,Asteraceae
2019,Copper.Creek,229,12,60,flavifrons,worker,18,Delphinium.barbeyi,Ranunculaceae
2019,Copper.Creek,229,12,60,flavifrons,worker,20,Heliomeris.multiflora,Asteraceae
2019,Copper.Creek,229,12,60,flavifrons,worker,1,Senecio.serra.var.admirabilis,Asteraceae
2019,Copper.Creek,229,12,60,mixtus,male,2,Heliomeris.multiflora,Asteraceae
2019,Copper.Creek,229,12,60,mixtus,worker,3,Heliomeris.multiflora,Asteraceae
2019,Copper.Creek,229,12,60,nevadensis,worker,1,Delphinium.barbeyi,Ranunculaceae
2019,Copper.Creek,229,12,60,rufocinctus,worker,5,Heliomeris.multiflora,Asteraceae
2019,Copper.Creek,236,13,60,appositus,male,3,Symphyotrichum.foliaceum,Asteraceae
2019,Copper.Creek,236,13,60,appositus,male,2,Cirsium.parryi,Asteraceae
2019,Copper.Creek,236,13,60,appositus,male,5,Delphinium.barbeyi,Ranunculaceae
2019,Copper.Creek,236,13,60,appositus,male,5,Heliomeris.multiflora,Asteraceae
2019,Copper.Creek,236,13,60,appositus,male,1,Senecio.serra.var.admirabilis,Asteraceae
2019,Copper.Creek,236,13,60,appositus,worker,2,Delphinium.barbeyi,Ranunculaceae
2019,Copper.Creek,236,13,60,bifarius,male,10,Heliomeris.multiflora,Asteraceae
2019,Copper.Creek,236,13,60,bifarius,male,1,Heterotheca.villosa,Asteraceae
2019,Copper.Creek,236,13,60,bifarius,male,5,Senecio.serra.var.admirabilis,Asteraceae
2019,Copper.Creek,236,13,60,bifarius,queen,1,Heliomeris.multiflora,Asteraceae
2019,Copper.Creek,236,13,60,bifarius,worker,2,Erigeron.speciosus,Asteraceae
2019,Copper.Creek,236,13,60,bifarius,worker,25,Heliomeris.multiflora,Asteraceae
2019,Copper.Creek,236,13,60,flavifrons,male,3,Symphyotrichum.foliaceum,Asteraceae
2019,Copper.Creek,236,13,60,flavifrons,male,26,Heliomeris.multiflora,Asteraceae
2019,Copper.Creek,236,13,60,flavifrons,male,4,Heterotheca.villosa,Asteraceae
2019,Copper.Creek,236,13,60,flavifrons,male,11,Senecio.serra.var.admirabilis,Asteraceae
2019,Copper.Creek,236,13,60,flavifrons,queen,1,Senecio.serra.var.admirabilis,Asteraceae
2019,Copper.Creek,236,13,60,flavifrons,worker,7,Heliomeris.multiflora,Asteraceae
2019,Copper.Creek,236,13,60,flavifrons,worker,2,Heterotheca.villosa,Asteraceae
2019,Copper.Creek,236,13,60,flavifrons,worker,1,Vicia.americana,Fabaceae
2019,Copper.Creek,236,13,60,insularis,male,1,Erigeron.speciosus,Asteraceae
2019,Copper.Creek,236,13,60,insularis,male,11,Heliomeris.multiflora,Asteraceae
2019,Copper.Creek,236,13,60,insularis,male,2,Heterotheca.villosa,Asteraceae
2019,Copper.Creek,236,13,60,mixtus,male,2,Heliomeris.multiflora,Asteraceae
2019,Copper.Creek,236,13,60,mixtus,male,3,Senecio.serra.var.admirabilis,Asteraceae
2019,Copper.Creek,236,13,60,mixtus,worker,3,Heliomeris.multiflora,Asteraceae
2019,Copper.Creek,236,13,60,mixtus,worker,1,Heterotheca.villosa,Asteraceae
2019,Copper.Creek,236,13,60,nevadensis,male,1,Heliomeris.multiflora,Asteraceae
2019,Copper.Creek,236,13,60,occidentalis,worker,1,Heliomeris.multiflora,Asteraceae
2019,Copper.Creek,236,13,60,rufocinctus,male,4,Heliomeris.multiflora,Asteraceae
2019,Copper.Creek,236,13,60,rufocinctus,worker,1,Heliomeris.multiflora,Asteraceae
2019,Copper.Creek,242,14,60,appositus,male,3,Symphyotrichum.foliaceum,Asteraceae
2019,Copper.Creek,242,14,60,appositus,male,4,Cirsium.parryi,Asteraceae
2019,Copper.Creek,242,14,60,appositus,male,3,Gentiana.parryi,Gentianaceae
2019,Copper.Creek,242,14,60,appositus,male,2,Heliomeris.multiflora,Asteraceae
2019,Copper.Creek,242,14,60,balteatus,male,1,Delphinium.barbeyi,Ranunculaceae
2019,Copper.Creek,242,14,60,bifarius,male,22,Heliomeris.multiflora,Asteraceae
2019,Copper.Creek,242,14,60,bifarius,male,1,Heterotheca.villosa,Asteraceae
2019,Copper.Creek,242,14,60,bifarius,worker,3,Heliomeris.multiflora,Asteraceae
2019,Copper.Creek,242,14,60,flavifrons,male,12,Symphyotrichum.foliaceum,Asteraceae
2019,Copper.Creek,242,14,60,flavifrons,male,1,Cirsium.parryi,Asteraceae
2019,Copper.Creek,242,14,60,flavifrons,male,1,Erigeron.speciosus,Asteraceae
2019,Copper.Creek,242,14,60,flavifrons,male,39,Heliomeris.multiflora,Asteraceae
2019,Copper.Creek,242,14,60,flavifrons,male,6,Heterotheca.villosa,Asteraceae
2019,Copper.Creek,242,14,60,flavifrons,male,5,Senecio.serra.var.admirabilis,Asteraceae
2019,Copper.Creek,242,14,60,insularis,male,2,Symphyotrichum.foliaceum,Asteraceae
2019,Copper.Creek,242,14,60,insularis,male,18,Erigeron.speciosus,Asteraceae
2019,Copper.Creek,242,14,60,insularis,male,55,Heliomeris.multiflora,Asteraceae
2019,Copper.Creek,242,14,60,insularis,male,13,Heterotheca.villosa,Asteraceae
2019,Copper.Creek,242,14,60,insularis,male,1,Senecio.serra.var.admirabilis,Asteraceae
2019,Copper.Creek,242,14,60,mixtus,male,2,Heliomeris.multiflora,Asteraceae
2019,Copper.Creek,242,14,60,mixtus,male,1,Senecio.serra.var.admirabilis,Asteraceae
2019,Copper.Creek,242,14,60,rufocinctus,male,3,Heliomeris.multiflora,Asteraceae
2019,Copper.Creek,249,15,60,appositus,male,1,Gentiana.parryi,Gentianaceae
2019,Copper.Creek,249,15,60,bifarius,male,11,Heliomeris.multiflora,Asteraceae
2019,Copper.Creek,249,15,60,bifarius,worker,3,Heliomeris.multiflora,Asteraceae
2019,Copper.Creek,249,15,60,flavifrons,male,3,Symphyotrichum.foliaceum,Asteraceae
2019,Copper.Creek,249,15,60,flavifrons,male,1,Hymenoxys.hoopesii,Asteraceae
2019,Copper.Creek,249,15,60,flavifrons,male,10,Heliomeris.multiflora,Asteraceae
2019,Copper.Creek,249,15,60,insularis,male,4,Symphyotrichum.foliaceum,Asteraceae
2019,Copper.Creek,249,15,60,insularis,male,48,Heliomeris.multiflora,Asteraceae
2019,Copper.Creek,249,15,60,insularis,male,29,Heterotheca.villosa,Asteraceae
2019,Copper.Creek,249,15,60,mixtus,male,5,Heliomeris.multiflora,Asteraceae
2019,Copper.Creek,249,15,60,rufocinctus,male,2,Heliomeris.multiflora,Asteraceae
2019,Copper.Creek,249,15,60,rufocinctus,male,1,Heterotheca.villosa,Asteraceae
2019,Copper.Creek,255,16,60,appositus,male,3,Gentiana.parryi,Gentianaceae
2019,Copper.Creek,255,16,60,appositus,male,1,Heliomeris.multiflora,Asteraceae
2019,Copper.Creek,255,16,60,bifarius,male,1,Heterotheca.villosa,Asteraceae
2019,Copper.Creek,255,16,60,insularis,male,7,Heterotheca.villosa,Asteraceae
2019,Copper.Creek,264,17,60,appositus,male,1,Gentiana.parryi,Gentianaceae
2019,Frogs.Pond,159,2,60,bifarius,queen,1,Mertensia.fusiformis,Boraginaceae
2019,Frogs.Pond,167,3,60,appositus,queen,3,Mertensia.fusiformis,Boraginaceae
2019,Frogs.Pond,167,3,60,bifarius,queen,7,Mertensia.fusiformis,Boraginaceae
2019,Frogs.Pond,167,3,60,flavifrons,queen,5,Mertensia.fusiformis,Boraginaceae
2019,Frogs.Pond,167,3,60,rufocinctus,queen,1,Mertensia.fusiformis,Boraginaceae
2019,Frogs.Pond,172,4,60,appositus,queen,1,Hydrophyllum.fendleri,Hydrophyllaceae
2019,Frogs.Pond,172,4,60,bifarius,queen,1,Mertensia.fusiformis,Boraginaceae
2019,Frogs.Pond,172,4,60,flavifrons,queen,3,Hydrophyllum.fendleri,Hydrophyllaceae
2019,Frogs.Pond,172,4,60,flavifrons,queen,2,Mertensia.fusiformis,Boraginaceae
2019,Frogs.Pond,172,4,60,insularis,queen,1,Taraxacum.officinale,Asteraceae
2019,Frogs.Pond,172,4,60,rufocinctus,queen,2,Mertensia.fusiformis,Boraginaceae
2019,Frogs.Pond,179,5,60,flavifrons,queen,1,Hydrophyllum.fendleri,Hydrophyllaceae
2019,Frogs.Pond,179,5,60,insularis,queen,1,Mertensia.fusiformis,Boraginaceae
2019,Frogs.Pond,179,5,60,rufocinctus,queen,1,Frasera.speciosa,Gentianaceae
2019,Frogs.Pond,179,5,60,rufocinctus,queen,1,Taraxacum.officinale,Asteraceae
2019,Frogs.Pond,186,6,60,bifarius,queen,1,Lupinus.sericeus.var.sericeus,Fabaceae
2019,Frogs.Pond,186,6,60,bifarius,worker,2,Lupinus.sericeus.var.sericeus,Fabaceae
2019,Frogs.Pond,186,6,60,flavifrons,queen,1,Mertensia.ciliata,Boraginaceae
2019,Frogs.Pond,186,6,60,rufocinctus,queen,1,Frasera.speciosa,Gentianaceae
2019,Frogs.Pond,186,6,60,rufocinctus,queen,2,Lupinus.sericeus.var.sericeus,Fabaceae
2019,Frogs.Pond,186,6,60,rufocinctus,worker,2,Lupinus.sericeus.var.sericeus,Fabaceae
2019,Frogs.Pond,186,6,60,sylvicola,worker,1,Lupinus.sericeus.var.sericeus,Fabaceae
2019,Frogs.Pond,193,7,60,bifarius,queen,1,Frasera.speciosa,Gentianaceae
2019,Frogs.Pond,193,7,60,bifarius,queen,2,Lupinus.sericeus.var.sericeus,Fabaceae
2019,Frogs.Pond,193,7,60,bifarius,worker,2,Lupinus.sericeus.var.sericeus,Fabaceae
2019,Frogs.Pond,193,7,60,flavifrons,queen,1,Lupinus.sericeus.var.sericeus,Fabaceae
2019,Frogs.Pond,193,7,60,flavifrons,worker,1,Frasera.speciosa,Gentianaceae
2019,Frogs.Pond,193,7,60,flavifrons,worker,1,Lupinus.sericeus.var.sericeus,Fabaceae
2019,Frogs.Pond,193,7,60,nevadensis,queen,1,Frasera.speciosa,Gentianaceae
2019,Frogs.Pond,193,7,60,nevadensis,worker,1,Lupinus.sericeus.var.sericeus,Fabaceae
2019,Frogs.Pond,193,7,60,nevadensis,worker,1,Vicia.americana,Fabaceae
2019,Frogs.Pond,193,7,60,rufocinctus,queen,1,Frasera.speciosa,Gentianaceae
2019,Frogs.Pond,193,7,60,rufocinctus,worker,1,Frasera.speciosa,Gentianaceae
2019,Frogs.Pond,199,8,60,appositus,worker,5,Delphinium.barbeyi,Ranunculaceae
2019,Frogs.Pond,199,8,60,appositus,worker,2,Vicia.americana,Fabaceae
2019,Frogs.Pond,199,8,60,bifarius,worker,6,Frasera.speciosa,Gentianaceae
2019,Frogs.Pond,199,8,60,bifarius,worker,7,Lupinus.sericeus.var.sericeus,Fabaceae
2019,Frogs.Pond,199,8,60,californicus,queen,1,Vicia.americana,Fabaceae
2019,Frogs.Pond,199,8,60,flavifrons,worker,1,Hydrophyllum.fendleri,Hydrophyllaceae
2019,Frogs.Pond,199,8,60,flavifrons,worker,5,Lupinus.sericeus.var.sericeus,Fabaceae
2019,Frogs.Pond,199,8,60,flavifrons,worker,1,Mertensia.ciliata,Boraginaceae
2019,Frogs.Pond,199,8,60,mixtus,worker,1,Frasera.speciosa,Gentianaceae
2019,Frogs.Pond,199,8,60,mixtus,worker,1,Mertensia.ciliata,Boraginaceae
2019,Frogs.Pond,199,8,60,nevadensis,queen,3,Frasera.speciosa,Gentianaceae
2019,Frogs.Pond,199,8,60,nevadensis,worker,2,Frasera.speciosa,Gentianaceae
2019,Frogs.Pond,199,8,60,nevadensis,worker,2,Lupinus.sericeus.var.sericeus,Fabaceae
2019,Frogs.Pond,199,8,60,rufocinctus,worker,1,Lupinus.sericeus.var.sericeus,Fabaceae
2019,Frogs.Pond,199,8,60,sylvicola,worker,2,Frasera.speciosa,Gentianaceae
2019,Frogs.Pond,207,9,60,appositus,worker,7,Delphinium.barbeyi,Ranunculaceae
2019,Frogs.Pond,207,9,60,bifarius,worker,4,Calochortus.gunnisonii,Liliaceae
2019,Frogs.Pond,207,9,60,bifarius,worker,1,Campanula.rotundifolia,Campanulaceae
2019,Frogs.Pond,207,9,60,bifarius,worker,1,Erigeron.speciosus,Asteraceae
2019,Frogs.Pond,207,9,60,bifarius,worker,7,Frasera.speciosa,Gentianaceae
2019,Frogs.Pond,207,9,60,bifarius,worker,3,Helianthella.quinquenervis,Asteraceae
2019,Frogs.Pond,207,9,60,bifarius,worker,2,Lupinus.sericeus.var.sericeus,Fabaceae
2019,Frogs.Pond,207,9,60,bifarius,worker,2,Potentilla.pulcherrima,Rosaceae
2019,Frogs.Pond,207,9,60,californicus,worker,1,Delphinium.barbeyi,Ranunculaceae
2019,Frogs.Pond,207,9,60,flavifrons,queen,1,Delphinium.barbeyi,Ranunculaceae
2019,Frogs.Pond,207,9,60,flavifrons,worker,5,Delphinium.barbeyi,Ranunculaceae
2019,Frogs.Pond,207,9,60,flavifrons,worker,2,Frasera.speciosa,Gentianaceae
2019,Frogs.Pond,207,9,60,flavifrons,worker,1,Potentilla.pulcherrima,Rosaceae
2019,Frogs.Pond,207,9,60,melanopygus,worker,1,Frasera.speciosa,Gentianaceae
2019,Frogs.Pond,207,9,60,nevadensis,worker,1,Delphinium.barbeyi,Ranunculaceae
2019,Frogs.Pond,207,9,60,rufocinctus,worker,2,Calochortus.gunnisonii,Liliaceae
2019,Frogs.Pond,207,9,60,rufocinctus,worker,1,Erigeron.speciosus,Asteraceae
2019,Frogs.Pond,207,9,60,rufocinctus,worker,1,Frasera.speciosa,Gentianaceae
2019,Frogs.Pond,207,9,60,rufocinctus,worker,1,Lupinus.sericeus.var.sericeus,Fabaceae
2019,Frogs.Pond,207,9,60,rufocinctus,worker,2,Potentilla.pulcherrima,Rosaceae
2019,Frogs.Pond,207,9,60,sylvicola,worker,1,Frasera.speciosa,Gentianaceae
2019,Frogs.Pond,207,9,60,sylvicola,worker,1,Potentilla.pulcherrima,Rosaceae
2019,Frogs.Pond,215,10,60,appositus,worker,16,Delphinium.barbeyi,Ranunculaceae
2019,Frogs.Pond,215,10,60,bifarius,worker,1,Campanula.rotundifolia,Campanulaceae
2019,Frogs.Pond,215,10,60,bifarius,worker,4,Frasera.speciosa,Gentianaceae
2019,Frogs.Pond,215,10,60,bifarius,worker,1,Lupinus.sericeus.var.sericeus,Fabaceae
2019,Frogs.Pond,215,10,60,bifarius,worker,3,Potentilla.fruticosa,Rosaceae
2019,Frogs.Pond,215,10,60,bifarius,worker,3,Potentilla.pulcherrima,Rosaceae
2019,Frogs.Pond,215,10,60,californicus,worker,1,Delphinium.barbeyi,Ranunculaceae
2019,Frogs.Pond,215,10,60,californicus,worker,1,Vicia.americana,Fabaceae
2019,Frogs.Pond,215,10,60,flavifrons,queen,1,Delphinium.barbeyi,Ranunculaceae
2019,Frogs.Pond,215,10,60,flavifrons,worker,28,Delphinium.barbeyi,Ranunculaceae
2019,Frogs.Pond,215,10,60,flavifrons,worker,2,Frasera.speciosa,Gentianaceae
2019,Frogs.Pond,215,10,60,flavifrons,worker,2,Mertensia.ciliata,Boraginaceae
2019,Frogs.Pond,215,10,60,flavifrons,worker,2,Potentilla.pulcherrima,Rosaceae
2019,Frogs.Pond,215,10,60,rufocinctus,male,1,Erigeron.speciosus,Asteraceae
2019,Frogs.Pond,215,10,60,rufocinctus,male,1,Potentilla.fruticosa,Rosaceae
2019,Frogs.Pond,215,10,60,rufocinctus,worker,3,Calochortus.gunnisonii,Liliaceae
2019,Frogs.Pond,215,10,60,rufocinctus,worker,1,Campanula.rotundifolia,Campanulaceae
2019,Frogs.Pond,215,10,60,rufocinctus,worker,1,Erigeron.speciosus,Asteraceae
2019,Frogs.Pond,215,10,60,rufocinctus,worker,4,Frasera.speciosa,Gentianaceae
2019,Frogs.Pond,215,10,60,rufocinctus,worker,1,Lupinus.sericeus.var.sericeus,Fabaceae
2019,Frogs.Pond,215,10,60,rufocinctus,worker,7,Potentilla.fruticosa,Rosaceae
2019,Frogs.Pond,215,10,60,rufocinctus,worker,1,Potentilla.pulcherrima,Rosaceae
2019,Frogs.Pond,221,11,60,appositus,male,1,Vicia.americana,Fabaceae
2019,Frogs.Pond,221,11,60,appositus,worker,8,Delphinium.barbeyi,Ranunculaceae
2019,Frogs.Pond,221,11,60,bifarius,male,4,Erigeron.speciosus,Asteraceae
2019,Frogs.Pond,221,11,60,bifarius,male,1,Heliomeris.multiflora,Asteraceae
2019,Frogs.Pond,221,11,60,bifarius,male,1,Heterotheca.villosa,Asteraceae
2019,Frogs.Pond,221,11,60,bifarius,worker,1,Erigeron.elatior,Asteraceae
2019,Frogs.Pond,221,11,60,bifarius,worker,15,Erigeron.speciosus,Asteraceae
2019,Frogs.Pond,221,11,60,bifarius,worker,1,Helianthella.quinquenervis,Asteraceae
2019,Frogs.Pond,221,11,60,bifarius,worker,3,Heliomeris.multiflora,Asteraceae
2019,Frogs.Pond,221,11,60,bifarius,worker,1,Heterotheca.villosa,Asteraceae
2019,Frogs.Pond,221,11,60,bifarius,worker,1,Potentilla.fruticosa,Rosaceae
2019,Frogs.Pond,221,11,60,bifarius,worker,1,Sidalcea.candida,Malvaceae
2019,Frogs.Pond,221,11,60,californicus,worker,2,Delphinium.barbeyi,Ranunculaceae
2019,Frogs.Pond,221,11,60,flavifrons,male,1,Cirsium.parryi,Asteraceae
2019,Frogs.Pond,221,11,60,flavifrons,male,1,Senecio.serra.var.admirabilis,Asteraceae
2019,Frogs.Pond,221,11,60,flavifrons,worker,14,Delphinium.barbeyi,Ranunculaceae
2019,Frogs.Pond,221,11,60,insularis,male,1,Erigeron.speciosus,Asteraceae
2019,Frogs.Pond,221,11,60,nevadensis,worker,2,Delphinium.barbeyi,Ranunculaceae
2019,Frogs.Pond,221,11,60,rufocinctus,male,1,Erigeron.speciosus,Asteraceae
2019,Frogs.Pond,221,11,60,rufocinctus,worker,5,Erigeron.speciosus,Asteraceae
2019,Frogs.Pond,221,11,60,rufocinctus,worker,1,Helianthella.quinquenervis,Asteraceae
2019,Frogs.Pond,221,11,60,rufocinctus,worker,1,Potentilla.pulcherrima,Rosaceae
2019,Frogs.Pond,229,12,60,appositus,male,4,Cirsium.parryi,Asteraceae
2019,Frogs.Pond,229,12,60,appositus,male,6,Delphinium.barbeyi,Ranunculaceae
2019,Frogs.Pond,229,12,60,appositus,male,1,Erigeron.speciosus,Asteraceae
2019,Frogs.Pond,229,12,60,appositus,male,1,Vicia.americana,Fabaceae
2019,Frogs.Pond,229,12,60,appositus,worker,14,Delphinium.barbeyi,Ranunculaceae
2019,Frogs.Pond,229,12,60,bifarius,male,1,Heliomeris.multiflora,Asteraceae
2019,Frogs.Pond,229,12,60,bifarius,male,1,Senecio.serra.var.admirabilis,Asteraceae
2019,Frogs.Pond,229,12,60,bifarius,queen,1,Solidago.missouriensis,Asteraceae
2019,Frogs.Pond,229,12,60,bifarius,worker,3,Symphyotrichum.foliaceum,Asteraceae
2019,Frogs.Pond,229,12,60,bifarius,worker,12,Erigeron.speciosus,Asteraceae
2019,Frogs.Pond,229,12,60,bifarius,worker,50,Heliomeris.multiflora,Asteraceae
2019,Frogs.Pond,229,12,60,bifarius,worker,1,Heterotheca.villosa,Asteraceae
2019,Frogs.Pond,229,12,60,bifarius,worker,2,Potentilla.fruticosa,Rosaceae
2019,Frogs.Pond,229,12,60,bifarius,worker,1,Potentilla.pulcherrima,Rosaceae
2019,Frogs.Pond,229,12,60,bifarius,worker,6,Solidago.missouriensis,Asteraceae
2019,Frogs.Pond,229,12,60,californicus,worker,4,Delphinium.barbeyi,Ranunculaceae
2019,Frogs.Pond,229,12,60,flavifrons,male,3,Symphyotrichum.foliaceum,Asteraceae
2019,Frogs.Pond,229,12,60,flavifrons,male,5,Cirsium.parryi,Asteraceae
2019,Frogs.Pond,229,12,60,flavifrons,male,3,Frasera.speciosa,Gentianaceae
2019,Frogs.Pond,229,12,60,flavifrons,male,5,Heliomeris.multiflora,Asteraceae
2019,Frogs.Pond,229,12,60,flavifrons,male,6,Senecio.bigelovii,Asteraceae
2019,Frogs.Pond,229,12,60,flavifrons,male,2,Senecio.serra.var.admirabilis,Asteraceae
2019,Frogs.Pond,229,12,60,flavifrons,worker,1,Symphyotrichum.foliaceum,Asteraceae
2019,Frogs.Pond,229,12,60,flavifrons,worker,3,Cirsium.parryi,Asteraceae
2019,Frogs.Pond,229,12,60,flavifrons,worker,10,Delphinium.barbeyi,Ranunculaceae
2019,Frogs.Pond,229,12,60,flavifrons,worker,1,Frasera.speciosa,Gentianaceae
2019,Frogs.Pond,229,12,60,insularis,queen,1,Heliomeris.multiflora,Asteraceae
2019,Frogs.Pond,229,12,60,mixtus,male,1,Senecio.serra.var.admirabilis,Asteraceae
2019,Frogs.Pond,229,12,60,nevadensis,queen,1,Delphinium.barbeyi,Ranunculaceae
2019,Frogs.Pond,229,12,60,occidentalis,worker,1,Sidalcea.candida,Malvaceae
2019,Frogs.Pond,229,12,60,rufocinctus,male,8,Erigeron.speciosus,Asteraceae
2019,Frogs.Pond,229,12,60,rufocinctus,male,3,Heliomeris.multiflora,Asteraceae
2019,Frogs.Pond,229,12,60,rufocinctus,worker,1,Symphyotrichum.foliaceum,Asteraceae
2019,Frogs.Pond,229,12,60,rufocinctus,worker,1,Campanula.rotundifolia,Campanulaceae
2019,Frogs.Pond,229,12,60,rufocinctus,worker,7,Erigeron.speciosus,Asteraceae
2019,Frogs.Pond,229,12,60,rufocinctus,worker,6,Heliomeris.multiflora,Asteraceae
2019,Frogs.Pond,229,12,60,rufocinctus,worker,2,Potentilla.pulcherrima,Rosaceae
2019,Frogs.Pond,236,13,60,appositus,male,3,Cirsium.parryi,Asteraceae
2019,Frogs.Pond,236,13,60,appositus,male,17,Ericameria.parryi,Asteraceae
2019,Frogs.Pond,236,13,60,appositus,male,1,Heliomeris.multiflora,Asteraceae
2019,Frogs.Pond,236,13,60,appositus,male,1,Senecio.serra.var.admirabilis,Asteraceae
2019,Frogs.Pond,236,13,60,appositus,worker,1,Delphinium.barbeyi,Ranunculaceae
2019,Frogs.Pond,236,13,60,appositus,worker,1,Heliomeris.multiflora,Asteraceae
2019,Frogs.Pond,236,13,60,balteatus,male,1,Delphinium.barbeyi,Ranunculaceae
2019,Frogs.Pond,236,13,60,bifarius,male,2,Symphyotrichum.foliaceum,Asteraceae
2019,Frogs.Pond,236,13,60,bifarius,male,1,Erigeron.speciosus,Asteraceae
2019,Frogs.Pond,236,13,60,bifarius,male,42,Heliomeris.multiflora,Asteraceae
2019,Frogs.Pond,236,13,60,bifarius,male,1,Heterotheca.villosa,Asteraceae
2019,Frogs.Pond,236,13,60,bifarius,worker,1,Symphyotrichum.foliaceum,Asteraceae
2019,Frogs.Pond,236,13,60,bifarius,worker,3,Ericameria.parryi,Asteraceae
2019,Frogs.Pond,236,13,60,bifarius,worker,11,Erigeron.speciosus,Asteraceae
2019,Frogs.Pond,236,13,60,bifarius,worker,36,Heliomeris.multiflora,Asteraceae
2019,Frogs.Pond,236,13,60,bifarius,worker,10,Heterotheca.villosa,Asteraceae
2019,Frogs.Pond,236,13,60,bifarius,worker,1,Solidago.missouriensis,Asteraceae
2019,Frogs.Pond,236,13,60,californicus,worker,1,Delphinium.barbeyi,Ranunculaceae
2019,Frogs.Pond,236,13,60,californicus,worker,2,Ericameria.parryi,Asteraceae
2019,Frogs.Pond,236,13,60,flavifrons,male,6,Symphyotrichum.foliaceum,Asteraceae
2019,Frogs.Pond,236,13,60,flavifrons,male,2,Cirsium.parryi,Asteraceae
2019,Frogs.Pond,236,13,60,flavifrons,male,6,Ericameria.parryi,Asteraceae
2019,Frogs.Pond,236,13,60,flavifrons,male,2,Erigeron.speciosus,Asteraceae
2019,Frogs.Pond,236,13,60,flavifrons,male,11,Heliomeris.multiflora,Asteraceae
2019,Frogs.Pond,236,13,60,flavifrons,male,2,Heterotheca.villosa,Asteraceae
2019,Frogs.Pond,236,13,60,flavifrons,male,8,Senecio.serra.var.admirabilis,Asteraceae
2019,Frogs.Pond,236,13,60,flavifrons,male,1,Solidago.missouriensis,Asteraceae
2019,Frogs.Pond,236,13,60,flavifrons,male,1,Solidago.multiradiata,Asteraceae
2019,Frogs.Pond,236,13,60,flavifrons,worker,2,Symphyotrichum.foliaceum,Asteraceae
2019,Frogs.Pond,236,13,60,flavifrons,worker,1,Chamerion.angustifolium,Onagraceae
2019,Frogs.Pond,236,13,60,flavifrons,worker,1,Ericameria.parryi,Asteraceae
2019,Frogs.Pond,236,13,60,flavifrons,worker,2,Heterotheca.villosa,Asteraceae
2019,Frogs.Pond,236,13,60,insularis,male,3,Symphyotrichum.foliaceum,Asteraceae
2019,Frogs.Pond,236,13,60,insularis,male,7,Ericameria.parryi,Asteraceae
2019,Frogs.Pond,236,13,60,insularis,male,4,Erigeron.speciosus,Asteraceae
2019,Frogs.Pond,236,13,60,insularis,male,9,Heliomeris.multiflora,Asteraceae
2019,Frogs.Pond,236,13,60,insularis,male,1,Senecio.serra.var.admirabilis,Asteraceae
2019,Frogs.Pond,236,13,60,insularis,male,3,Solidago.missouriensis,Asteraceae
2019,Frogs.Pond,236,13,60,insularis,male,1,Solidago.multiradiata,Asteraceae
2019,Frogs.Pond,236,13,60,insularis,queen,1,Ericameria.parryi,Asteraceae
2019,Frogs.Pond,236,13,60,mixtus,male,1,Senecio.serra.var.admirabilis,Asteraceae
2019,Frogs.Pond,236,13,60,mixtus,worker,1,Heliomeris.multiflora,Asteraceae
2019,Frogs.Pond,236,13,60,occidentalis,male,2,Solidago.missouriensis,Asteraceae
2019,Frogs.Pond,236,13,60,occidentalis,worker,1,Solidago.missouriensis,Asteraceae
2019,Frogs.Pond,236,13,60,rufocinctus,male,1,Ericameria.parryi,Asteraceae
2019,Frogs.Pond,236,13,60,rufocinctus,male,1,Erigeron.elatior,Asteraceae
2019,Frogs.Pond,236,13,60,rufocinctus,male,6,Erigeron.speciosus,Asteraceae
2019,Frogs.Pond,236,13,60,rufocinctus,male,14,Heliomeris.multiflora,Asteraceae
2019,Frogs.Pond,236,13,60,rufocinctus,worker,1,Symphyotrichum.foliaceum,Asteraceae
2019,Frogs.Pond,236,13,60,rufocinctus,worker,5,Heliomeris.multiflora,Asteraceae
2019,Frogs.Pond,236,13,60,sylvicola,male,1,Heliomeris.multiflora,Asteraceae
2019,Frogs.Pond,243,14,60,appositus,male,7,Symphyotrichum.foliaceum,Asteraceae
2019,Frogs.Pond,243,14,60,appositus,male,2,Cirsium.parryi,Asteraceae
2019,Frogs.Pond,243,14,60,appositus,male,19,Ericameria.parryi,Asteraceae
2019,Frogs.Pond,243,14,60,appositus,worker,2,Ericameria.parryi,Asteraceae
2019,Frogs.Pond,243,14,60,bifarius,male,5,Ericameria.parryi,Asteraceae
2019,Frogs.Pond,243,14,60,bifarius,male,18,Heliomeris.multiflora,Asteraceae
2019,Frogs.Pond,243,14,60,bifarius,male,2,Solidago.missouriensis,Asteraceae
2019,Frogs.Pond,243,14,60,bifarius,worker,9,Symphyotrichum.foliaceum,Asteraceae
2019,Frogs.Pond,243,14,60,bifarius,worker,3,Ericameria.parryi,Asteraceae
2019,Frogs.Pond,243,14,60,bifarius,worker,48,Heliomeris.multiflora,Asteraceae
2019,Frogs.Pond,243,14,60,bifarius,worker,1,Heterotheca.villosa,Asteraceae
2019,Frogs.Pond,243,14,60,bifarius,worker,1,Solidago.missouriensis,Asteraceae
2019,Frogs.Pond,243,14,60,californicus,worker,2,Symphyotrichum.foliaceum,Asteraceae
2019,Frogs.Pond,243,14,60,californicus,worker,3,Ericameria.parryi,Asteraceae
2019,Frogs.Pond,243,14,60,flavifrons,male,12,Symphyotrichum.foliaceum,Asteraceae
2019,Frogs.Pond,243,14,60,flavifrons,male,3,Cirsium.parryi,Asteraceae
2019,Frogs.Pond,243,14,60,flavifrons,male,12,Ericameria.parryi,Asteraceae
2019,Frogs.Pond,243,14,60,flavifrons,male,2,Erigeron.speciosus,Asteraceae
2019,Frogs.Pond,243,14,60,flavifrons,male,13,Heliomeris.multiflora,Asteraceae
2019,Frogs.Pond,243,14,60,flavifrons,male,1,Heterotheca.villosa,Asteraceae
2019,Frogs.Pond,243,14,60,flavifrons,male,3,Senecio.serra.var.admirabilis,Asteraceae
2019,Frogs.Pond,243,14,60,flavifrons,worker,1,Symphyotrichum.foliaceum,Asteraceae
2019,Frogs.Pond,243,14,60,flavifrons,worker,2,Senecio.serra.var.admirabilis,Asteraceae
2019,Frogs.Pond,243,14,60,insularis,male,1,Symphyotrichum.foliaceum,Asteraceae
2019,Frogs.Pond,243,14,60,insularis,male,15,Ericameria.parryi,Asteraceae
2019,Frogs.Pond,243,14,60,insularis,male,2,Heliomeris.multiflora,Asteraceae
2019,Frogs.Pond,243,14,60,insularis,queen,1,Symphyotrichum.foliaceum,Asteraceae
2019,Frogs.Pond,243,14,60,mixtus,male,2,Heliomeris.multiflora,Asteraceae
2019,Frogs.Pond,243,14,60,occidentalis,male,1,Symphyotrichum.foliaceum,Asteraceae
2019,Frogs.Pond,243,14,60,occidentalis,male,1,Ericameria.parryi,Asteraceae
2019,Frogs.Pond,243,14,60,occidentalis,male,1,Erigeron.speciosus,Asteraceae
2019,Frogs.Pond,243,14,60,occidentalis,worker,2,Ipomopsis.aggregata,Polemoniaceae
2019,Frogs.Pond,243,14,60,rufocinctus,male,1,Symphyotrichum.foliaceum,Asteraceae
2019,Frogs.Pond,243,14,60,rufocinctus,male,10,Ericameria.parryi,Asteraceae
2019,Frogs.Pond,243,14,60,rufocinctus,male,1,Erigeron.speciosus,Asteraceae
2019,Frogs.Pond,243,14,60,rufocinctus,male,19,Heliomeris.multiflora,Asteraceae
2019,Frogs.Pond,243,14,60,rufocinctus,male,1,Solidago.missouriensis,Asteraceae
2019,Frogs.Pond,243,14,60,rufocinctus,queen,1,Symphyotrichum.foliaceum,Asteraceae
2019,Frogs.Pond,243,14,60,rufocinctus,worker,8,Heliomeris.multiflora,Asteraceae
2019,Frogs.Pond,250,15,60,appositus,male,5,Ericameria.parryi,Asteraceae
2019,Frogs.Pond,250,15,60,appositus,male,2,Gentiana.parryi,Gentianaceae
2019,Frogs.Pond,250,15,60,bifarius,male,17,Symphyotrichum.foliaceum,Asteraceae
2019,Frogs.Pond,250,15,60,bifarius,male,26,Ericameria.parryi,Asteraceae
2019,Frogs.Pond,250,15,60,bifarius,male,49,Heliomeris.multiflora,Asteraceae
2019,Frogs.Pond,250,15,60,bifarius,worker,4,Symphyotrichum.foliaceum,Asteraceae
2019,Frogs.Pond,250,15,60,bifarius,worker,4,Ericameria.parryi,Asteraceae
2019,Frogs.Pond,250,15,60,bifarius,worker,2,Heliomeris.multiflora,Asteraceae
2019,Frogs.Pond,250,15,60,flavifrons,male,1,Achillea.millefolium,Asteraceae
2019,Frogs.Pond,250,15,60,flavifrons,male,3,Symphyotrichum.foliaceum,Asteraceae
2019,Frogs.Pond,250,15,60,flavifrons,male,1,Cirsium.parryi,Asteraceae
2019,Frogs.Pond,250,15,60,flavifrons,male,12,Ericameria.parryi,Asteraceae
2019,Frogs.Pond,250,15,60,flavifrons,male,1,Gentiana.parryi,Gentianaceae
2019,Frogs.Pond,250,15,60,flavifrons,male,7,Heliomeris.multiflora,Asteraceae
2019,Frogs.Pond,250,15,60,insularis,male,48,Ericameria.parryi,Asteraceae
2019,Frogs.Pond,250,15,60,insularis,male,2,Heliomeris.multiflora,Asteraceae
2019,Frogs.Pond,250,15,60,insularis,male,1,Senecio.serra.var.admirabilis,Asteraceae
2019,Frogs.Pond,250,15,60,occidentalis,male,1,Gentiana.parryi,Gentianaceae
2019,Frogs.Pond,250,15,60,rufocinctus,male,5,Symphyotrichum.foliaceum,Asteraceae
2019,Frogs.Pond,250,15,60,rufocinctus,male,11,Ericameria.parryi,Asteraceae
2019,Frogs.Pond,250,15,60,rufocinctus,male,4,Heliomeris.multiflora,Asteraceae
2019,Frogs.Pond,250,15,60,rufocinctus,worker,1,Heliomeris.multiflora,Asteraceae
2019,Frogs.Pond,257,16,60,appositus,male,1,Cirsium.parryi,Asteraceae
2019,Frogs.Pond,257,16,60,appositus,male,3,Ericameria.parryi,Asteraceae
2019,Frogs.Pond,257,16,60,appositus,male,2,Gentiana.parryi,Gentianaceae
2019,Frogs.Pond,257,16,60,bifarius,male,8,Symphyotrichum.foliaceum,Asteraceae
2019,Frogs.Pond,257,16,60,bifarius,male,39,Ericameria.parryi,Asteraceae
2019,Frogs.Pond,257,16,60,bifarius,worker,2,Symphyotrichum.foliaceum,Asteraceae
2019,Frogs.Pond,257,16,60,bifarius,worker,5,Ericameria.parryi,Asteraceae
2019,Frogs.Pond,257,16,60,flavifrons,male,1,Ericameria.parryi,Asteraceae
2019,Frogs.Pond,257,16,60,flavifrons,worker,2,Ericameria.parryi,Asteraceae
2019,Frogs.Pond,257,16,60,insularis,male,39,Ericameria.parryi,Asteraceae
2019,Frogs.Pond,257,16,60,rufocinctus,male,1,Ericameria.parryi,Asteraceae
2019,Frogs.Pond,257,16,60,rufocinctus,queen,1,Ericameria.parryi,Asteraceae
2019,Frogs.Pond,265,17,60,appositus,male,1,Ericameria.parryi,Asteraceae
2019,Frogs.Pond,265,17,60,bifarius,male,25,Ericameria.parryi,Asteraceae
2019,Frogs.Pond,265,17,60,bifarius,worker,7,Ericameria.parryi,Asteraceae
2019,Frogs.Pond,265,17,60,flavifrons,worker,2,Ericameria.parryi,Asteraceae
2019,Frogs.Pond,265,17,60,insularis,male,4,Ericameria.parryi,Asteraceae
2019,Frogs.Pond,273,18,60,bifarius,male,11,Ericameria.parryi,Asteraceae
2019,Frogs.Pond,273,18,60,bifarius,queen,1,Ericameria.parryi,Asteraceae
2019,Frogs.Pond,273,18,60,bifarius,worker,2,Ericameria.parryi,Asteraceae
2019,Frogs.Pond,273,18,60,insularis,male,1,Ericameria.parryi,Asteraceae
2019,Gothic.Spires,160,2,60,bifarius,queen,1,Erythronium.grandiflorum,Liliaceae
2019,Gothic.Spires,160,2,60,bifarius,queen,4,Salix.sp,Salicaceae
2019,Gothic.Spires,160,2,60,mixtus,queen,1,Erythronium.grandiflorum,Liliaceae
2019,Gothic.Spires,160,2,60,occidentalis,queen,1,Salix.sp,Salicaceae
2019,Gothic.Spires,166,3,60,bifarius,queen,1,Erythronium.grandiflorum,Liliaceae
2019,Gothic.Spires,172,4,60,bifarius,queen,1,Hydrophyllum.capitatum,Hydrophyllaceae
2019,Gothic.Spires,172,4,60,flavifrons,queen,2,Mertensia.fusiformis,Boraginaceae
2019,Gothic.Spires,186,6,60,bifarius,queen,2,Dodecatheon.pulchellum,Primulaceae
2019,Gothic.Spires,186,6,60,bifarius,queen,1,Taraxacum.officinale,Asteraceae
2019,Gothic.Spires,186,6,60,bifarius,worker,1,Dodecatheon.pulchellum,Primulaceae
2019,Gothic.Spires,186,6,60,insularis,queen,1,Hydrophyllum.fendleri,Hydrophyllaceae
2019,Gothic.Spires,186,6,60,insularis,queen,1,Taraxacum.officinale,Asteraceae
2019,Gothic.Spires,192,7,60,appositus,queen,2,Delphinium.nuttallianum,Ranunculaceae
2019,Gothic.Spires,192,7,60,bifarius,queen,1,Hydrophyllum.fendleri,Hydrophyllaceae
2019,Gothic.Spires,192,7,60,flavifrons,queen,4,Delphinium.nuttallianum,Ranunculaceae
2019,Gothic.Spires,192,7,60,flavifrons,queen,1,Hydrophyllum.fendleri,Hydrophyllaceae
2019,Gothic.Spires,192,7,60,flavifrons,worker,6,Delphinium.nuttallianum,Ranunculaceae
2019,Gothic.Spires,192,7,60,flavifrons,worker,4,Hydrophyllum.fendleri,Hydrophyllaceae
2019,Gothic.Spires,192,7,60,insularis,queen,1,Hydrophyllum.fendleri,Hydrophyllaceae
2019,Gothic.Spires,200,8,60,flavifrons,queen,1,Delphinium.nuttallianum,Ranunculaceae
2019,Gothic.Spires,200,8,60,flavifrons,worker,5,Hydrophyllum.fendleri,Hydrophyllaceae
2019,Gothic.Spires,200,8,60,flavifrons,worker,3,Mertensia.ciliata,Boraginaceae
2019,Gothic.Spires,200,8,60,rufocinctus,queen,1,Dodecatheon.pulchellum,Primulaceae
2019,Gothic.Spires,208,9,60,appositus,worker,1,Aconitum.columbianum,Ranunculaceae
2019,Gothic.Spires,208,9,60,appositus,worker,4,Delphinium.barbeyi,Ranunculaceae
2019,Gothic.Spires,208,9,60,appositus,worker,2,Potentilla.pulcherrima,Rosaceae
2019,Gothic.Spires,208,9,60,balteatus,worker,1,Potentilla.pulcherrima,Rosaceae
2019,Gothic.Spires,208,9,60,bifarius,worker,2,Potentilla.pulcherrima,Rosaceae
2019,Gothic.Spires,208,9,60,flavifrons,worker,4,Aconitum.columbianum,Ranunculaceae
2019,Gothic.Spires,208,9,60,flavifrons,worker,1,Castilleja.sulphurea,Orobanchaceae
2019,Gothic.Spires,208,9,60,flavifrons,worker,6,Delphinium.barbeyi,Ranunculaceae
2019,Gothic.Spires,208,9,60,flavifrons,worker,3,Frasera.speciosa,Gentianaceae
2019,Gothic.Spires,208,9,60,flavifrons,worker,1,Helianthella.quinquenervis,Asteraceae
2019,Gothic.Spires,208,9,60,flavifrons,worker,2,Hydrophyllum.fendleri,Hydrophyllaceae
2019,Gothic.Spires,208,9,60,flavifrons,worker,1,Mertensia.ciliata,Boraginaceae
2019,Gothic.Spires,208,9,60,flavifrons,worker,1,Potentilla.pulcherrima,Rosaceae
2019,Gothic.Spires,208,9,60,flavifrons,worker,2,Vicia.americana,Fabaceae
2019,Gothic.Spires,208,9,60,mixtus,worker,1,Potentilla.pulcherrima,Rosaceae
2019,Gothic.Spires,214,10,60,appositus,male,1,Vicia.americana,Fabaceae
2019,Gothic.Spires,214,10,60,appositus,queen,1,Delphinium.barbeyi,Ranunculaceae
2019,Gothic.Spires,214,10,60,appositus,worker,1,Aconitum.columbianum,Ranunculaceae
2019,Gothic.Spires,214,10,60,appositus,worker,16,Delphinium.barbeyi,Ranunculaceae
2019,Gothic.Spires,214,10,60,balteatus,worker,1,Delphinium.barbeyi,Ranunculaceae
2019,Gothic.Spires,214,10,60,bifarius,male,1,Helianthella.quinquenervis,Asteraceae
2019,Gothic.Spires,214,10,60,bifarius,worker,1,Potentilla.pulcherrima,Rosaceae
2019,Gothic.Spires,214,10,60,bifarius,worker,1,Solidago.multiradiata,Asteraceae
2019,Gothic.Spires,214,10,60,bifarius,worker,1,Trifolium.repens,Fabaceae
2019,Gothic.Spires,214,10,60,flavifrons,male,2,Helianthella.quinquenervis,Asteraceae
2019,Gothic.Spires,214,10,60,flavifrons,male,1,Senecio.bigelovii,Asteraceae
2019,Gothic.Spires,214,10,60,flavifrons,worker,10,Aconitum.columbianum,Ranunculaceae
2019,Gothic.Spires,214,10,60,flavifrons,worker,14,Delphinium.barbeyi,Ranunculaceae
2019,Gothic.Spires,214,10,60,flavifrons,worker,2,Helianthella.quinquenervis,Asteraceae
2019,Gothic.Spires,214,10,60,flavifrons,worker,1,Mertensia.ciliata,Boraginaceae
2019,Gothic.Spires,214,10,60,flavifrons,worker,2,Potentilla.pulcherrima,Rosaceae
2019,Gothic.Spires,214,10,60,flavifrons,worker,1,Solidago.multiradiata,Asteraceae
2019,Gothic.Spires,214,10,60,flavifrons,worker,2,Vicia.americana,Fabaceae
2019,Gothic.Spires,214,10,60,melanopygus,worker,1,Potentilla.pulcherrima,Rosaceae
2019,Gothic.Spires,214,10,60,rufocinctus,male,1,Helianthella.quinquenervis,Asteraceae
2019,Gothic.Spires,221,11,60,appositus,male,1,Delphinium.barbeyi,Ranunculaceae
2019,Gothic.Spires,221,11,60,appositus,male,2,Vicia.americana,Fabaceae
2019,Gothic.Spires,221,11,60,appositus,worker,15,Delphinium.barbeyi,Ranunculaceae
2019,Gothic.Spires,221,11,60,bifarius,male,3,Erigeron.speciosus,Asteraceae
2019,Gothic.Spires,221,11,60,bifarius,male,2,Senecio.serra.var.admirabilis,Asteraceae
2019,Gothic.Spires,221,11,60,bifarius,male,2,Solidago.multiradiata,Asteraceae
2019,Gothic.Spires,221,11,60,bifarius,worker,1,Sedum.lanceolatum,Crassulaceae
2019,Gothic.Spires,221,11,60,bifarius,worker,5,Erigeron.speciosus,Asteraceae
2019,Gothic.Spires,221,11,60,bifarius,worker,1,Potentilla.fruticosa,Rosaceae
2019,Gothic.Spires,221,11,60,bifarius,worker,1,Trifolium.repens,Fabaceae
2019,Gothic.Spires,221,11,60,flavifrons,male,1,Arnica.parryi,Asteraceae
2019,Gothic.Spires,221,11,60,flavifrons,male,1,Symphyotrichum.foliaceum,Asteraceae
2019,Gothic.Spires,221,11,60,flavifrons,male,7,Erigeron.speciosus,Asteraceae
2019,Gothic.Spires,221,11,60,flavifrons,male,2,Helianthella.quinquenervis,Asteraceae
2019,Gothic.Spires,221,11,60,flavifrons,male,5,Senecio.bigelovii,Asteraceae
2019,Gothic.Spires,221,11,60,flavifrons,male,2,Oreochrysum.parryi,Asteraceae
2019,Gothic.Spires,221,11,60,flavifrons,male,3,Senecio.serra.var.admirabilis,Asteraceae
2019,Gothic.Spires,221,11,60,flavifrons,male,7,Solidago.multiradiata,Asteraceae
2019,Gothic.Spires,221,11,60,flavifrons,male,2,Vicia.americana,Fabaceae
2019,Gothic.Spires,221,11,60,flavifrons,queen,2,Delphinium.barbeyi,Ranunculaceae
2019,Gothic.Spires,221,11,60,flavifrons,worker,11,Aconitum.columbianum,Ranunculaceae
2019,Gothic.Spires,221,11,60,flavifrons,worker,2,Symphyotrichum.foliaceum,Asteraceae
2019,Gothic.Spires,221,11,60,flavifrons,worker,18,Delphinium.barbeyi,Ranunculaceae
2019,Gothic.Spires,221,11,60,flavifrons,worker,1,Helianthella.quinquenervis,Asteraceae
2019,Gothic.Spires,221,11,60,flavifrons,worker,2,Potentilla.pulcherrima,Rosaceae
2019,Gothic.Spires,221,11,60,flavifrons,worker,1,Solidago.multiradiata,Asteraceae
2019,Gothic.Spires,221,11,60,flavifrons,worker,1,Vicia.americana,Fabaceae
2019,Gothic.Spires,221,11,60,insularis,male,1,Erigeron.speciosus,Asteraceae
2019,Gothic.Spires,221,11,60,mixtus,male,1,Solidago.multiradiata,Asteraceae
2019,Gothic.Spires,221,11,60,occidentalis,male,1,Solidago.multiradiata,Asteraceae
2019,Gothic.Spires,221,11,60,occidentalis,worker,1,Delphinium.barbeyi,Ranunculaceae
2019,Gothic.Spires,228,12,60,appositus,male,3,Delphinium.barbeyi,Ranunculaceae
2019,Gothic.Spires,228,12,60,appositus,worker,1,Symphyotrichum.foliaceum,Asteraceae
2019,Gothic.Spires,228,12,60,appositus,worker,6,Delphinium.barbeyi,Ranunculaceae
2019,Gothic.Spires,228,12,60,bifarius,male,1,Symphyotrichum.foliaceum,Asteraceae
2019,Gothic.Spires,228,12,60,bifarius,male,2,Erigeron.speciosus,Asteraceae
2019,Gothic.Spires,228,12,60,bifarius,male,3,Heliomeris.multiflora,Asteraceae
2019,Gothic.Spires,228,12,60,bifarius,male,1,Potentilla.fruticosa,Rosaceae
2019,Gothic.Spires,228,12,60,bifarius,worker,3,Symphyotrichum.foliaceum,Asteraceae
2019,Gothic.Spires,228,12,60,bifarius,worker,4,Heliomeris.multiflora,Asteraceae
2019,Gothic.Spires,228,12,60,bifarius,worker,4,Potentilla.fruticosa,Rosaceae
2019,Gothic.Spires,228,12,60,bifarius,worker,1,Senecio.serra.var.admirabilis,Asteraceae
2019,Gothic.Spires,228,12,60,flavifrons,male,1,Aconitum.columbianum,Ranunculaceae
2019,Gothic.Spires,228,12,60,flavifrons,male,1,Symphyotrichum.foliaceum,Asteraceae
2019,Gothic.Spires,228,12,60,flavifrons,male,1,Helianthella.quinquenervis,Asteraceae
2019,Gothic.Spires,228,12,60,flavifrons,male,1,Heliomeris.multiflora,Asteraceae
2019,Gothic.Spires,228,12,60,flavifrons,male,1,Senecio.bigelovii,Asteraceae
2019,Gothic.Spires,228,12,60,flavifrons,male,2,Senecio.serra.var.admirabilis,Asteraceae
2019,Gothic.Spires,228,12,60,flavifrons,worker,5,Aconitum.columbianum,Ranunculaceae
2019,Gothic.Spires,228,12,60,flavifrons,worker,3,Symphyotrichum.foliaceum,Asteraceae
2019,Gothic.Spires,228,12,60,flavifrons,worker,14,Delphinium.barbeyi,Ranunculaceae
2019,Gothic.Spires,228,12,60,flavifrons,worker,1,Erigeron.speciosus,Asteraceae
2019,Gothic.Spires,228,12,60,flavifrons,worker,4,Senecio.serra.var.admirabilis,Asteraceae
2019,Gothic.Spires,228,12,60,mixtus,worker,1,Heliomeris.multiflora,Asteraceae
2019,Gothic.Spires,228,12,60,occidentalis,male,1,Erigeron.speciosus,Asteraceae
2019,Gothic.Spires,228,12,60,rufocinctus,male,1,Erigeron.speciosus,Asteraceae
2019,Gothic.Spires,228,12,60,rufocinctus,male,1,Heliomeris.multiflora,Asteraceae
2019,Gothic.Spires,228,12,60,sylvicola,male,1,Heliomeris.multiflora,Asteraceae
2019,Gothic.Spires,235,13,60,appositus,male,36,Symphyotrichum.foliaceum,Asteraceae
2019,Gothic.Spires,235,13,60,appositus,male,4,Delphinium.barbeyi,Ranunculaceae
2019,Gothic.Spires,235,13,60,appositus,worker,2,Delphinium.barbeyi,Ranunculaceae
2019,Gothic.Spires,235,13,60,bifarius,male,8,Symphyotrichum.foliaceum,Asteraceae
2019,Gothic.Spires,235,13,60,bifarius,male,4,Heliomeris.multiflora,Asteraceae
2019,Gothic.Spires,235,13,60,bifarius,worker,1,Symphyotrichum.foliaceum,Asteraceae
2019,Gothic.Spires,235,13,60,bifarius,worker,2,Erigeron.speciosus,Asteraceae
2019,Gothic.Spires,235,13,60,bifarius,worker,4,Potentilla.fruticosa,Rosaceae
2019,Gothic.Spires,235,13,60,bifarius,worker,3,Trifolium.repens,Fabaceae
2019,Gothic.Spires,235,13,60,flavifrons,male,1,Arnica.cordifolia,Asteraceae
2019,Gothic.Spires,235,13,60,flavifrons,male,48,Symphyotrichum.foliaceum,Asteraceae
2019,Gothic.Spires,235,13,60,flavifrons,male,1,Eremogone.congesta,Caryophyllaceae
2019,Gothic.Spires,235,13,60,flavifrons,male,2,Erigeron.speciosus,Asteraceae
2019,Gothic.Spires,235,13,60,flavifrons,male,1,Helianthella.quinquenervis,Asteraceae
2019,Gothic.Spires,235,13,60,flavifrons,male,23,Heliomeris.multiflora,Asteraceae
2019,Gothic.Spires,235,13,60,flavifrons,male,2,Oreochrysum.parryi,Asteraceae
2019,Gothic.Spires,235,13,60,flavifrons,male,21,Senecio.serra.var.admirabilis,Asteraceae
2019,Gothic.Spires,235,13,60,flavifrons,male,2,Solidago.multiradiata,Asteraceae
2019,Gothic.Spires,235,13,60,flavifrons,worker,16,Symphyotrichum.foliaceum,Asteraceae
2019,Gothic.Spires,235,13,60,flavifrons,worker,6,Delphinium.barbeyi,Ranunculaceae
2019,Gothic.Spires,235,13,60,flavifrons,worker,1,Senecio.serra.var.admirabilis,Asteraceae
2019,Gothic.Spires,235,13,60,insularis,male,9,Symphyotrichum.foliaceum,Asteraceae
2019,Gothic.Spires,235,13,60,insularis,male,1,Erigeron.speciosus,Asteraceae
2019,Gothic.Spires,235,13,60,insularis,male,10,Senecio.serra.var.admirabilis,Asteraceae
2019,Gothic.Spires,235,13,60,melanopygus,worker,1,Symphyotrichum.foliaceum,Asteraceae
2019,Gothic.Spires,235,13,60,mixtus,male,2,Symphyotrichum.foliaceum,Asteraceae
2019,Gothic.Spires,235,13,60,mixtus,male,1,Erigeron.speciosus,Asteraceae
2019,Gothic.Spires,235,13,60,nevadensis,worker,1,Delphinium.barbeyi,Ranunculaceae
2019,Gothic.Spires,235,13,60,occidentalis,male,1,Symphyotrichum.foliaceum,Asteraceae
2019,Gothic.Spires,235,13,60,occidentalis,male,1,Heliomeris.multiflora,Asteraceae
2019,Gothic.Spires,235,13,60,rufocinctus,male,2,Symphyotrichum.foliaceum,Asteraceae
2019,Gothic.Spires,235,13,60,sylvicola,worker,1,Trifolium.repens,Fabaceae
2019,Gothic.Spires,243,14,60,appositus,male,1,Symphyotrichum.foliaceum,Asteraceae
2019,Gothic.Spires,243,14,60,appositus,male,1,Cirsium.parryi,Asteraceae
2019,Gothic.Spires,243,14,60,appositus,male,1,Senecio.serra.var.admirabilis,Asteraceae
2019,Gothic.Spires,243,14,60,appositus,queen,1,Symphyotrichum.foliaceum,Asteraceae
2019,Gothic.Spires,243,14,60,bifarius,male,13,Symphyotrichum.foliaceum,Asteraceae
2019,Gothic.Spires,243,14,60,bifarius,male,1,Erigeron.speciosus,Asteraceae
2019,Gothic.Spires,243,14,60,bifarius,male,4,Heliomeris.multiflora,Asteraceae
2019,Gothic.Spires,243,14,60,bifarius,male,2,Senecio.serra.var.admirabilis,Asteraceae
2019,Gothic.Spires,243,14,60,flavifrons,male,38,Symphyotrichum.foliaceum,Asteraceae
2019,Gothic.Spires,243,14,60,flavifrons,male,1,Eremogone.congesta,Caryophyllaceae
2019,Gothic.Spires,243,14,60,flavifrons,male,1,Erigeron.speciosus,Asteraceae
2019,Gothic.Spires,243,14,60,flavifrons,male,10,Heliomeris.multiflora,Asteraceae
2019,Gothic.Spires,243,14,60,flavifrons,male,16,Senecio.serra.var.admirabilis,Asteraceae
2019,Gothic.Spires,243,14,60,flavifrons,worker,1,Symphyotrichum.foliaceum,Asteraceae
2019,Gothic.Spires,243,14,60,insularis,male,32,Symphyotrichum.foliaceum,Asteraceae
2019,Gothic.Spires,243,14,60,insularis,male,2,Erigeron.speciosus,Asteraceae
2019,Gothic.Spires,243,14,60,insularis,male,32,Senecio.serra.var.admirabilis,Asteraceae
2019,Gothic.Spires,243,14,60,mixtus,male,1,Symphyotrichum.foliaceum,Asteraceae
2019,Gothic.Spires,243,14,60,mixtus,male,1,Senecio.serra.var.admirabilis,Asteraceae
2019,Gothic.Spires,249,15,60,bifarius,male,12,Symphyotrichum.foliaceum,Asteraceae
2019,Gothic.Spires,249,15,60,bifarius,male,3,Heliomeris.multiflora,Asteraceae
2019,Gothic.Spires,249,15,60,bifarius,queen,1,Symphyotrichum.foliaceum,Asteraceae
2019,Gothic.Spires,249,15,60,bifarius,worker,1,Symphyotrichum.foliaceum,Asteraceae
2019,Gothic.Spires,249,15,60,flavifrons,male,111,Symphyotrichum.foliaceum,Asteraceae
2019,Gothic.Spires,249,15,60,flavifrons,male,5,Heliomeris.multiflora,Asteraceae
2019,Gothic.Spires,249,15,60,flavifrons,male,4,Senecio.serra.var.admirabilis,Asteraceae
2019,Gothic.Spires,249,15,60,insularis,male,89,Symphyotrichum.foliaceum,Asteraceae
2019,Gothic.Spires,249,15,60,insularis,male,5,Senecio.serra.var.admirabilis,Asteraceae
2019,Gothic.Spires,249,15,60,mixtus,male,3,Symphyotrichum.foliaceum,Asteraceae
2019,Gothic.Spires,249,15,60,occidentalis,male,2,Symphyotrichum.foliaceum,Asteraceae
2019,Gothic.Spires,249,15,60,rufocinctus,male,1,Symphyotrichum.foliaceum,Asteraceae
2019,Gothic.Spires,249,15,60,sylvicola,male,1,Symphyotrichum.foliaceum,Asteraceae
2019,Gothic.Spires,255,16,60,appositus,male,1,Trifolium.pratense,Fabaceae
2019,Gothic.Spires,255,16,60,bifarius,male,5,Symphyotrichum.foliaceum,Asteraceae
2019,Gothic.Spires,255,16,60,flavifrons,male,2,Symphyotrichum.foliaceum,Asteraceae
2019,Gothic.Spires,255,16,60,insularis,male,30,Symphyotrichum.foliaceum,Asteraceae
2019,Rosy.Hills,159,2,60,californicus,queen,1,Mertensia.fusiformis,Boraginaceae
2019,Rosy.Hills,172,4,60,flavifrons,queen,1,Hydrophyllum.fendleri,Hydrophyllaceae
2019,Rosy.Hills,172,4,60,flavifrons,queen,3,Mertensia.fusiformis,Boraginaceae
2019,Rosy.Hills,179,5,60,appositus,queen,2,Delphinium.nuttallianum,Ranunculaceae
2019,Rosy.Hills,179,5,60,flavifrons,queen,2,Hydrophyllum.fendleri,Hydrophyllaceae
2019,Rosy.Hills,186,6,60,rufocinctus,queen,1,Lupinus.sericeus.var.sericeus,Fabaceae
2019,Rosy.Hills,186,6,60,rufocinctus,worker,1,Lupinus.sericeus.var.sericeus,Fabaceae
2019,Rosy.Hills,192,7,60,bifarius,worker,2,Frasera.speciosa,Gentianaceae
2019,Rosy.Hills,192,7,60,flavifrons,worker,1,Frasera.speciosa,Gentianaceae
2019,Rosy.Hills,192,7,60,nevadensis,queen,1,Lathyrus.lanszwertii.var.leucanthus,Fabaceae
2019,Rosy.Hills,192,7,60,rufocinctus,worker,1,Wyethia.arizonica,Asteraceae
2019,Rosy.Hills,200,8,60,appositus,worker,1,Vicia.americana,Fabaceae
2019,Rosy.Hills,200,8,60,bifarius,queen,1,Frasera.speciosa,Gentianaceae
2019,Rosy.Hills,200,8,60,bifarius,worker,1,Frasera.speciosa,Gentianaceae
2019,Rosy.Hills,200,8,60,bifarius,worker,1,Helianthella.quinquenervis,Asteraceae
2019,Rosy.Hills,200,8,60,flavifrons,worker,2,Aconitum.columbianum,Ranunculaceae
2019,Rosy.Hills,200,8,60,flavifrons,worker,4,Frasera.speciosa,Gentianaceae
2019,Rosy.Hills,200,8,60,nevadensis,queen,1,Frasera.speciosa,Gentianaceae
2019,Rosy.Hills,200,8,60,occidentalis,worker,1,Frasera.speciosa,Gentianaceae
2019,Rosy.Hills,200,8,60,rufocinctus,queen,1,Frasera.speciosa,Gentianaceae
2019,Rosy.Hills,200,8,60,rufocinctus,worker,2,Frasera.speciosa,Gentianaceae
2019,Rosy.Hills,206,9,60,appositus,male,1,Delphinium.barbeyi,Ranunculaceae
2019,Rosy.Hills,206,9,60,appositus,worker,3,Delphinium.barbeyi,Ranunculaceae
2019,Rosy.Hills,206,9,60,bifarius,worker,3,Frasera.speciosa,Gentianaceae
2019,Rosy.Hills,206,9,60,bifarius,worker,4,Helianthella.quinquenervis,Asteraceae
2019,Rosy.Hills,206,9,60,californicus,worker,2,Vicia.americana,Fabaceae
2019,Rosy.Hills,206,9,60,flavifrons,male,1,Agastache.urticifolia,Lamiaceae
2019,Rosy.Hills,206,9,60,flavifrons,queen,1,Frasera.speciosa,Gentianaceae
2019,Rosy.Hills,206,9,60,flavifrons,worker,3,Aconitum.columbianum,Ranunculaceae
2019,Rosy.Hills,206,9,60,flavifrons,worker,1,Agastache.urticifolia,Lamiaceae
2019,Rosy.Hills,206,9,60,flavifrons,worker,4,Delphinium.barbeyi,Ranunculaceae
2019,Rosy.Hills,206,9,60,flavifrons,worker,4,Frasera.speciosa,Gentianaceae
2019,Rosy.Hills,206,9,60,flavifrons,worker,1,Vicia.americana,Fabaceae
2019,Rosy.Hills,206,9,60,nevadensis,worker,1,Agastache.urticifolia,Lamiaceae
2019,Rosy.Hills,206,9,60,sylvicola,worker,1,Potentilla.fruticosa,Rosaceae
2019,Rosy.Hills,214,10,60,appositus,worker,2,Agastache.urticifolia,Lamiaceae
2019,Rosy.Hills,214,10,60,appositus,worker,3,Delphinium.barbeyi,Ranunculaceae
2019,Rosy.Hills,214,10,60,bifarius,male,1,Erigeron.speciosus,Asteraceae
2019,Rosy.Hills,214,10,60,bifarius,male,1,Helianthella.quinquenervis,Asteraceae
2019,Rosy.Hills,214,10,60,bifarius,worker,1,Agastache.urticifolia,Lamiaceae
2019,Rosy.Hills,214,10,60,bifarius,worker,1,Erigeron.elatior,Asteraceae
2019,Rosy.Hills,214,10,60,bifarius,worker,2,Erigeron.speciosus,Asteraceae
2019,Rosy.Hills,214,10,60,bifarius,worker,2,Helianthella.quinquenervis,Asteraceae
2019,Rosy.Hills,214,10,60,californicus,queen,1,Delphinium.barbeyi,Ranunculaceae
2019,Rosy.Hills,214,10,60,californicus,worker,3,Delphinium.barbeyi,Ranunculaceae
2019,Rosy.Hills,214,10,60,flavifrons,male,1,Agastache.urticifolia,Lamiaceae
2019,Rosy.Hills,214,10,60,flavifrons,worker,1,Aconitum.columbianum,Ranunculaceae
2019,Rosy.Hills,214,10,60,flavifrons,worker,6,Agastache.urticifolia,Lamiaceae
2019,Rosy.Hills,214,10,60,flavifrons,worker,8,Delphinium.barbeyi,Ranunculaceae
2019,Rosy.Hills,214,10,60,flavifrons,worker,1,Helianthella.quinquenervis,Asteraceae
2019,Rosy.Hills,214,10,60,flavifrons,worker,1,Potentilla.pulcherrima,Rosaceae
2019,Rosy.Hills,214,10,60,nevadensis,queen,1,Delphinium.barbeyi,Ranunculaceae
2019,Rosy.Hills,214,10,60,rufocinctus,worker,7,Erigeron.speciosus,Asteraceae
2019,Rosy.Hills,214,10,60,rufocinctus,worker,1,Helianthella.quinquenervis,Asteraceae
2019,Rosy.Hills,221,11,60,appositus,male,1,Agastache.urticifolia,Lamiaceae
2019,Rosy.Hills,221,11,60,appositus,worker,4,Agastache.urticifolia,Lamiaceae
2019,Rosy.Hills,221,11,60,appositus,worker,2,Cirsium.parryi,Asteraceae
2019,Rosy.Hills,221,11,60,appositus,worker,5,Delphinium.barbeyi,Ranunculaceae
2019,Rosy.Hills,221,11,60,bifarius,male,1,Pyrrocoma.crocea,Asteraceae
2019,Rosy.Hills,221,11,60,bifarius,worker,3,Agastache.urticifolia,Lamiaceae
2019,Rosy.Hills,221,11,60,bifarius,worker,4,Erigeron.speciosus,Asteraceae
2019,Rosy.Hills,221,11,60,californicus,worker,3,Delphinium.barbeyi,Ranunculaceae
2019,Rosy.Hills,221,11,60,flavifrons,male,1,Erigeron.elatior,Asteraceae
2019,Rosy.Hills,221,11,60,flavifrons,male,1,Helianthella.quinquenervis,Asteraceae
2019,Rosy.Hills,221,11,60,flavifrons,queen,1,Agastache.urticifolia,Lamiaceae
2019,Rosy.Hills,221,11,60,flavifrons,worker,1,Aconitum.columbianum,Ranunculaceae
2019,Rosy.Hills,221,11,60,flavifrons,worker,6,Agastache.urticifolia,Lamiaceae
2019,Rosy.Hills,221,11,60,flavifrons,worker,1,Delphinium.barbeyi,Ranunculaceae
2019,Rosy.Hills,221,11,60,rufocinctus,queen,1,Agastache.urticifolia,Lamiaceae
2019,Rosy.Hills,221,11,60,rufocinctus,worker,1,Campanula.rotundifolia,Campanulaceae
2019,Rosy.Hills,221,11,60,rufocinctus,worker,1,Heliomeris.multiflora,Asteraceae
2019,Rosy.Hills,221,11,60,rufocinctus,worker,1,Pyrrocoma.crocea,Asteraceae
2019,Rosy.Hills,228,12,60,appositus,male,4,Agastache.urticifolia,Lamiaceae
2019,Rosy.Hills,228,12,60,appositus,worker,1,Agastache.urticifolia,Lamiaceae
2019,Rosy.Hills,228,12,60,appositus,worker,1,Delphinium.barbeyi,Ranunculaceae
2019,Rosy.Hills,228,12,60,bifarius,male,2,Hymenoxys.hoopesii,Asteraceae
2019,Rosy.Hills,228,12,60,bifarius,male,1,Ericameria.parryi,Asteraceae
2019,Rosy.Hills,228,12,60,bifarius,male,1,Erigeron.elatior,Asteraceae
2019,Rosy.Hills,228,12,60,bifarius,male,4,Erigeron.speciosus,Asteraceae
2019,Rosy.Hills,228,12,60,bifarius,male,3,Heliomeris.multiflora,Asteraceae
2019,Rosy.Hills,228,12,60,bifarius,male,1,Senecio.bigelovii,Asteraceae
2019,Rosy.Hills,228,12,60,bifarius,male,2,Senecio.serra.var.admirabilis,Asteraceae
2019,Rosy.Hills,228,12,60,bifarius,worker,15,Erigeron.speciosus,Asteraceae
2019,Rosy.Hills,228,12,60,bifarius,worker,2,Heliomeris.multiflora,Asteraceae
2019,Rosy.Hills,228,12,60,bifarius,worker,1,Pyrrocoma.crocea,Asteraceae
2019,Rosy.Hills,228,12,60,californicus,worker,1,Agastache.urticifolia,Lamiaceae
2019,Rosy.Hills,228,12,60,flavifrons,male,12,Agastache.urticifolia,Lamiaceae
2019,Rosy.Hills,228,12,60,flavifrons,male,1,Ericameria.parryi,Asteraceae
2019,Rosy.Hills,228,12,60,flavifrons,male,2,Erigeron.speciosus,Asteraceae
2019,Rosy.Hills,228,12,60,flavifrons,male,2,Helianthella.quinquenervis,Asteraceae
2019,Rosy.Hills,228,12,60,flavifrons,male,2,Senecio.serra.var.admirabilis,Asteraceae
2019,Rosy.Hills,228,12,60,flavifrons,worker,5,Agastache.urticifolia,Lamiaceae
2019,Rosy.Hills,228,12,60,insularis,male,1,Erigeron.speciosus,Asteraceae
2019,Rosy.Hills,228,12,60,insularis,male,1,Eucephalus.engelmannii,Asteraceae
2019,Rosy.Hills,228,12,60,insularis,male,1,Heterotheca.villosa,Asteraceae
2019,Rosy.Hills,228,12,60,nevadensis,worker,1,Agastache.urticifolia,Lamiaceae
2019,Rosy.Hills,228,12,60,rufocinctus,male,1,Agastache.urticifolia,Lamiaceae
2019,Rosy.Hills,228,12,60,rufocinctus,male,12,Erigeron.speciosus,Asteraceae
2019,Rosy.Hills,228,12,60,rufocinctus,male,1,Heliomeris.multiflora,Asteraceae
2019,Rosy.Hills,228,12,60,rufocinctus,worker,4,Erigeron.speciosus,Asteraceae
2019,Rosy.Hills,236,13,60,appositus,male,1,Agastache.urticifolia,Lamiaceae
2019,Rosy.Hills,236,13,60,appositus,male,2,Cirsium.parryi,Asteraceae
2019,Rosy.Hills,236,13,60,appositus,male,1,Delphinium.barbeyi,Ranunculaceae
2019,Rosy.Hills,236,13,60,appositus,male,2,Ericameria.parryi,Asteraceae
2019,Rosy.Hills,236,13,60,appositus,worker,1,Ericameria.parryi,Asteraceae
2019,Rosy.Hills,236,13,60,bifarius,male,5,Ericameria.parryi,Asteraceae
2019,Rosy.Hills,236,13,60,bifarius,male,2,Erigeron.speciosus,Asteraceae
2019,Rosy.Hills,236,13,60,bifarius,male,2,Heliomeris.multiflora,Asteraceae
2019,Rosy.Hills,236,13,60,bifarius,male,2,Heterotheca.villosa,Asteraceae
2019,Rosy.Hills,236,13,60,bifarius,worker,1,Erigeron.speciosus,Asteraceae
2019,Rosy.Hills,236,13,60,bifarius,worker,1,Heliomeris.multiflora,Asteraceae
2019,Rosy.Hills,236,13,60,flavifrons,male,3,Agastache.urticifolia,Lamiaceae
2019,Rosy.Hills,236,13,60,flavifrons,male,6,Ericameria.parryi,Asteraceae
2019,Rosy.Hills,236,13,60,flavifrons,male,2,Heliomeris.multiflora,Asteraceae
2019,Rosy.Hills,236,13,60,flavifrons,male,1,Senecio.serra.var.admirabilis,Asteraceae
2019,Rosy.Hills,236,13,60,insularis,male,6,Ericameria.parryi,Asteraceae
2019,Rosy.Hills,236,13,60,insularis,male,1,Erigeron.elatior,Asteraceae
2019,Rosy.Hills,236,13,60,insularis,male,2,Heliomeris.multiflora,Asteraceae
2019,Rosy.Hills,236,13,60,insularis,male,1,Senecio.serra.var.admirabilis,Asteraceae
2019,Rosy.Hills,236,13,60,rufocinctus,worker,1,Erigeron.speciosus,Asteraceae
2019,Rosy.Hills,243,14,60,appositus,male,1,Delphinium.barbeyi,Ranunculaceae
2019,Rosy.Hills,243,14,60,appositus,male,21,Ericameria.parryi,Asteraceae
2019,Rosy.Hills,243,14,60,bifarius,male,8,Ericameria.parryi,Asteraceae
2019,Rosy.Hills,243,14,60,bifarius,male,4,Heliomeris.multiflora,Asteraceae
2019,Rosy.Hills,243,14,60,bifarius,worker,2,Ericameria.parryi,Asteraceae
2019,Rosy.Hills,243,14,60,bifarius,worker,2,Heliomeris.multiflora,Asteraceae
2019,Rosy.Hills,243,14,60,flavifrons,male,5,Ericameria.parryi,Asteraceae
2019,Rosy.Hills,243,14,60,flavifrons,male,1,Heliomeris.multiflora,Asteraceae
2019,Rosy.Hills,243,14,60,flavifrons,worker,1,Ericameria.parryi,Asteraceae
2019,Rosy.Hills,243,14,60,insularis,male,16,Ericameria.parryi,Asteraceae
2019,Rosy.Hills,243,14,60,insularis,male,1,Erigeron.speciosus,Asteraceae
2019,Rosy.Hills,243,14,60,insularis,male,2,Heliomeris.multiflora,Asteraceae
2019,Rosy.Hills,243,14,60,rufocinctus,male,2,Heliomeris.multiflora,Asteraceae
2019,Rosy.Hills,243,14,60,rufocinctus,worker,1,Ericameria.parryi,Asteraceae
2019,Rosy.Hills,243,14,60,rufocinctus,worker,1,Heliomeris.multiflora,Asteraceae
2019,Rosy.Hills,250,15,60,appositus,male,5,Ericameria.parryi,Asteraceae
2019,Rosy.Hills,250,15,60,bifarius,male,18,Ericameria.parryi,Asteraceae
2019,Rosy.Hills,250,15,60,flavifrons,male,12,Ericameria.parryi,Asteraceae
2019,Rosy.Hills,250,15,60,insularis,male,69,Ericameria.parryi,Asteraceae
2019,Rosy.Hills,250,15,60,rufocinctus,male,2,Ericameria.parryi,Asteraceae
2019,Rosy.Hills,257,16,60,bifarius,male,1,Ericameria.parryi,Asteraceae
2019,Rosy.Hills,257,16,60,bifarius,worker,1,Ericameria.parryi,Asteraceae
2019,Rosy.Hills,257,16,60,insularis,male,10,Ericameria.parryi,Asteraceae
2019,Rosy.Hills,257,16,60,rufocinctus,male,1,Ericameria.parryi,Asteraceae
2019,Stormy.Pass,175,4,60,appositus,worker,1,Mertensia.fusiformis,Boraginaceae
2019,Stormy.Pass,175,4,60,occidentalis,queen,1,Delphinium.nuttallianum,Ranunculaceae
2019,Stormy.Pass,180,5,60,appositus,queen,1,Delphinium.nuttallianum,Ranunculaceae
2019,Stormy.Pass,180,5,60,flavifrons,queen,2,Delphinium.nuttallianum,Ranunculaceae
2019,Stormy.Pass,180,5,60,flavifrons,queen,2,Hydrophyllum.fendleri,Hydrophyllaceae
2019,Stormy.Pass,180,5,60,flavifrons,queen,1,Mertensia.fusiformis,Boraginaceae
2019,Stormy.Pass,180,5,60,frigidus,queen,1,Mertensia.fusiformis,Boraginaceae
2019,Stormy.Pass,187,6,60,appositus,queen,1,Delphinium.nuttallianum,Ranunculaceae
2019,Stormy.Pass,187,6,60,flavifrons,queen,3,Delphinium.nuttallianum,Ranunculaceae
2019,Stormy.Pass,187,6,60,flavifrons,queen,4,Hydrophyllum.fendleri,Hydrophyllaceae
2019,Stormy.Pass,192,7,60,bifarius,worker,1,Hydrophyllum.fendleri,Hydrophyllaceae
2019,Stormy.Pass,192,7,60,flavifrons,queen,2,Delphinium.nuttallianum,Ranunculaceae
2019,Stormy.Pass,192,7,60,flavifrons,queen,1,Hydrophyllum.fendleri,Hydrophyllaceae
2019,Stormy.Pass,200,8,60,appositus,worker,1,Mertensia.ciliata,Boraginaceae
2019,Stormy.Pass,200,8,60,bifarius,queen,1,Mertensia.ciliata,Boraginaceae
2019,Stormy.Pass,200,8,60,bifarius,worker,3,Hydrophyllum.fendleri,Hydrophyllaceae
2019,Stormy.Pass,200,8,60,flavifrons,queen,1,Lathyrus.lanszwertii.var.leucanthus,Fabaceae
2019,Stormy.Pass,200,8,60,flavifrons,queen,1,Mertensia.ciliata,Boraginaceae
2019,Stormy.Pass,200,8,60,flavifrons,worker,1,Frasera.speciosa,Gentianaceae
2019,Stormy.Pass,200,8,60,flavifrons,worker,1,Hydrophyllum.fendleri,Hydrophyllaceae
2019,Stormy.Pass,200,8,60,flavifrons,worker,1,Mertensia.ciliata,Boraginaceae
2019,Stormy.Pass,200,8,60,flavifrons,worker,1,Vicia.americana,Fabaceae
2019,Stormy.Pass,200,8,60,insularis,queen,1,Vicia.americana,Fabaceae
2019,Stormy.Pass,200,8,60,mixtus,worker,1,Hydrophyllum.fendleri,Hydrophyllaceae
2019,Stormy.Pass,200,8,60,mixtus,worker,2,Mertensia.ciliata,Boraginaceae
2019,Stormy.Pass,200,8,60,rufocinctus,queen,1,Hydrophyllum.fendleri,Hydrophyllaceae
2019,Stormy.Pass,207,9,60,appositus,worker,2,Delphinium.barbeyi,Ranunculaceae
2019,Stormy.Pass,207,9,60,appositus,worker,1,Lathyrus.lanszwertii.var.leucanthus,Fabaceae
2019,Stormy.Pass,207,9,60,bifarius,worker,1,Helianthella.quinquenervis,Asteraceae
2019,Stormy.Pass,207,9,60,bifarius,worker,2,Mertensia.ciliata,Boraginaceae
2019,Stormy.Pass,207,9,60,bifarius,worker,1,Pedicularis.racemosa,Orobanchaceae
2019,Stormy.Pass,207,9,60,bifarius,worker,1,Potentilla.pulcherrima,Rosaceae
2019,Stormy.Pass,207,9,60,flavifrons,worker,2,Delphinium.barbeyi,Ranunculaceae
2019,Stormy.Pass,207,9,60,flavifrons,worker,3,Frasera.speciosa,Gentianaceae
2019,Stormy.Pass,207,9,60,flavifrons,worker,1,Hydrophyllum.fendleri,Hydrophyllaceae
2019,Stormy.Pass,207,9,60,flavifrons,worker,14,Mertensia.ciliata,Boraginaceae
2019,Stormy.Pass,207,9,60,flavifrons,worker,1,Pedicularis.racemosa,Orobanchaceae
2019,Stormy.Pass,207,9,60,flavifrons,worker,2,Potentilla.pulcherrima,Rosaceae
2019,Stormy.Pass,207,9,60,flavifrons,worker,3,Vicia.americana,Fabaceae
2019,Stormy.Pass,207,9,60,mixtus,worker,1,Mertensia.ciliata,Boraginaceae
2019,Stormy.Pass,207,9,60,mixtus,worker,1,Pedicularis.racemosa,Orobanchaceae
2019,Stormy.Pass,207,9,60,sylvicola,worker,1,Hydrophyllum.fendleri,Hydrophyllaceae
2019,Stormy.Pass,207,9,60,sylvicola,worker,1,Mertensia.ciliata,Boraginaceae
2019,Stormy.Pass,214,10,60,appositus,worker,10,Delphinium.barbeyi,Ranunculaceae
2019,Stormy.Pass,214,10,60,balteatus,worker,1,Mertensia.ciliata,Boraginaceae
2019,Stormy.Pass,214,10,60,bifarius,queen,1,Vicia.americana,Fabaceae
2019,Stormy.Pass,214,10,60,bifarius,worker,2,Erigeron.speciosus,Asteraceae
2019,Stormy.Pass,214,10,60,bifarius,worker,2,Helianthella.quinquenervis,Asteraceae
2019,Stormy.Pass,214,10,60,bifarius,worker,1,Mertensia.ciliata,Boraginaceae
2019,Stormy.Pass,214,10,60,bifarius,worker,3,Pedicularis.racemosa,Orobanchaceae
2019,Stormy.Pass,214,10,60,bifarius,worker,3,Potentilla.pulcherrima,Rosaceae
2019,Stormy.Pass,214,10,60,californicus,worker,1,Delphinium.barbeyi,Ranunculaceae
2019,Stormy.Pass,214,10,60,flavifrons,queen,1,Vicia.americana,Fabaceae
2019,Stormy.Pass,214,10,60,flavifrons,worker,10,Delphinium.barbeyi,Ranunculaceae
2019,Stormy.Pass,214,10,60,flavifrons,worker,1,Erigeron.elatior,Asteraceae
2019,Stormy.Pass,214,10,60,flavifrons,worker,13,Mertensia.ciliata,Boraginaceae
2019,Stormy.Pass,214,10,60,flavifrons,worker,2,Pedicularis.racemosa,Orobanchaceae
2019,Stormy.Pass,214,10,60,flavifrons,worker,1,Potentilla.pulcherrima,Rosaceae
2019,Stormy.Pass,214,10,60,mixtus,male,1,Erigeron.speciosus,Asteraceae
2019,Stormy.Pass,214,10,60,mixtus,male,1,Heliomeris.multiflora,Asteraceae
2019,Stormy.Pass,214,10,60,mixtus,worker,7,Mertensia.ciliata,Boraginaceae
2019,Stormy.Pass,214,10,60,mixtus,worker,1,Pedicularis.racemosa,Orobanchaceae
2019,Stormy.Pass,214,10,60,mixtus,worker,1,Potentilla.pulcherrima,Rosaceae
2019,Stormy.Pass,214,10,60,occidentalis,worker,1,Pedicularis.racemosa,Orobanchaceae
2019,Stormy.Pass,214,10,60,rufocinctus,queen,1,Vicia.americana,Fabaceae
2019,Stormy.Pass,214,10,60,sylvicola,worker,1,Mertensia.ciliata,Boraginaceae
2019,Stormy.Pass,221,11,60,appositus,worker,2,Delphinium.barbeyi,Ranunculaceae
2019,Stormy.Pass,221,11,60,appositus,worker,1,Mertensia.ciliata,Boraginaceae
2019,Stormy.Pass,221,11,60,balteatus,worker,1,Mertensia.ciliata,Boraginaceae
2019,Stormy.Pass,221,11,60,balteatus,worker,1,Potentilla.pulcherrima,Rosaceae
2019,Stormy.Pass,221,11,60,bifarius,male,1,Cirsium.parryi,Asteraceae
2019,Stormy.Pass,221,11,60,bifarius,male,2,Helianthella.quinquenervis,Asteraceae
2019,Stormy.Pass,221,11,60,bifarius,male,1,Potentilla.pulcherrima,Rosaceae
2019,Stormy.Pass,221,11,60,bifarius,worker,1,Erigeron.speciosus,Asteraceae
2019,Stormy.Pass,221,11,60,bifarius,worker,1,Helianthella.quinquenervis,Asteraceae
2019,Stormy.Pass,221,11,60,bifarius,worker,1,Heliomeris.multiflora,Asteraceae
2019,Stormy.Pass,221,11,60,bifarius,worker,2,Pedicularis.racemosa,Orobanchaceae
2019,Stormy.Pass,221,11,60,bifarius,worker,1,Potentilla.pulcherrima,Rosaceae
2019,Stormy.Pass,221,11,60,flavifrons,male,2,Cirsium.parryi,Asteraceae
2019,Stormy.Pass,221,11,60,flavifrons,male,1,Delphinium.barbeyi,Ranunculaceae
2019,Stormy.Pass,221,11,60,flavifrons,male,2,Mertensia.ciliata,Boraginaceae
2019,Stormy.Pass,221,11,60,flavifrons,queen,1,Delphinium.barbeyi,Ranunculaceae
2019,Stormy.Pass,221,11,60,flavifrons,queen,1,Mertensia.ciliata,Boraginaceae
2019,Stormy.Pass,221,11,60,flavifrons,worker,1,Linum.lewisii,Linaceae
2019,Stormy.Pass,221,11,60,flavifrons,worker,1,Agoseris.aurantiaca,Asteraceae
2019,Stormy.Pass,221,11,60,flavifrons,worker,1,Cirsium.parryi,Asteraceae
2019,Stormy.Pass,221,11,60,flavifrons,worker,14,Delphinium.barbeyi,Ranunculaceae
2019,Stormy.Pass,221,11,60,flavifrons,worker,1,Helianthella.quinquenervis,Asteraceae
2019,Stormy.Pass,221,11,60,flavifrons,worker,6,Mertensia.ciliata,Boraginaceae
2019,Stormy.Pass,221,11,60,flavifrons,worker,4,Pedicularis.racemosa,Orobanchaceae
2019,Stormy.Pass,221,11,60,flavifrons,worker,2,Potentilla.pulcherrima,Rosaceae
2019,Stormy.Pass,221,11,60,flavifrons,worker,2,Vicia.americana,Fabaceae
2019,Stormy.Pass,221,11,60,mixtus,worker,1,Mertensia.ciliata,Boraginaceae
2019,Stormy.Pass,221,11,60,mixtus,worker,2,Pedicularis.racemosa,Orobanchaceae
2019,Stormy.Pass,221,11,60,occidentalis,worker,1,Erigeron.elatior,Asteraceae
2019,Stormy.Pass,228,12,60,appositus,male,1,Delphinium.barbeyi,Ranunculaceae
2019,Stormy.Pass,228,12,60,appositus,worker,7,Delphinium.barbeyi,Ranunculaceae
2019,Stormy.Pass,228,12,60,bifarius,worker,9,Erigeron.speciosus,Asteraceae
2019,Stormy.Pass,228,12,60,bifarius,worker,1,Heliomeris.multiflora,Asteraceae
2019,Stormy.Pass,228,12,60,bifarius,worker,1,Potentilla.pulcherrima,Rosaceae
2019,Stormy.Pass,228,12,60,californicus,worker,2,Delphinium.barbeyi,Ranunculaceae
2019,Stormy.Pass,228,12,60,flavifrons,male,3,Cirsium.parryi,Asteraceae
2019,Stormy.Pass,228,12,60,flavifrons,male,3,Erigeron.speciosus,Asteraceae
2019,Stormy.Pass,228,12,60,flavifrons,male,4,Heliomeris.multiflora,Asteraceae
2019,Stormy.Pass,228,12,60,flavifrons,male,1,Senecio.bigelovii,Asteraceae
2019,Stormy.Pass,228,12,60,flavifrons,male,3,Senecio.serra.var.admirabilis,Asteraceae
2019,Stormy.Pass,228,12,60,flavifrons,worker,21,Delphinium.barbeyi,Ranunculaceae
2019,Stormy.Pass,228,12,60,flavifrons,worker,1,Heliomeris.multiflora,Asteraceae
2019,Stormy.Pass,228,12,60,flavifrons,worker,1,Mertensia.ciliata,Boraginaceae
2019,Stormy.Pass,228,12,60,flavifrons,worker,1,Vicia.americana,Fabaceae
2019,Stormy.Pass,228,12,60,mixtus,male,1,Erigeron.elatior,Asteraceae
2019,Stormy.Pass,228,12,60,mixtus,male,1,Erigeron.speciosus,Asteraceae
2019,Stormy.Pass,228,12,60,mixtus,male,1,Senecio.bigelovii,Asteraceae
2019,Stormy.Pass,228,12,60,mixtus,male,1,Senecio.serra.var.admirabilis,Asteraceae
2019,Stormy.Pass,228,12,60,mixtus,worker,1,Erigeron.elatior,Asteraceae
2019,Stormy.Pass,228,12,60,mixtus,worker,1,Erigeron.speciosus,Asteraceae
2019,Stormy.Pass,228,12,60,mixtus,worker,4,Heliomeris.multiflora,Asteraceae
2019,Stormy.Pass,228,12,60,mixtus,worker,1,Senecio.serra.var.admirabilis,Asteraceae
2019,Stormy.Pass,228,12,60,nevadensis,queen,1,Delphinium.barbeyi,Ranunculaceae
2019,Stormy.Pass,228,12,60,nevadensis,worker,1,Delphinium.barbeyi,Ranunculaceae
2019,Stormy.Pass,228,12,60,rufocinctus,worker,3,Erigeron.speciosus,Asteraceae
2019,Stormy.Pass,228,12,60,sylvicola,worker,1,Heliomeris.multiflora,Asteraceae
2019,Stormy.Pass,235,13,60,appositus,male,3,Delphinium.barbeyi,Ranunculaceae
2019,Stormy.Pass,235,13,60,appositus,male,2,Erigeron.speciosus,Asteraceae
2019,Stormy.Pass,235,13,60,appositus,worker,5,Delphinium.barbeyi,Ranunculaceae
2019,Stormy.Pass,235,13,60,appositus,worker,1,Vicia.americana,Fabaceae
2019,Stormy.Pass,235,13,60,balteatus,worker,1,Heliomeris.multiflora,Asteraceae
2019,Stormy.Pass,235,13,60,bifarius,male,37,Heliomeris.multiflora,Asteraceae
2019,Stormy.Pass,235,13,60,bifarius,worker,36,Heliomeris.multiflora,Asteraceae
2019,Stormy.Pass,235,13,60,flavifrons,male,1,Agoseris.glauca,Asteraceae
2019,Stormy.Pass,235,13,60,flavifrons,male,2,Cirsium.parryi,Asteraceae
2019,Stormy.Pass,235,13,60,flavifrons,male,1,Helianthella.quinquenervis,Asteraceae
2019,Stormy.Pass,235,13,60,flavifrons,male,50,Heliomeris.multiflora,Asteraceae
2019,Stormy.Pass,235,13,60,flavifrons,male,3,Senecio.bigelovii,Asteraceae
2019,Stormy.Pass,235,13,60,flavifrons,male,8,Senecio.serra.var.admirabilis,Asteraceae
2019,Stormy.Pass,235,13,60,flavifrons,queen,1,Cirsium.parryi,Asteraceae
2019,Stormy.Pass,235,13,60,flavifrons,queen,1,Delphinium.barbeyi,Ranunculaceae
2019,Stormy.Pass,235,13,60,flavifrons,worker,1,Cirsium.parryi,Asteraceae
2019,Stormy.Pass,235,13,60,flavifrons,worker,23,Delphinium.barbeyi,Ranunculaceae
2019,Stormy.Pass,235,13,60,flavifrons,worker,13,Heliomeris.multiflora,Asteraceae
2019,Stormy.Pass,235,13,60,flavifrons,worker,1,Senecio.serra.var.admirabilis,Asteraceae
2019,Stormy.Pass,235,13,60,frigidus,male,1,Heliomeris.multiflora,Asteraceae
2019,Stormy.Pass,235,13,60,insularis,male,1,Erigeron.speciosus,Asteraceae
2019,Stormy.Pass,235,13,60,mixtus,male,2,Heliomeris.multiflora,Asteraceae
2019,Stormy.Pass,235,13,60,mixtus,worker,7,Heliomeris.multiflora,Asteraceae
2019,Stormy.Pass,235,13,60,mixtus,worker,1,Senecio.serra.var.admirabilis,Asteraceae
2019,Stormy.Pass,235,13,60,occidentalis,male,2,Heliomeris.multiflora,Asteraceae
2019,Stormy.Pass,235,13,60,sylvicola,male,2,Heliomeris.multiflora,Asteraceae
2019,Stormy.Pass,235,13,60,sylvicola,worker,2,Heliomeris.multiflora,Asteraceae
2019,Stormy.Pass,243,14,60,appositus,male,5,Delphinium.barbeyi,Ranunculaceae
2019,Stormy.Pass,243,14,60,appositus,male,1,Heliomeris.multiflora,Asteraceae
2019,Stormy.Pass,243,14,60,appositus,male,1,Senecio.serra.var.admirabilis,Asteraceae
2019,Stormy.Pass,243,14,60,appositus,queen,1,Delphinium.barbeyi,Ranunculaceae
2019,Stormy.Pass,243,14,60,bifarius,male,5,Erigeron.speciosus,Asteraceae
2019,Stormy.Pass,243,14,60,bifarius,male,21,Heliomeris.multiflora,Asteraceae
2019,Stormy.Pass,243,14,60,bifarius,worker,2,Erigeron.elatior,Asteraceae
2019,Stormy.Pass,243,14,60,bifarius,worker,5,Erigeron.speciosus,Asteraceae
2019,Stormy.Pass,243,14,60,bifarius,worker,16,Heliomeris.multiflora,Asteraceae
2019,Stormy.Pass,243,14,60,bifarius,worker,1,Senecio.serra.var.admirabilis,Asteraceae
2019,Stormy.Pass,243,14,60,flavifrons,male,2,Cirsium.parryi,Asteraceae
2019,Stormy.Pass,243,14,60,flavifrons,male,2,Erigeron.elatior,Asteraceae
2019,Stormy.Pass,243,14,60,flavifrons,male,10,Erigeron.speciosus,Asteraceae
2019,Stormy.Pass,243,14,60,flavifrons,male,83,Heliomeris.multiflora,Asteraceae
2019,Stormy.Pass,243,14,60,flavifrons,male,29,Senecio.serra.var.admirabilis,Asteraceae
2019,Stormy.Pass,243,14,60,flavifrons,queen,1,Delphinium.barbeyi,Ranunculaceae
2019,Stormy.Pass,243,14,60,flavifrons,worker,2,Delphinium.barbeyi,Ranunculaceae
2019,Stormy.Pass,243,14,60,flavifrons,worker,1,Erigeron.speciosus,Asteraceae
2019,Stormy.Pass,243,14,60,flavifrons,worker,3,Heliomeris.multiflora,Asteraceae
2019,Stormy.Pass,243,14,60,insularis,male,2,Erigeron.elatior,Asteraceae
2019,Stormy.Pass,243,14,60,insularis,male,4,Erigeron.speciosus,Asteraceae
2019,Stormy.Pass,243,14,60,insularis,male,22,Heliomeris.multiflora,Asteraceae
2019,Stormy.Pass,243,14,60,insularis,male,28,Senecio.serra.var.admirabilis,Asteraceae
2019,Stormy.Pass,243,14,60,mixtus,male,1,Erigeron.speciosus,Asteraceae
2019,Stormy.Pass,243,14,60,mixtus,male,6,Heliomeris.multiflora,Asteraceae
2019,Stormy.Pass,243,14,60,mixtus,male,1,Senecio.serra.var.admirabilis,Asteraceae
2019,Stormy.Pass,243,14,60,occidentalis,male,1,Senecio.serra.var.admirabilis,Asteraceae
2019,Stormy.Pass,243,14,60,rufocinctus,male,1,Erigeron.speciosus,Asteraceae
2019,Stormy.Pass,243,14,60,rufocinctus,male,4,Heliomeris.multiflora,Asteraceae
2019,Stormy.Pass,243,14,60,sylvicola,worker,1,Heliomeris.multiflora,Asteraceae
2019,Stormy.Pass,250,15,60,appositus,male,1,Gentiana.parryi,Gentianaceae
2019,Stormy.Pass,250,15,60,bifarius,male,29,Heliomeris.multiflora,Asteraceae
2019,Stormy.Pass,250,15,60,bifarius,worker,6,Heliomeris.multiflora,Asteraceae
2019,Stormy.Pass,250,15,60,flavifrons,male,48,Heliomeris.multiflora,Asteraceae
2019,Stormy.Pass,250,15,60,flavifrons,male,9,Senecio.serra.var.admirabilis,Asteraceae
2019,Stormy.Pass,250,15,60,insularis,male,32,Heliomeris.multiflora,Asteraceae
2019,Stormy.Pass,250,15,60,insularis,male,15,Senecio.serra.var.admirabilis,Asteraceae
2019,Stormy.Pass,250,15,60,mixtus,male,2,Heliomeris.multiflora,Asteraceae
2019,Stormy.Pass,250,15,60,rufocinctus,male,1,Heliomeris.multiflora,Asteraceae
2019,Stormy.Pass,250,15,60,sylvicola,male,2,Heliomeris.multiflora,Asteraceae
2019,Stormy.Pass,257,16,60,appositus,male,1,Gentiana.parryi,Gentianaceae
2019,Stormy.Pass,257,16,60,insularis,male,1,Senecio.serra.var.admirabilis,Asteraceae
2020,Avery.Wash,144,2,60,bifarius,queen,1,Mertensia.fusiformis,Boraginaceae
2020,Avery.Wash,152,3,60,bifarius,queen,1,Mertensia.fusiformis,Boraginaceae
2020,Avery.Wash,152,3,60,bifarius,queen,1,Salix.sp,Salicaceae
2020,Avery.Wash,152,3,60,flavifrons,queen,2,Mertensia.fusiformis,Boraginaceae
2020,Avery.Wash,152,3,60,frigidus,queen,1,Salix.sp,Salicaceae
2020,Avery.Wash,152,3,60,melanopygus,queen,1,Salix.sp,Salicaceae
2020,Avery.Wash,152,3,60,occidentalis,queen,1,Salix.sp,Salicaceae
2020,Avery.Wash,159,4,60,appositus,queen,2,Delphinium.nuttallianum,Ranunculaceae
2020,Avery.Wash,159,4,60,flavifrons,queen,2,Delphinium.nuttallianum,Ranunculaceae
2020,Avery.Wash,159,4,60,flavifrons,queen,4,Hydrophyllum.fendleri,Hydrophyllaceae
2020,Avery.Wash,165,5,60,appositus,queen,1,Delphinium.nuttallianum,Ranunculaceae
2020,Avery.Wash,165,5,60,flavifrons,queen,3,Delphinium.nuttallianum,Ranunculaceae
2020,Avery.Wash,165,5,60,flavifrons,queen,1,Lonicera.involucrata,Caprifoliaceae
2020,Avery.Wash,165,5,60,flavifrons,queen,10,Hydrophyllum.fendleri,Hydrophyllaceae
2020,Avery.Wash,165,5,60,insularis,queen,3,Taraxacum.officinale,Asteraceae
2020,Avery.Wash,165,5,60,mixtus,queen,1,Hydrophyllum.fendleri,Hydrophyllaceae
2020,Avery.Wash,165,5,60,mixtus,worker,1,Hydrophyllum.fendleri,Hydrophyllaceae
2020,Avery.Wash,172,6,60,appositus,queen,2,Delphinium.nuttallianum,Ranunculaceae
2020,Avery.Wash,172,6,60,bifarius,queen,3,Hydrophyllum.fendleri,Hydrophyllaceae
2020,Avery.Wash,172,6,60,bifarius,worker,1,Hydrophyllum.fendleri,Hydrophyllaceae
2020,Avery.Wash,172,6,60,californicus,queen,1,Delphinium.nuttallianum,Ranunculaceae
2020,Avery.Wash,172,6,60,flavifrons,queen,4,Delphinium.nuttallianum,Ranunculaceae
2020,Avery.Wash,172,6,60,flavifrons,queen,2,Lonicera.involucrata,Caprifoliaceae
2020,Avery.Wash,172,6,60,flavifrons,queen,10,Hydrophyllum.fendleri,Hydrophyllaceae
2020,Avery.Wash,172,6,60,insularis,queen,2,Hydrophyllum.fendleri,Hydrophyllaceae
2020,Avery.Wash,172,6,60,melanopygus,queen,1,Hydrophyllum.fendleri,Hydrophyllaceae
2020,Avery.Wash,172,6,60,mixtus,queen,2,Hydrophyllum.fendleri,Hydrophyllaceae
2020,Avery.Wash,178,7,60,appositus,queen,1,Delphinium.nuttallianum,Ranunculaceae
2020,Avery.Wash,178,7,60,appositus,queen,1,Hydrophyllum.fendleri,Hydrophyllaceae
2020,Avery.Wash,178,7,60,flavifrons,queen,2,Lonicera.involucrata,Caprifoliaceae
2020,Avery.Wash,178,7,60,flavifrons,queen,7,Hydrophyllum.fendleri,Hydrophyllaceae
2020,Avery.Wash,178,7,60,flavifrons,queen,1,Mertensia.ciliata,Boraginaceae
2020,Avery.Wash,178,7,60,flavifrons,queen,1,Rubus.idaeus,Rosaceae
2020,Avery.Wash,178,7,60,flavifrons,queen,2,Vicia.americana,Fabaceae
2020,Avery.Wash,178,7,60,insularis,queen,9,Hydrophyllum.fendleri,Hydrophyllaceae
2020,Avery.Wash,178,7,60,insularis,queen,1,Rubus.idaeus,Rosaceae
2020,Avery.Wash,178,7,60,mixtus,queen,1,Hydrophyllum.fendleri,Hydrophyllaceae
2020,Avery.Wash,185,8,60,flavifrons,queen,1,Delphinium.barbeyi,Ranunculaceae
2020,Avery.Wash,185,8,60,flavifrons,queen,1,Lonicera.involucrata,Caprifoliaceae
2020,Avery.Wash,185,8,60,flavifrons,queen,1,Hydrophyllum.fendleri,Hydrophyllaceae
2020,Avery.Wash,185,8,60,flavifrons,queen,1,Lathyrus.lanszwertii.var.leucanthus,Fabaceae
2020,Avery.Wash,185,8,60,flavifrons,queen,2,Mertensia.ciliata,Boraginaceae
2020,Avery.Wash,185,8,60,flavifrons,queen,1,Rubus.idaeus,Rosaceae
2020,Avery.Wash,185,8,60,flavifrons,queen,1,Vicia.americana,Fabaceae
2020,Avery.Wash,185,8,60,flavifrons,worker,1,Aconitum.columbianum,Ranunculaceae
2020,Avery.Wash,185,8,60,flavifrons,worker,1,Hydrophyllum.fendleri,Hydrophyllaceae
2020,Avery.Wash,185,8,60,insularis,queen,1,Hymenoxys.hoopesii,Asteraceae
2020,Avery.Wash,185,8,60,insularis,queen,1,Hydrophyllum.fendleri,Hydrophyllaceae
2020,Avery.Wash,185,8,60,insularis,queen,1,Rubus.idaeus,Rosaceae
2020,Avery.Wash,192,9,60,bifarius,worker,1,Heracleum.maximum,Apiaceae
2020,Avery.Wash,192,9,60,bifarius,worker,4,Potentilla.pulcherrima,Rosaceae
2020,Avery.Wash,192,9,60,flavifrons,queen,1,Mertensia.ciliata,Boraginaceae
2020,Avery.Wash,192,9,60,insularis,queen,1,Hymenoxys.hoopesii,Asteraceae
2020,Avery.Wash,192,9,60,insularis,queen,2,Helianthella.quinquenervis,Asteraceae
2020,Avery.Wash,192,9,60,insularis,queen,1,Senecio.bigelovii,Asteraceae
2020,Avery.Wash,192,9,60,insularis,queen,1,Rubus.idaeus,Rosaceae
2020,Avery.Wash,192,9,60,occidentalis,queen,1,Heracleum.maximum,Apiaceae
2020,Avery.Wash,201,10,60,appositus,queen,1,Delphinium.barbeyi,Ranunculaceae
2020,Avery.Wash,201,10,60,bifarius,queen,1,Heliomeris.multiflora,Asteraceae
2020,Avery.Wash,201,10,60,bifarius,worker,1,Senecio.bigelovii,Asteraceae
2020,Avery.Wash,201,10,60,flavifrons,queen,1,Delphinium.barbeyi,Ranunculaceae
2020,Avery.Wash,201,10,60,flavifrons,worker,1,Aconitum.columbianum,Ranunculaceae
2020,Avery.Wash,201,10,60,flavifrons,worker,1,Delphinium.barbeyi,Ranunculaceae
2020,Avery.Wash,201,10,60,insularis,queen,1,Hymenoxys.hoopesii,Asteraceae
2020,Avery.Wash,201,10,60,insularis,queen,1,Rubus.idaeus,Rosaceae
2020,Avery.Wash,201,10,60,occidentalis,queen,1,Heracleum.maximum,Apiaceae
2020,Avery.Wash,201,10,60,occidentalis,worker,1,Vicia.americana,Fabaceae
2020,Avery.Wash,208,11,60,appositus,worker,1,Aconitum.columbianum,Ranunculaceae
2020,Avery.Wash,208,11,60,appositus,worker,1,Delphinium.barbeyi,Ranunculaceae
2020,Avery.Wash,208,11,60,bifarius,queen,1,Senecio.bigelovii,Asteraceae
2020,Avery.Wash,208,11,60,flavifrons,queen,1,Delphinium.barbeyi,Ranunculaceae
2020,Avery.Wash,208,11,60,insularis,queen,1,Erigeron.elatior,Asteraceae
2020,Avery.Wash,208,11,60,insularis,queen,1,Hydrophyllum.fendleri,Hydrophyllaceae
2020,Avery.Wash,208,11,60,insularis,queen,1,Senecio.bigelovii,Asteraceae
2020,Avery.Wash,208,11,60,insularis,queen,1,Potentilla.pulcherrima,Rosaceae
2020,Avery.Wash,208,11,60,rufocinctus,worker,1,Solidago.multiradiata,Asteraceae
2020,Avery.Wash,208,11,60,sylvicola,worker,2,Cirsium.parryi,Asteraceae
2020,Avery.Wash,212,12,60,appositus,worker,1,Aconitum.columbianum,Ranunculaceae
2020,Avery.Wash,212,12,60,bifarius,queen,1,Erigeron.elatior,Asteraceae
2020,Avery.Wash,212,12,60,bifarius,worker,1,Erigeron.elatior,Asteraceae
2020,Avery.Wash,212,12,60,bifarius,worker,1,Senecio.serra.var.admirabilis,Asteraceae
2020,Avery.Wash,212,12,60,flavifrons,queen,1,Senecio.bigelovii,Asteraceae
2020,Avery.Wash,212,12,60,insularis,male,1,Erigeron.elatior,Asteraceae
2020,Avery.Wash,212,12,60,insularis,queen,1,Cirsium.parryi,Asteraceae
2020,Avery.Wash,220,13,60,insularis,male,2,Senecio.serra.var.admirabilis,Asteraceae
2020,Avery.Wash,227,14,60,bifarius,male,1,Senecio.serra.var.admirabilis,Asteraceae
2020,Avery.Wash,227,14,60,flavifrons,male,2,Cirsium.parryi,Asteraceae
2020,Avery.Wash,227,14,60,flavifrons,male,4,Senecio.serra.var.admirabilis,Asteraceae
2020,Avery.Wash,227,14,60,mixtus,male,1,Senecio.serra.var.admirabilis,Asteraceae
2020,Avery.Wash,227,14,60,occidentalis,male,1,Senecio.serra.var.admirabilis,Asteraceae
2020,Avery.Wash,227,14,60,sylvicola,worker,1,Heliomeris.multiflora,Asteraceae
2020,Avery.Wash,233,15,60,bifarius,worker,1,Heliomeris.multiflora,Asteraceae
2020,Avery.Wash,233,15,60,flavifrons,male,2,Senecio.serra.var.admirabilis,Asteraceae
2020,Avery.Wash,233,15,60,insularis,male,7,Heliomeris.multiflora,Asteraceae
2020,Avery.Wash,233,15,60,insularis,male,1,Heterotheca.villosa,Asteraceae
2020,Avery.Wash,233,15,60,insularis,male,3,Senecio.serra.var.admirabilis,Asteraceae
2020,Avery.Wash,240,16,60,flavifrons,male,1,Heliomeris.multiflora,Asteraceae
2020,Avery.Wash,240,16,60,flavifrons,male,1,Senecio.serra.var.admirabilis,Asteraceae
2020,Avery.Wash,240,16,60,insularis,male,3,Heliomeris.multiflora,Asteraceae
2020,Avery.Wash,240,16,60,insularis,male,1,Senecio.serra.var.admirabilis,Asteraceae
2020,Copper.Creek,151,3,60,bifarius,queen,2,Hydrophyllum.capitatum,Hydrophyllaceae
2020,Copper.Creek,151,3,60,bifarius,queen,2,Salix.sp,Salicaceae
2020,Copper.Creek,151,3,60,californicus,queen,2,Delphinium.nuttallianum,Ranunculaceae
2020,Copper.Creek,151,3,60,frigidus,queen,1,Salix.sp,Salicaceae
2020,Copper.Creek,151,3,60,insularis,queen,1,Salix.sp,Salicaceae
2020,Copper.Creek,157,4,60,appositus,queen,3,Delphinium.nuttallianum,Ranunculaceae
2020,Copper.Creek,157,4,60,bifarius,queen,7,Hydrophyllum.capitatum,Hydrophyllaceae
2020,Copper.Creek,157,4,60,bifarius,queen,1,Taraxacum.officinale,Asteraceae
2020,Copper.Creek,157,4,60,californicus,queen,3,Delphinium.nuttallianum,Ranunculaceae
2020,Copper.Creek,157,4,60,californicus,queen,1,Mertensia.fusiformis,Boraginaceae
2020,Copper.Creek,157,4,60,flavifrons,queen,3,Delphinium.nuttallianum,Ranunculaceae
2020,Copper.Creek,157,4,60,insularis,queen,2,Hydrophyllum.capitatum,Hydrophyllaceae
2020,Copper.Creek,157,4,60,occidentalis,worker,1,Delphinium.nuttallianum,Ranunculaceae
2020,Copper.Creek,164,5,60,appositus,queen,6,Delphinium.nuttallianum,Ranunculaceae
2020,Copper.Creek,164,5,60,bifarius,queen,2,Frasera.speciosa,Gentianaceae
2020,Copper.Creek,164,5,60,bifarius,queen,1,Lupinus.sericeus.var.sericeus,Fabaceae
2020,Copper.Creek,164,5,60,bifarius,queen,1,Valeriana.occidentalis,Valerianaceae
2020,Copper.Creek,164,5,60,californicus,queen,1,Delphinium.nuttallianum,Ranunculaceae
2020,Copper.Creek,164,5,60,flavifrons,queen,2,Delphinium.nuttallianum,Ranunculaceae
2020,Copper.Creek,164,5,60,flavifrons,queen,1,Hydrophyllum.capitatum,Hydrophyllaceae
2020,Copper.Creek,164,5,60,flavifrons,queen,1,Hydrophyllum.fendleri,Hydrophyllaceae
2020,Copper.Creek,164,5,60,flavifrons,queen,1,Lupinus.sericeus.var.sericeus,Fabaceae
2020,Copper.Creek,164,5,60,flavifrons,worker,1,Hydrophyllum.fendleri,Hydrophyllaceae
2020,Copper.Creek,164,5,60,insularis,queen,2,Hydrophyllum.capitatum,Hydrophyllaceae
2020,Copper.Creek,164,5,60,occidentalis,queen,1,Delphinium.nuttallianum,Ranunculaceae
2020,Copper.Creek,164,5,60,occidentalis,worker,2,Delphinium.nuttallianum,Ranunculaceae
2020,Copper.Creek,164,5,60,rufocinctus,queen,1,Hydrophyllum.capitatum,Hydrophyllaceae
2020,Copper.Creek,172,6,60,appositus,queen,4,Delphinium.nuttallianum,Ranunculaceae
2020,Copper.Creek,172,6,60,bifarius,queen,6,Frasera.speciosa,Gentianaceae
2020,Copper.Creek,172,6,60,bifarius,queen,1,Valeriana.occidentalis,Valerianaceae
2020,Copper.Creek,172,6,60,californicus,queen,3,Delphinium.nuttallianum,Ranunculaceae
2020,Copper.Creek,172,6,60,flavifrons,queen,5,Delphinium.nuttallianum,Ranunculaceae
2020,Copper.Creek,172,6,60,flavifrons,queen,3,Hydrophyllum.fendleri,Hydrophyllaceae
2020,Copper.Creek,172,6,60,nevadensis,queen,1,Delphinium.nuttallianum,Ranunculaceae
2020,Copper.Creek,172,6,60,occidentalis,worker,1,Delphinium.nuttallianum,Ranunculaceae
2020,Copper.Creek,172,6,60,occidentalis,worker,1,Lathyrus.lanszwertii.var.leucanthus,Fabaceae
2020,Copper.Creek,172,6,60,rufocinctus,queen,1,Frasera.speciosa,Gentianaceae
2020,Copper.Creek,172,6,60,rufocinctus,queen,1,Lupinus.sericeus.var.sericeus,Fabaceae
2020,Copper.Creek,178,7,60,appositus,queen,1,Delphinium.nuttallianum,Ranunculaceae
2020,Copper.Creek,178,7,60,balteatus,worker,1,Frasera.speciosa,Gentianaceae
2020,Copper.Creek,178,7,60,bifarius,queen,5,Frasera.speciosa,Gentianaceae
2020,Copper.Creek,178,7,60,bifarius,queen,1,Lupinus.sericeus.var.sericeus,Fabaceae
2020,Copper.Creek,178,7,60,californicus,queen,1,Delphinium.nuttallianum,Ranunculaceae
2020,Copper.Creek,178,7,60,californicus,queen,1,Lupinus.sericeus.var.sericeus,Fabaceae
2020,Copper.Creek,178,7,60,flavifrons,queen,1,Delphinium.nuttallianum,Ranunculaceae
2020,Copper.Creek,178,7,60,flavifrons,queen,1,Frasera.speciosa,Gentianaceae
2020,Copper.Creek,178,7,60,flavifrons,queen,1,Hydrophyllum.fendleri,Hydrophyllaceae
2020,Copper.Creek,178,7,60,insularis,queen,11,Frasera.speciosa,Gentianaceae
2020,Copper.Creek,178,7,60,insularis,queen,1,Hydrophyllum.fendleri,Hydrophyllaceae
2020,Copper.Creek,178,7,60,occidentalis,worker,1,Lathyrus.lanszwertii.var.leucanthus,Fabaceae
2020,Copper.Creek,178,7,60,rufocinctus,queen,3,Frasera.speciosa,Gentianaceae
2020,Copper.Creek,178,7,60,sylvicola,worker,1,Lupinus.sericeus.var.sericeus,Fabaceae
2020,Copper.Creek,184,8,60,appositus,queen,5,Delphinium.barbeyi,Ranunculaceae
2020,Copper.Creek,184,8,60,bifarius,queen,4,Frasera.speciosa,Gentianaceae
2020,Copper.Creek,184,8,60,bifarius,queen,2,Lupinus.sericeus.var.sericeus,Fabaceae
2020,Copper.Creek,184,8,60,californicus,queen,1,Delphinium.barbeyi,Ranunculaceae
2020,Copper.Creek,184,8,60,flavifrons,queen,1,Collomia.linearis,Polemoniaceae
2020,Copper.Creek,184,8,60,flavifrons,queen,2,Delphinium.barbeyi,Ranunculaceae
2020,Copper.Creek,184,8,60,flavifrons,queen,1,Frasera.speciosa,Gentianaceae
2020,Copper.Creek,184,8,60,insularis,queen,1,Hymenoxys.hoopesii,Asteraceae
2020,Copper.Creek,184,8,60,insularis,queen,6,Frasera.speciosa,Gentianaceae
2020,Copper.Creek,184,8,60,insularis,queen,5,Helianthella.quinquenervis,Asteraceae
2020,Copper.Creek,184,8,60,insularis,queen,1,Hydrophyllum.fendleri,Hydrophyllaceae
2020,Copper.Creek,184,8,60,insularis,queen,1,Taraxacum.officinale,Asteraceae
2020,Copper.Creek,184,8,60,mixtus,queen,1,Heracleum.maximum,Apiaceae
2020,Copper.Creek,184,8,60,occidentalis,worker,1,Lupinus.sericeus.var.sericeus,Fabaceae
2020,Copper.Creek,184,8,60,rufocinctus,queen,1,Frasera.speciosa,Gentianaceae
2020,Copper.Creek,191,9,60,appositus,queen,1,Delphinium.barbeyi,Ranunculaceae
2020,Copper.Creek,191,9,60,balteatus,queen,1,Delphinium.barbeyi,Ranunculaceae
2020,Copper.Creek,191,9,60,bifarius,queen,2,Frasera.speciosa,Gentianaceae
2020,Copper.Creek,191,9,60,bifarius,queen,4,Heracleum.maximum,Apiaceae
2020,Copper.Creek,191,9,60,californicus,queen,1,Delphinium.barbeyi,Ranunculaceae
2020,Copper.Creek,191,9,60,flavifrons,queen,1,Delphinium.barbeyi,Ranunculaceae
2020,Copper.Creek,191,9,60,insularis,male,1,Erigeron.speciosus,Asteraceae
2020,Copper.Creek,191,9,60,insularis,male,1,Helianthella.quinquenervis,Asteraceae
2020,Copper.Creek,191,9,60,insularis,queen,1,Frasera.speciosa,Gentianaceae
2020,Copper.Creek,191,9,60,insularis,queen,1,Helianthella.quinquenervis,Asteraceae
2020,Copper.Creek,191,9,60,insularis,queen,1,Heracleum.maximum,Apiaceae
2020,Copper.Creek,191,9,60,nevadensis,worker,1,Delphinium.barbeyi,Ranunculaceae
2020,Copper.Creek,191,9,60,occidentalis,queen,1,Heracleum.maximum,Apiaceae
2020,Copper.Creek,191,9,60,occidentalis,worker,3,Heracleum.maximum,Apiaceae
2020,Copper.Creek,199,10,60,appositus,queen,1,Delphinium.barbeyi,Ranunculaceae
2020,Copper.Creek,199,10,60,appositus,worker,3,Delphinium.barbeyi,Ranunculaceae
2020,Copper.Creek,199,10,60,bifarius,queen,1,Frasera.speciosa,Gentianaceae
2020,Copper.Creek,199,10,60,flavifrons,queen,3,Delphinium.barbeyi,Ranunculaceae
2020,Copper.Creek,199,10,60,flavifrons,worker,1,Aconitum.columbianum,Ranunculaceae
2020,Copper.Creek,199,10,60,flavifrons,worker,1,Delphinium.barbeyi,Ranunculaceae
2020,Copper.Creek,199,10,60,insularis,male,1,Helianthella.quinquenervis,Asteraceae
2020,Copper.Creek,199,10,60,insularis,queen,2,Hymenoxys.hoopesii,Asteraceae
2020,Copper.Creek,199,10,60,insularis,queen,1,Frasera.speciosa,Gentianaceae
2020,Copper.Creek,199,10,60,insularis,queen,2,Helianthella.quinquenervis,Asteraceae
2020,Copper.Creek,199,10,60,insularis,queen,1,Heliomeris.multiflora,Asteraceae
2020,Copper.Creek,199,10,60,nevadensis,worker,4,Delphinium.barbeyi,Ranunculaceae
2020,Copper.Creek,199,10,60,occidentalis,worker,2,Heracleum.maximum,Apiaceae
2020,Copper.Creek,205,11,60,bifarius,male,1,Erigeron.speciosus,Asteraceae
2020,Copper.Creek,205,11,60,bifarius,male,1,Senecio.serra.var.admirabilis,Asteraceae
2020,Copper.Creek,205,11,60,flavifrons,queen,3,Delphinium.barbeyi,Ranunculaceae
2020,Copper.Creek,205,11,60,flavifrons,worker,1,Delphinium.barbeyi,Ranunculaceae
2020,Copper.Creek,205,11,60,insularis,male,1,Cirsium.parryi,Asteraceae
2020,Copper.Creek,205,11,60,insularis,male,3,Hymenoxys.hoopesii,Asteraceae
2020,Copper.Creek,205,11,60,insularis,male,1,Erigeron.elatior,Asteraceae
2020,Copper.Creek,205,11,60,insularis,queen,1,Senecio.serra.var.admirabilis,Asteraceae
2020,Copper.Creek,205,11,60,occidentalis,male,1,Heliomeris.multiflora,Asteraceae
2020,Copper.Creek,205,11,60,occidentalis,male,2,Senecio.serra.var.admirabilis,Asteraceae
2020,Copper.Creek,205,11,60,occidentalis,worker,2,Senecio.serra.var.admirabilis,Asteraceae
2020,Copper.Creek,213,12,60,occidentalis,male,2,Senecio.serra.var.admirabilis,Asteraceae
2020,Copper.Creek,219,13,60,insularis,male,15,Heliomeris.multiflora,Asteraceae
2020,Copper.Creek,219,13,60,insularis,male,2,Senecio.serra.var.admirabilis,Asteraceae
2020,Copper.Creek,219,13,60,insularis,queen,1,Heliomeris.multiflora,Asteraceae
2020,Copper.Creek,219,13,60,occidentalis,worker,1,Heliomeris.multiflora,Asteraceae
2020,Copper.Creek,226,14,60,insularis,male,3,Heliomeris.multiflora,Asteraceae
2020,Copper.Creek,226,14,60,insularis,queen,1,Heliomeris.multiflora,Asteraceae
2020,Copper.Creek,226,14,60,occidentalis,male,1,Heliomeris.multiflora,Asteraceae
2020,Copper.Creek,234,15,60,bifarius,male,1,Heliomeris.multiflora,Asteraceae
2020,Copper.Creek,234,15,60,bifarius,queen,1,Heliomeris.multiflora,Asteraceae
2020,Copper.Creek,234,15,60,insularis,male,5,Heliomeris.multiflora,Asteraceae
2020,Copper.Creek,241,16,60,bifarius,male,2,Heliomeris.multiflora,Asteraceae
2020,Copper.Creek,241,16,60,bifarius,worker,2,Heliomeris.multiflora,Asteraceae
2020,Copper.Creek,241,16,60,insularis,male,18,Heliomeris.multiflora,Asteraceae
2020,Copper.Creek,248,17,60,insularis,male,6,Heliomeris.multiflora,Asteraceae
2020,Copper.Creek,248,17,60,insularis,male,2,Heterotheca.villosa,Asteraceae
2020,Frogs.Pond,150,3,60,bifarius,queen,2,Mertensia.fusiformis,Boraginaceae
2020,Frogs.Pond,150,3,60,californicus,queen,2,Mertensia.fusiformis,Boraginaceae
2020,Frogs.Pond,150,3,60,flavifrons,queen,3,Mertensia.fusiformis,Boraginaceae
2020,Frogs.Pond,150,3,60,insularis,queen,1,Mertensia.fusiformis,Boraginaceae
2020,Frogs.Pond,157,4,60,bifarius,queen,1,Lupinus.sericeus.var.sericeus,Fabaceae
2020,Frogs.Pond,157,4,60,californicus,queen,1,Delphinium.nuttallianum,Ranunculaceae
2020,Frogs.Pond,157,4,60,californicus,queen,1,Senecio.integerrimus,Asteraceae
2020,Frogs.Pond,157,4,60,flavifrons,queen,1,Delphinium.nuttallianum,Ranunculaceae
2020,Frogs.Pond,157,4,60,flavifrons,queen,2,Hydrophyllum.fendleri,Hydrophyllaceae
2020,Frogs.Pond,157,4,60,insularis,queen,1,Lupinus.sericeus.var.sericeus,Fabaceae
2020,Frogs.Pond,157,4,60,rufocinctus,queen,1,Lupinus.sericeus.var.sericeus,Fabaceae
2020,Frogs.Pond,164,5,60,bifarius,queen,5,Lupinus.sericeus.var.sericeus,Fabaceae
2020,Frogs.Pond,164,5,60,flavifrons,queen,1,Lupinus.sericeus.var.sericeus,Fabaceae
2020,Frogs.Pond,164,5,60,insularis,queen,2,Senecio.integerrimus,Asteraceae
2020,Frogs.Pond,164,5,60,insularis,queen,1,Taraxacum.officinale,Asteraceae
2020,Frogs.Pond,164,5,60,rufocinctus,queen,2,Lupinus.sericeus.var.sericeus,Fabaceae
2020,Frogs.Pond,164,5,60,rufocinctus,queen,1,Taraxacum.officinale,Asteraceae
2020,Frogs.Pond,164,5,60,sylvicola,queen,1,Lupinus.sericeus.var.sericeus,Fabaceae
2020,Frogs.Pond,172,6,60,bifarius,queen,1,Frasera.speciosa,Gentianaceae
2020,Frogs.Pond,172,6,60,bifarius,queen,1,Vicia.americana,Fabaceae
2020,Frogs.Pond,172,6,60,flavifrons,queen,1,Frasera.speciosa,Gentianaceae
2020,Frogs.Pond,172,6,60,flavifrons,queen,1,Hydrophyllum.fendleri,Hydrophyllaceae
2020,Frogs.Pond,172,6,60,flavifrons,queen,2,Lupinus.sericeus.var.sericeus,Fabaceae
2020,Frogs.Pond,172,6,60,insularis,queen,4,Frasera.speciosa,Gentianaceae
2020,Frogs.Pond,172,6,60,insularis,queen,1,Senecio.integerrimus,Asteraceae
2020,Frogs.Pond,172,6,60,rufocinctus,queen,2,Frasera.speciosa,Gentianaceae
2020,Frogs.Pond,172,6,60,rufocinctus,queen,1,Potentilla.pulcherrima,Rosaceae
2020,Frogs.Pond,178,7,60,flavifrons,queen,1,Delphinium.barbeyi,Ranunculaceae
2020,Frogs.Pond,178,7,60,flavifrons,queen,1,Hydrophyllum.fendleri,Hydrophyllaceae
2020,Frogs.Pond,178,7,60,insularis,queen,1,Frasera.speciosa,Gentianaceae
2020,Frogs.Pond,178,7,60,rufocinctus,queen,1,Lupinus.sericeus.var.sericeus,Fabaceae
2020,Frogs.Pond,178,7,60,rufocinctus,worker,1,Lupinus.sericeus.var.sericeus,Fabaceae
2020,Frogs.Pond,184,8,60,appositus,queen,3,Delphinium.barbeyi,Ranunculaceae
2020,Frogs.Pond,184,8,60,bifarius,queen,3,Heracleum.maximum,Apiaceae
2020,Frogs.Pond,184,8,60,bifarius,queen,1,Potentilla.fruticosa,Rosaceae
2020,Frogs.Pond,184,8,60,insularis,queen,3,Frasera.speciosa,Gentianaceae
2020,Frogs.Pond,184,8,60,occidentalis,worker,1,Potentilla.fruticosa,Rosaceae
2020,Frogs.Pond,184,8,60,rufocinctus,queen,1,Frasera.speciosa,Gentianaceae
2020,Frogs.Pond,184,8,60,rufocinctus,queen,1,Lupinus.sericeus.var.sericeus,Fabaceae
2020,Frogs.Pond,192,9,60,bifarius,queen,1,Frasera.speciosa,Gentianaceae
2020,Frogs.Pond,192,9,60,bifarius,worker,1,Potentilla.fruticosa,Rosaceae
2020,Frogs.Pond,192,9,60,flavifrons,queen,1,Delphinium.barbeyi,Ranunculaceae
2020,Frogs.Pond,192,9,60,flavifrons,worker,1,Delphinium.barbeyi,Ranunculaceae
2020,Frogs.Pond,192,9,60,insularis,queen,1,Frasera.speciosa,Gentianaceae
2020,Frogs.Pond,192,9,60,nevadensis,worker,1,Delphinium.barbeyi,Ranunculaceae
2020,Frogs.Pond,192,9,60,occidentalis,queen,1,Heracleum.maximum,Apiaceae
2020,Frogs.Pond,199,10,60,appositus,queen,1,Delphinium.barbeyi,Ranunculaceae
2020,Frogs.Pond,199,10,60,bifarius,worker,1,Calochortus.gunnisonii,Liliaceae
2020,Frogs.Pond,199,10,60,bifarius,worker,4,Erigeron.speciosus,Asteraceae
2020,Frogs.Pond,199,10,60,insularis,queen,1,Hymenoxys.hoopesii,Asteraceae
2020,Frogs.Pond,199,10,60,occidentalis,male,1,Erigeron.speciosus,Asteraceae
2020,Frogs.Pond,199,10,60,occidentalis,queen,1,Heracleum.maximum,Apiaceae
2020,Frogs.Pond,205,11,60,frigidus,male,1,Heracleum.maximum,Apiaceae
2020,Frogs.Pond,205,11,60,insularis,queen,1,Solidago.multiradiata,Asteraceae
2020,Frogs.Pond,205,11,60,occidentalis,worker,1,Angelica.grayi,Apiaceae
2020,Frogs.Pond,205,11,60,occidentalis,worker,1,Heracleum.maximum,Apiaceae
2020,Frogs.Pond,205,11,60,occidentalis,worker,3,Potentilla.fruticosa,Rosaceae
2020,Frogs.Pond,205,11,60,occidentalis,worker,1,Senecio.serra.var.admirabilis,Asteraceae
2020,Frogs.Pond,213,12,60,bifarius,worker,1,Erigeron.speciosus,Asteraceae
2020,Frogs.Pond,213,12,60,bifarius,worker,2,Heliomeris.multiflora,Asteraceae
2020,Frogs.Pond,213,12,60,insularis,male,2,Solidago.multiradiata,Asteraceae
2020,Frogs.Pond,220,13,60,bifarius,queen,1,Ericameria.parryi,Asteraceae
2020,Frogs.Pond,220,13,60,bifarius,worker,8,Heliomeris.multiflora,Asteraceae
2020,Frogs.Pond,220,13,60,insularis,male,1,Erigeron.speciosus,Asteraceae
2020,Frogs.Pond,220,13,60,insularis,queen,1,Cirsium.parryi,Asteraceae
2020,Frogs.Pond,220,13,60,occidentalis,male,10,Heliomeris.multiflora,Asteraceae
2020,Frogs.Pond,228,14,60,appositus,worker,1,Ericameria.parryi,Asteraceae
2020,Frogs.Pond,228,14,60,bifarius,queen,1,Ericameria.parryi,Asteraceae
2020,Frogs.Pond,228,14,60,bifarius,worker,1,Ericameria.parryi,Asteraceae
2020,Frogs.Pond,228,14,60,bifarius,worker,10,Heliomeris.multiflora,Asteraceae
2020,Frogs.Pond,228,14,60,flavifrons,male,1,Ericameria.parryi,Asteraceae
2020,Frogs.Pond,228,14,60,flavifrons,queen,1,Ericameria.parryi,Asteraceae
2020,Frogs.Pond,228,14,60,flavifrons,queen,1,Heliomeris.multiflora,Asteraceae
2020,Frogs.Pond,228,14,60,flavifrons,worker,1,Cirsium.parryi,Asteraceae
2020,Frogs.Pond,228,14,60,flavifrons,worker,1,Ericameria.parryi,Asteraceae
2020,Frogs.Pond,228,14,60,flavifrons,worker,1,Heliomeris.multiflora,Asteraceae
2020,Frogs.Pond,228,14,60,insularis,queen,1,Ericameria.parryi,Asteraceae
2020,Frogs.Pond,228,14,60,occidentalis,male,2,Ericameria.parryi,Asteraceae
2020,Frogs.Pond,228,14,60,occidentalis,queen,1,Ericameria.parryi,Asteraceae
2020,Frogs.Pond,228,14,60,occidentalis,worker,1,Heliomeris.multiflora,Asteraceae
2020,Frogs.Pond,228,14,60,rufocinctus,worker,3,Heliomeris.multiflora,Asteraceae
2020,Frogs.Pond,234,15,60,appositus,male,4,Ericameria.parryi,Asteraceae
2020,Frogs.Pond,234,15,60,bifarius,male,4,Heliomeris.multiflora,Asteraceae
2020,Frogs.Pond,234,15,60,bifarius,queen,1,Ericameria.parryi,Asteraceae
2020,Frogs.Pond,234,15,60,bifarius,worker,4,Ericameria.parryi,Asteraceae
2020,Frogs.Pond,234,15,60,bifarius,worker,4,Heliomeris.multiflora,Asteraceae
2020,Frogs.Pond,234,15,60,californicus,queen,1,Ericameria.parryi,Asteraceae
2020,Frogs.Pond,234,15,60,californicus,worker,1,Ericameria.parryi,Asteraceae
2020,Frogs.Pond,234,15,60,insularis,male,22,Ericameria.parryi,Asteraceae
2020,Frogs.Pond,234,15,60,insularis,male,7,Heliomeris.multiflora,Asteraceae
2020,Frogs.Pond,234,15,60,occidentalis,male,5,Ericameria.parryi,Asteraceae
2020,Frogs.Pond,234,15,60,occidentalis,male,6,Heliomeris.multiflora,Asteraceae
2020,Frogs.Pond,234,15,60,occidentalis,queen,1,Heliomeris.multiflora,Asteraceae
2020,Frogs.Pond,234,15,60,occidentalis,worker,1,Heliomeris.multiflora,Asteraceae
2020,Frogs.Pond,234,15,60,rufocinctus,male,1,Ericameria.parryi,Asteraceae
2020,Frogs.Pond,234,15,60,rufocinctus,male,1,Heliomeris.multiflora,Asteraceae
2020,Frogs.Pond,234,15,60,rufocinctus,worker,2,Ericameria.parryi,Asteraceae
2020,Frogs.Pond,234,15,60,rufocinctus,worker,1,Heliomeris.multiflora,Asteraceae
2020,Frogs.Pond,240,16,60,appositus,male,2,Cirsium.parryi,Asteraceae
2020,Frogs.Pond,240,16,60,appositus,male,3,Ericameria.parryi,Asteraceae
2020,Frogs.Pond,240,16,60,bifarius,male,4,Ericameria.parryi,Asteraceae
2020,Frogs.Pond,240,16,60,bifarius,male,7,Heliomeris.multiflora,Asteraceae
2020,Frogs.Pond,240,16,60,bifarius,worker,1,Ericameria.parryi,Asteraceae
2020,Frogs.Pond,240,16,60,bifarius,worker,1,Heliomeris.multiflora,Asteraceae
2020,Frogs.Pond,240,16,60,flavifrons,male,1,Cirsium.parryi,Asteraceae
2020,Frogs.Pond,240,16,60,flavifrons,male,1,Ericameria.parryi,Asteraceae
2020,Frogs.Pond,240,16,60,flavifrons,male,1,Sidalcea.candida,Malvaceae
2020,Frogs.Pond,240,16,60,insularis,male,3,Cirsium.parryi,Asteraceae
2020,Frogs.Pond,240,16,60,insularis,male,56,Ericameria.parryi,Asteraceae
2020,Frogs.Pond,240,16,60,insularis,male,5,Heliomeris.multiflora,Asteraceae
2020,Frogs.Pond,240,16,60,occidentalis,male,1,Ericameria.parryi,Asteraceae
2020,Frogs.Pond,240,16,60,occidentalis,worker,1,Ericameria.parryi,Asteraceae
2020,Frogs.Pond,240,16,60,rufocinctus,male,2,Ericameria.parryi,Asteraceae
2020,Frogs.Pond,240,16,60,rufocinctus,worker,1,Heliomeris.multiflora,Asteraceae
2020,Frogs.Pond,240,16,60,sylvicola,male,1,Heliomeris.multiflora,Asteraceae
2020,Frogs.Pond,247,17,60,appositus,male,1,Ericameria.parryi,Asteraceae
2020,Frogs.Pond,247,17,60,bifarius,male,9,Ericameria.parryi,Asteraceae
2020,Frogs.Pond,247,17,60,bifarius,male,4,Heliomeris.multiflora,Asteraceae
2020,Frogs.Pond,247,17,60,bifarius,worker,1,Ericameria.parryi,Asteraceae
2020,Frogs.Pond,247,17,60,insularis,male,1,Symphyotrichum.foliaceum,Asteraceae
2020,Frogs.Pond,247,17,60,insularis,male,1,Cirsium.parryi,Asteraceae
2020,Frogs.Pond,247,17,60,insularis,male,28,Ericameria.parryi,Asteraceae
2020,Frogs.Pond,247,17,60,insularis,male,1,Heliomeris.multiflora,Asteraceae
2020,Frogs.Pond,247,17,60,occidentalis,worker,1,Ericameria.parryi,Asteraceae
2020,Frogs.Pond,258,18,60,bifarius,male,3,Ericameria.parryi,Asteraceae
2020,Frogs.Pond,258,18,60,insularis,male,31,Ericameria.parryi,Asteraceae
2020,Frogs.Pond,265,19,60,insularis,male,5,Ericameria.parryi,Asteraceae
2020,Gothic.Spires,144,2,60,appositus,queen,2,Erythronium.grandiflorum,Liliaceae
2020,Gothic.Spires,144,2,60,bifarius,queen,4,Erythronium.grandiflorum,Liliaceae
2020,Gothic.Spires,144,2,60,occidentalis,queen,2,Erythronium.grandiflorum,Liliaceae
2020,Gothic.Spires,151,3,60,bifarius,queen,1,Erythronium.grandiflorum,Liliaceae
2020,Gothic.Spires,151,3,60,bifarius,queen,3,Hydrophyllum.capitatum,Hydrophyllaceae
2020,Gothic.Spires,151,3,60,bifarius,queen,1,Hydrophyllum.fendleri,Hydrophyllaceae
2020,Gothic.Spires,151,3,60,bifarius,queen,5,Mertensia.fusiformis,Boraginaceae
2020,Gothic.Spires,151,3,60,flavifrons,queen,1,Erythronium.grandiflorum,Liliaceae
2020,Gothic.Spires,151,3,60,flavifrons,queen,1,Hydrophyllum.capitatum,Hydrophyllaceae
2020,Gothic.Spires,151,3,60,flavifrons,queen,1,Mertensia.fusiformis,Boraginaceae
2020,Gothic.Spires,151,3,60,insularis,queen,1,Hydrophyllum.capitatum,Hydrophyllaceae
2020,Gothic.Spires,151,3,60,insularis,queen,2,Mertensia.fusiformis,Boraginaceae
2020,Gothic.Spires,151,3,60,sylvicola,queen,1,Mertensia.fusiformis,Boraginaceae
2020,Gothic.Spires,159,4,60,appositus,queen,2,Delphinium.nuttallianum,Ranunculaceae
2020,Gothic.Spires,159,4,60,bifarius,queen,4,Hydrophyllum.capitatum,Hydrophyllaceae
2020,Gothic.Spires,159,4,60,bifarius,queen,1,Hydrophyllum.fendleri,Hydrophyllaceae
2020,Gothic.Spires,159,4,60,bifarius,queen,1,Mertensia.ciliata,Boraginaceae
2020,Gothic.Spires,159,4,60,bifarius,queen,20,Taraxacum.officinale,Asteraceae
2020,Gothic.Spires,159,4,60,bifarius,queen,1,Valeriana.occidentalis,Valerianaceae
2020,Gothic.Spires,159,4,60,californicus,queen,1,Delphinium.nuttallianum,Ranunculaceae
2020,Gothic.Spires,159,4,60,flavifrons,queen,1,Delphinium.nuttallianum,Ranunculaceae
2020,Gothic.Spires,159,4,60,flavifrons,queen,1,Hydrophyllum.fendleri,Hydrophyllaceae
2020,Gothic.Spires,159,4,60,insularis,queen,4,Taraxacum.officinale,Asteraceae
2020,Gothic.Spires,159,4,60,mixtus,queen,1,Hydrophyllum.fendleri,Hydrophyllaceae
2020,Gothic.Spires,159,4,60,nevadensis,queen,1,Delphinium.nuttallianum,Ranunculaceae
2020,Gothic.Spires,159,4,60,sylvicola,queen,1,Taraxacum.officinale,Asteraceae
2020,Gothic.Spires,165,5,60,appositus,queen,6,Delphinium.nuttallianum,Ranunculaceae
2020,Gothic.Spires,165,5,60,bifarius,queen,1,Arnica.cordifolia,Asteraceae
2020,Gothic.Spires,165,5,60,bifarius,queen,3,Hydrophyllum.fendleri,Hydrophyllaceae
2020,Gothic.Spires,165,5,60,bifarius,queen,3,Senecio.integerrimus,Asteraceae
2020,Gothic.Spires,165,5,60,bifarius,queen,20,Taraxacum.officinale,Asteraceae
2020,Gothic.Spires,165,5,60,bifarius,worker,1,Taraxacum.officinale,Asteraceae
2020,Gothic.Spires,165,5,60,californicus,queen,2,Delphinium.nuttallianum,Ranunculaceae
2020,Gothic.Spires,165,5,60,flavifrons,queen,12,Delphinium.nuttallianum,Ranunculaceae
2020,Gothic.Spires,165,5,60,flavifrons,queen,1,Hydrophyllum.fendleri,Hydrophyllaceae
2020,Gothic.Spires,165,5,60,insularis,queen,2,Hydrophyllum.fendleri,Hydrophyllaceae
2020,Gothic.Spires,165,5,60,insularis,queen,4,Senecio.integerrimus,Asteraceae
2020,Gothic.Spires,165,5,60,insularis,queen,14,Taraxacum.officinale,Asteraceae
2020,Gothic.Spires,173,6,60,appositus,queen,1,Delphinium.nuttallianum,Ranunculaceae
2020,Gothic.Spires,173,6,60,appositus,worker,1,Lathyrus.lanszwertii.var.leucanthus,Fabaceae
2020,Gothic.Spires,173,6,60,balteatus,queen,1,Delphinium.nuttallianum,Ranunculaceae
2020,Gothic.Spires,173,6,60,bifarius,queen,1,Hydrophyllum.fendleri,Hydrophyllaceae
2020,Gothic.Spires,173,6,60,bifarius,queen,1,Mertensia.ciliata,Boraginaceae
2020,Gothic.Spires,173,6,60,bifarius,worker,2,Dodecatheon.pulchellum,Primulaceae
2020,Gothic.Spires,173,6,60,californicus,queen,1,Delphinium.nuttallianum,Ranunculaceae
2020,Gothic.Spires,173,6,60,flavifrons,queen,4,Delphinium.nuttallianum,Ranunculaceae
2020,Gothic.Spires,173,6,60,flavifrons,queen,3,Hydrophyllum.fendleri,Hydrophyllaceae
2020,Gothic.Spires,173,6,60,flavifrons,queen,1,Lathyrus.lanszwertii.var.leucanthus,Fabaceae
2020,Gothic.Spires,173,6,60,flavifrons,queen,1,Mertensia.ciliata,Boraginaceae
2020,Gothic.Spires,173,6,60,flavifrons,worker,2,Hydrophyllum.fendleri,Hydrophyllaceae
2020,Gothic.Spires,173,6,60,insularis,queen,1,Senecio.integerrimus,Asteraceae
2020,Gothic.Spires,173,6,60,rufocinctus,queen,1,Hydrophyllum.fendleri,Hydrophyllaceae
2020,Gothic.Spires,178,7,60,appositus,queen,1,Lathyrus.lanszwertii.var.leucanthus,Fabaceae
2020,Gothic.Spires,178,7,60,bifarius,queen,1,Dodecatheon.pulchellum,Primulaceae
2020,Gothic.Spires,178,7,60,bifarius,queen,1,Hydrophyllum.fendleri,Hydrophyllaceae
2020,Gothic.Spires,178,7,60,bifarius,worker,1,Dodecatheon.pulchellum,Primulaceae
2020,Gothic.Spires,178,7,60,flavifrons,queen,2,Delphinium.nuttallianum,Ranunculaceae
2020,Gothic.Spires,178,7,60,flavifrons,queen,3,Hydrophyllum.fendleri,Hydrophyllaceae
2020,Gothic.Spires,178,7,60,flavifrons,queen,3,Lathyrus.lanszwertii.var.leucanthus,Fabaceae
2020,Gothic.Spires,178,7,60,flavifrons,queen,1,Mertensia.ciliata,Boraginaceae
2020,Gothic.Spires,178,7,60,flavifrons,queen,2,Vicia.americana,Fabaceae
2020,Gothic.Spires,178,7,60,flavifrons,worker,2,Hydrophyllum.fendleri,Hydrophyllaceae
2020,Gothic.Spires,178,7,60,flavifrons,worker,2,Mertensia.ciliata,Boraginaceae
2020,Gothic.Spires,178,7,60,insularis,queen,1,Hydrophyllum.fendleri,Hydrophyllaceae
2020,Gothic.Spires,178,7,60,insularis,queen,1,Mertensia.ciliata,Boraginaceae
2020,Gothic.Spires,178,7,60,insularis,queen,3,Taraxacum.officinale,Asteraceae
2020,Gothic.Spires,184,8,60,appositus,queen,1,Delphinium.barbeyi,Ranunculaceae
2020,Gothic.Spires,184,8,60,bifarius,queen,1,Dodecatheon.pulchellum,Primulaceae
2020,Gothic.Spires,184,8,60,flavifrons,queen,3,Delphinium.barbeyi,Ranunculaceae
2020,Gothic.Spires,184,8,60,flavifrons,queen,1,Lonicera.involucrata,Caprifoliaceae
2020,Gothic.Spires,184,8,60,flavifrons,queen,1,Hydrophyllum.fendleri,Hydrophyllaceae
2020,Gothic.Spires,184,8,60,flavifrons,queen,2,Mertensia.ciliata,Boraginaceae
2020,Gothic.Spires,184,8,60,flavifrons,queen,1,Vicia.americana,Fabaceae
2020,Gothic.Spires,192,9,60,appositus,queen,2,Delphinium.barbeyi,Ranunculaceae
2020,Gothic.Spires,192,9,60,bifarius,worker,1,Potentilla.fruticosa,Rosaceae
2020,Gothic.Spires,199,10,60,appositus,male,1,Aconitum.columbianum,Ranunculaceae
2020,Gothic.Spires,199,10,60,appositus,queen,1,Delphinium.barbeyi,Ranunculaceae
2020,Gothic.Spires,199,10,60,appositus,worker,1,Delphinium.barbeyi,Ranunculaceae
2020,Gothic.Spires,199,10,60,bifarius,queen,1,Solidago.multiradiata,Asteraceae
2020,Gothic.Spires,199,10,60,bifarius,worker,1,Solidago.multiradiata,Asteraceae
2020,Gothic.Spires,199,10,60,flavifrons,queen,2,Delphinium.barbeyi,Ranunculaceae
2020,Gothic.Spires,199,10,60,flavifrons,queen,1,Vicia.americana,Fabaceae
2020,Gothic.Spires,199,10,60,flavifrons,worker,5,Aconitum.columbianum,Ranunculaceae
2020,Gothic.Spires,199,10,60,insularis,queen,2,Senecio.bigelovii,Asteraceae
2020,Gothic.Spires,199,10,60,occidentalis,male,1,Erigeron.speciosus,Asteraceae
2020,Gothic.Spires,199,10,60,occidentalis,worker,2,Potentilla.fruticosa,Rosaceae
2020,Gothic.Spires,199,10,60,occidentalis,worker,1,Solidago.multiradiata,Asteraceae
2020,Gothic.Spires,208,11,60,bifarius,queen,1,Erigeron.elatior,Asteraceae
2020,Gothic.Spires,208,11,60,bifarius,queen,1,Solidago.multiradiata,Asteraceae
2020,Gothic.Spires,208,11,60,bifarius,worker,2,Erigeron.speciosus,Asteraceae
2020,Gothic.Spires,208,11,60,californicus,worker,1,Castilleja.sulphurea,Orobanchaceae
2020,Gothic.Spires,208,11,60,flavifrons,male,3,Senecio.bigelovii,Asteraceae
2020,Gothic.Spires,208,11,60,flavifrons,queen,1,Senecio.bigelovii,Asteraceae
2020,Gothic.Spires,208,11,60,flavifrons,worker,1,Aconitum.columbianum,Ranunculaceae
2020,Gothic.Spires,208,11,60,flavifrons,worker,1,Cirsium.parryi,Asteraceae
2020,Gothic.Spires,208,11,60,flavifrons,worker,1,Erigeron.speciosus,Asteraceae
2020,Gothic.Spires,208,11,60,insularis,male,2,Solidago.multiradiata,Asteraceae
2020,Gothic.Spires,208,11,60,occidentalis,male,2,Erigeron.speciosus,Asteraceae
2020,Gothic.Spires,208,11,60,occidentalis,male,1,Solidago.multiradiata,Asteraceae
2020,Gothic.Spires,208,11,60,occidentalis,worker,4,Potentilla.fruticosa,Rosaceae
2020,Gothic.Spires,208,11,60,occidentalis,worker,1,Potentilla.pulcherrima,Rosaceae
2020,Gothic.Spires,208,11,60,sylvicola,male,1,Solidago.multiradiata,Asteraceae
2020,Gothic.Spires,212,12,60,appositus,worker,1,Trifolium.pratense,Fabaceae
2020,Gothic.Spires,212,12,60,bifarius,queen,1,Senecio.serra.var.admirabilis,Asteraceae
2020,Gothic.Spires,212,12,60,bifarius,worker,1,Heliomeris.multiflora,Asteraceae
2020,Gothic.Spires,212,12,60,insularis,male,1,Senecio.serra.var.admirabilis,Asteraceae
2020,Gothic.Spires,212,12,60,occidentalis,male,1,Senecio.serra.var.admirabilis,Asteraceae
2020,Gothic.Spires,212,12,60,occidentalis,worker,1,Heterotheca.villosa,Asteraceae
2020,Gothic.Spires,212,12,60,occidentalis,worker,2,Potentilla.fruticosa,Rosaceae
2020,Gothic.Spires,219,13,60,bifarius,male,1,Heliomeris.multiflora,Asteraceae
2020,Gothic.Spires,219,13,60,insularis,male,5,Symphyotrichum.foliaceum,Asteraceae
2020,Gothic.Spires,219,13,60,occidentalis,male,2,Symphyotrichum.foliaceum,Asteraceae
2020,Gothic.Spires,219,13,60,occidentalis,male,1,Heliomeris.multiflora,Asteraceae
2020,Gothic.Spires,219,13,60,occidentalis,worker,2,Heliomeris.multiflora,Asteraceae
2020,Gothic.Spires,226,14,60,bifarius,worker,1,Heliomeris.multiflora,Asteraceae
2020,Gothic.Spires,226,14,60,insularis,male,3,Heliomeris.multiflora,Asteraceae
2020,Gothic.Spires,233,15,60,insularis,male,2,Symphyotrichum.foliaceum,Asteraceae
2020,Gothic.Spires,233,15,60,insularis,male,3,Heliomeris.multiflora,Asteraceae
2020,Gothic.Spires,240,16,60,insularis,male,1,Symphyotrichum.foliaceum,Asteraceae
2020,Gothic.Spires,240,16,60,insularis,male,1,Heliomeris.multiflora,Asteraceae
2020,Rosy.Hills,150,3,60,bifarius,queen,1,Claytonia.lanceolata,Montiaceae
2020,Rosy.Hills,150,3,60,bifarius,queen,1,Mertensia.fusiformis,Boraginaceae
2020,Rosy.Hills,157,4,60,californicus,queen,1,Delphinium.nuttallianum,Ranunculaceae
2020,Rosy.Hills,157,4,60,flavifrons,queen,1,Delphinium.nuttallianum,Ranunculaceae
2020,Rosy.Hills,164,5,60,bifarius,queen,2,Senecio.integerrimus,Asteraceae
2020,Rosy.Hills,164,5,60,californicus,queen,1,Delphinium.nuttallianum,Ranunculaceae
2020,Rosy.Hills,164,5,60,flavifrons,queen,2,Delphinium.nuttallianum,Ranunculaceae
2020,Rosy.Hills,164,5,60,rufocinctus,queen,1,Senecio.integerrimus,Asteraceae
2020,Rosy.Hills,171,6,60,bifarius,queen,1,Hydrophyllum.fendleri,Hydrophyllaceae
2020,Rosy.Hills,171,6,60,bifarius,queen,2,Lupinus.sericeus.var.sericeus,Fabaceae
2020,Rosy.Hills,171,6,60,californicus,queen,3,Delphinium.nuttallianum,Ranunculaceae
2020,Rosy.Hills,171,6,60,centralis,queen,1,Hydrophyllum.fendleri,Hydrophyllaceae
2020,Rosy.Hills,171,6,60,flavifrons,queen,2,Frasera.speciosa,Gentianaceae
2020,Rosy.Hills,171,6,60,flavifrons,queen,1,Hydrophyllum.fendleri,Hydrophyllaceae
2020,Rosy.Hills,171,6,60,insularis,queen,1,Frasera.speciosa,Gentianaceae
2020,Rosy.Hills,179,7,60,appositus,queen,2,Aconitum.columbianum,Ranunculaceae
2020,Rosy.Hills,179,7,60,bifarius,queen,1,Frasera.speciosa,Gentianaceae
2020,Rosy.Hills,179,7,60,bifarius,queen,1,Wyethia.arizonica,Asteraceae
2020,Rosy.Hills,179,7,60,bifarius,worker,1,Frasera.speciosa,Gentianaceae
2020,Rosy.Hills,179,7,60,californicus,queen,2,Aconitum.columbianum,Ranunculaceae
2020,Rosy.Hills,179,7,60,insularis,queen,1,Hydrophyllum.fendleri,Hydrophyllaceae
2020,Rosy.Hills,179,7,60,nevadensis,queen,1,Lupinus.sericeus.var.sericeus,Fabaceae
2020,Rosy.Hills,179,7,60,rufocinctus,queen,2,Frasera.speciosa,Gentianaceae
2020,Rosy.Hills,184,8,60,appositus,queen,3,Aconitum.columbianum,Ranunculaceae
2020,Rosy.Hills,184,8,60,appositus,queen,1,Delphinium.barbeyi,Ranunculaceae
2020,Rosy.Hills,184,8,60,bifarius,queen,2,Frasera.speciosa,Gentianaceae
2020,Rosy.Hills,184,8,60,bifarius,queen,1,Symphoricarpos.rotundifolius,Caprifoliaceae
2020,Rosy.Hills,184,8,60,bifarius,worker,3,Eremogone.congesta,Caryophyllaceae
2020,Rosy.Hills,184,8,60,californicus,queen,1,Aconitum.columbianum,Ranunculaceae
2020,Rosy.Hills,184,8,60,flavifrons,queen,1,Aconitum.columbianum,Ranunculaceae
2020,Rosy.Hills,184,8,60,flavifrons,worker,1,Aconitum.columbianum,Ranunculaceae
2020,Rosy.Hills,184,8,60,insularis,queen,1,Frasera.speciosa,Gentianaceae
2020,Rosy.Hills,184,8,60,insularis,queen,1,Symphoricarpos.rotundifolius,Caprifoliaceae
2020,Rosy.Hills,192,9,60,appositus,queen,1,Delphinium.barbeyi,Ranunculaceae
2020,Rosy.Hills,192,9,60,bifarius,queen,1,Frasera.speciosa,Gentianaceae
2020,Rosy.Hills,192,9,60,bifarius,queen,1,Helianthella.quinquenervis,Asteraceae
2020,Rosy.Hills,192,9,60,bifarius,worker,4,Eremogone.congesta,Caryophyllaceae
2020,Rosy.Hills,192,9,60,californicus,queen,1,Aconitum.columbianum,Ranunculaceae
2020,Rosy.Hills,192,9,60,californicus,queen,1,Delphinium.barbeyi,Ranunculaceae
2020,Rosy.Hills,192,9,60,californicus,queen,1,Vicia.americana,Fabaceae
2020,Rosy.Hills,192,9,60,flavifrons,queen,1,Delphinium.barbeyi,Ranunculaceae
2020,Rosy.Hills,192,9,60,flavifrons,worker,1,Aconitum.columbianum,Ranunculaceae
2020,Rosy.Hills,192,9,60,insularis,queen,1,Frasera.speciosa,Gentianaceae
2020,Rosy.Hills,199,10,60,appositus,worker,1,Delphinium.barbeyi,Ranunculaceae
2020,Rosy.Hills,199,10,60,bifarius,queen,1,Erigeron.elatior,Asteraceae
2020,Rosy.Hills,199,10,60,bifarius,worker,1,Eremogone.congesta,Caryophyllaceae
2020,Rosy.Hills,199,10,60,californicus,queen,1,Vicia.americana,Fabaceae
2020,Rosy.Hills,199,10,60,flavifrons,queen,1,Aconitum.columbianum,Ranunculaceae
2020,Rosy.Hills,199,10,60,occidentalis,male,1,Eucephalus.engelmannii,Asteraceae
2020,Rosy.Hills,205,11,60,bifarius,queen,1,Erigeron.speciosus,Asteraceae
2020,Rosy.Hills,205,11,60,bifarius,worker,1,Agastache.urticifolia,Lamiaceae
2020,Rosy.Hills,205,11,60,californicus,queen,1,Delphinium.barbeyi,Ranunculaceae
2020,Rosy.Hills,212,12,60,bifarius,queen,1,Agastache.urticifolia,Lamiaceae
2020,Rosy.Hills,212,12,60,bifarius,queen,1,Erigeron.elatior,Asteraceae
2020,Rosy.Hills,220,13,60,bifarius,male,1,Ericameria.parryi,Asteraceae
2020,Rosy.Hills,220,13,60,bifarius,worker,1,Ericameria.parryi,Asteraceae
2020,Rosy.Hills,220,13,60,californicus,male,1,Heliomeris.multiflora,Asteraceae
2020,Rosy.Hills,220,13,60,insularis,male,1,Agastache.urticifolia,Lamiaceae
2020,Rosy.Hills,220,13,60,insularis,male,1,Heliomeris.multiflora,Asteraceae
2020,Rosy.Hills,220,13,60,occidentalis,male,1,Agastache.urticifolia,Lamiaceae
2020,Rosy.Hills,220,13,60,occidentalis,male,1,Ericameria.parryi,Asteraceae
2020,Rosy.Hills,227,14,60,bifarius,worker,1,Ericameria.parryi,Asteraceae
2020,Rosy.Hills,227,14,60,bifarius,worker,1,Heliomeris.multiflora,Asteraceae
2020,Rosy.Hills,227,14,60,insularis,male,1,Agastache.urticifolia,Lamiaceae
2020,Rosy.Hills,227,14,60,insularis,male,22,Ericameria.parryi,Asteraceae
2020,Rosy.Hills,227,14,60,insularis,male,1,Erigeron.speciosus,Asteraceae
2020,Rosy.Hills,227,14,60,occidentalis,male,1,Ericameria.parryi,Asteraceae
2020,Rosy.Hills,227,14,60,rufocinctus,worker,1,Ericameria.parryi,Asteraceae
2020,Rosy.Hills,233,15,60,bifarius,queen,1,Ericameria.parryi,Asteraceae
2020,Rosy.Hills,233,15,60,insularis,male,1,Agastache.urticifolia,Lamiaceae
2020,Rosy.Hills,233,15,60,insularis,queen,1,Ericameria.parryi,Asteraceae
2020,Rosy.Hills,240,16,60,bifarius,male,1,Ericameria.parryi,Asteraceae
2020,Rosy.Hills,240,16,60,insularis,male,1,Agastache.urticifolia,Lamiaceae
2020,Rosy.Hills,240,16,60,insularis,male,18,Ericameria.parryi,Asteraceae
2020,Rosy.Hills,247,17,60,bifarius,worker,1,Ericameria.parryi,Asteraceae
2020,Rosy.Hills,247,17,60,insularis,male,3,Ericameria.parryi,Asteraceae
2020,Stormy.Pass,152,3,60,bifarius,queen,3,Salix.sp,Salicaceae
2020,Stormy.Pass,152,3,60,bifarius,queen,2,Salix.wolfii,Salicaceae
2020,Stormy.Pass,152,3,60,flavifrons,queen,2,Delphinium.nuttallianum,Ranunculaceae
2020,Stormy.Pass,152,3,60,melanopygus,queen,2,Salix.sp,Salicaceae
2020,Stormy.Pass,152,3,60,occidentalis,queen,4,Salix.sp,Salicaceae
2020,Stormy.Pass,159,4,60,appositus,queen,2,Delphinium.nuttallianum,Ranunculaceae
2020,Stormy.Pass,159,4,60,bifarius,queen,1,Taraxacum.officinale,Asteraceae
2020,Stormy.Pass,159,4,60,bifarius,worker,1,Taraxacum.officinale,Asteraceae
2020,Stormy.Pass,159,4,60,flavifrons,queen,6,Delphinium.nuttallianum,Ranunculaceae
2020,Stormy.Pass,159,4,60,flavifrons,queen,5,Hydrophyllum.fendleri,Hydrophyllaceae
2020,Stormy.Pass,159,4,60,insularis,queen,1,Hydrophyllum.capitatum,Hydrophyllaceae
2020,Stormy.Pass,159,4,60,mixtus,queen,1,Hydrophyllum.capitatum,Hydrophyllaceae
2020,Stormy.Pass,159,4,60,mixtus,queen,1,Hydrophyllum.fendleri,Hydrophyllaceae
2020,Stormy.Pass,159,4,60,occidentalis,queen,2,Delphinium.nuttallianum,Ranunculaceae
2020,Stormy.Pass,166,5,60,appositus,queen,1,Delphinium.nuttallianum,Ranunculaceae
2020,Stormy.Pass,166,5,60,balteatus,queen,1,Delphinium.nuttallianum,Ranunculaceae
2020,Stormy.Pass,166,5,60,flavifrons,queen,12,Delphinium.nuttallianum,Ranunculaceae
2020,Stormy.Pass,166,5,60,flavifrons,queen,4,Hydrophyllum.fendleri,Hydrophyllaceae
2020,Stormy.Pass,166,5,60,mixtus,queen,1,Hydrophyllum.fendleri,Hydrophyllaceae
2020,Stormy.Pass,172,6,60,flavifrons,queen,2,Delphinium.nuttallianum,Ranunculaceae
2020,Stormy.Pass,172,6,60,flavifrons,queen,3,Hydrophyllum.fendleri,Hydrophyllaceae
2020,Stormy.Pass,172,6,60,insularis,queen,1,Hydrophyllum.fendleri,Hydrophyllaceae
2020,Stormy.Pass,172,6,60,mixtus,queen,2,Hydrophyllum.fendleri,Hydrophyllaceae
2020,Stormy.Pass,179,7,60,flavifrons,queen,3,Delphinium.barbeyi,Ranunculaceae
2020,Stormy.Pass,179,7,60,flavifrons,queen,12,Hydrophyllum.fendleri,Hydrophyllaceae
2020,Stormy.Pass,179,7,60,flavifrons,queen,3,Mertensia.ciliata,Boraginaceae
2020,Stormy.Pass,179,7,60,insularis,queen,1,Hydrophyllum.fendleri,Hydrophyllaceae
2020,Stormy.Pass,179,7,60,mixtus,queen,1,Hydrophyllum.fendleri,Hydrophyllaceae
2020,Stormy.Pass,185,8,60,flavifrons,queen,9,Delphinium.barbeyi,Ranunculaceae
2020,Stormy.Pass,185,8,60,flavifrons,queen,8,Hydrophyllum.fendleri,Hydrophyllaceae
2020,Stormy.Pass,185,8,60,flavifrons,queen,1,Mertensia.ciliata,Boraginaceae
2020,Stormy.Pass,185,8,60,insularis,queen,1,Hydrophyllum.fendleri,Hydrophyllaceae
2020,Stormy.Pass,185,8,60,melanopygus,worker,1,Pedicularis.racemosa,Orobanchaceae
2020,Stormy.Pass,185,8,60,mixtus,queen,1,Hydrophyllum.fendleri,Hydrophyllaceae
2020,Stormy.Pass,192,9,60,bifarius,queen,1,Hydrophyllum.fendleri,Hydrophyllaceae
2020,Stormy.Pass,192,9,60,bifarius,queen,1,Mertensia.ciliata,Boraginaceae
2020,Stormy.Pass,192,9,60,flavifrons,queen,4,Delphinium.barbeyi,Ranunculaceae
2020,Stormy.Pass,192,9,60,flavifrons,queen,3,Mertensia.ciliata,Boraginaceae
2020,Stormy.Pass,192,9,60,insularis,queen,4,Hydrophyllum.fendleri,Hydrophyllaceae
2020,Stormy.Pass,192,9,60,mixtus,worker,1,Hydrophyllum.fendleri,Hydrophyllaceae
2020,Stormy.Pass,192,9,60,occidentalis,worker,1,Heracleum.maximum,Apiaceae
2020,Stormy.Pass,192,9,60,occidentalis,worker,1,Pedicularis.racemosa,Orobanchaceae
2020,Stormy.Pass,198,10,60,bifarius,worker,1,Pedicularis.racemosa,Orobanchaceae
2020,Stormy.Pass,198,10,60,flavifrons,queen,1,Castilleja.sulphurea,Orobanchaceae
2020,Stormy.Pass,198,10,60,flavifrons,queen,7,Delphinium.barbeyi,Ranunculaceae
2020,Stormy.Pass,198,10,60,flavifrons,queen,1,Hydrophyllum.fendleri,Hydrophyllaceae
2020,Stormy.Pass,198,10,60,flavifrons,queen,1,Mertensia.ciliata,Boraginaceae
2020,Stormy.Pass,198,10,60,flavifrons,worker,2,Delphinium.barbeyi,Ranunculaceae
2020,Stormy.Pass,198,10,60,flavifrons,worker,1,Mertensia.ciliata,Boraginaceae
2020,Stormy.Pass,198,10,60,insularis,queen,1,Hydrophyllum.fendleri,Hydrophyllaceae
2020,Stormy.Pass,198,10,60,mixtus,queen,1,Hydrophyllum.fendleri,Hydrophyllaceae
2020,Stormy.Pass,198,10,60,occidentalis,queen,1,Hydrophyllum.fendleri,Hydrophyllaceae
2020,Stormy.Pass,198,10,60,sylvicola,worker,1,Pedicularis.racemosa,Orobanchaceae
2020,Stormy.Pass,205,11,60,appositus,queen,1,Delphinium.barbeyi,Ranunculaceae
2020,Stormy.Pass,205,11,60,bifarius,worker,1,Potentilla.pulcherrima,Rosaceae
2020,Stormy.Pass,205,11,60,flavifrons,queen,4,Delphinium.barbeyi,Ranunculaceae
2020,Stormy.Pass,205,11,60,flavifrons,queen,1,Hydrophyllum.fendleri,Hydrophyllaceae
2020,Stormy.Pass,205,11,60,mixtus,worker,1,Cirsium.parryi,Asteraceae
2020,Stormy.Pass,205,11,60,occidentalis,worker,1,Potentilla.pulcherrima,Rosaceae
2020,Stormy.Pass,212,12,60,flavifrons,queen,1,Delphinium.barbeyi,Ranunculaceae
2020,Stormy.Pass,212,12,60,insularis,queen,1,Cirsium.parryi,Asteraceae
2020,Stormy.Pass,212,12,60,occidentalis,male,1,Cirsium.parryi,Asteraceae
2020,Stormy.Pass,212,12,60,occidentalis,worker,1,Heliomeris.multiflora,Asteraceae
2020,Stormy.Pass,212,12,60,sylvicola,male,1,Erigeron.elatior,Asteraceae
2020,Stormy.Pass,220,13,60,bifarius,male,1,Heliomeris.multiflora,Asteraceae
2020,Stormy.Pass,220,13,60,bifarius,worker,3,Heliomeris.multiflora,Asteraceae
2020,Stormy.Pass,220,13,60,flavifrons,worker,2,Heliomeris.multiflora,Asteraceae
2020,Stormy.Pass,220,13,60,frigidus,worker,1,Heliomeris.multiflora,Asteraceae
2020,Stormy.Pass,220,13,60,insularis,queen,1,Heliomeris.multiflora,Asteraceae
2020,Stormy.Pass,220,13,60,sylvicola,male,1,Heliomeris.multiflora,Asteraceae
2020,Stormy.Pass,220,13,60,sylvicola,worker,2,Heliomeris.multiflora,Asteraceae
2020,Stormy.Pass,227,14,60,appositus,worker,1,Delphinium.barbeyi,Ranunculaceae
2020,Stormy.Pass,227,14,60,bifarius,male,1,Heliomeris.multiflora,Asteraceae
2020,Stormy.Pass,227,14,60,bifarius,queen,1,Heliomeris.multiflora,Asteraceae
2020,Stormy.Pass,227,14,60,bifarius,worker,7,Heliomeris.multiflora,Asteraceae
2020,Stormy.Pass,227,14,60,californicus,worker,2,Gentiana.parryi,Gentianaceae
2020,Stormy.Pass,227,14,60,flavifrons,queen,1,Heliomeris.multiflora,Asteraceae
2020,Stormy.Pass,227,14,60,flavifrons,worker,1,Cirsium.parryi,Asteraceae
2020,Stormy.Pass,227,14,60,flavifrons,worker,4,Heliomeris.multiflora,Asteraceae
2020,Stormy.Pass,227,14,60,insularis,male,5,Heliomeris.multiflora,Asteraceae
2020,Stormy.Pass,227,14,60,occidentalis,worker,1,Heliomeris.multiflora,Asteraceae
2020,Stormy.Pass,227,14,60,sylvicola,worker,1,Heliomeris.multiflora,Asteraceae
2020,Stormy.Pass,234,15,60,appositus,male,1,Gentiana.parryi,Gentianaceae
2020,Stormy.Pass,234,15,60,appositus,worker,1,Delphinium.barbeyi,Ranunculaceae
2020,Stormy.Pass,234,15,60,bifarius,male,2,Heliomeris.multiflora,Asteraceae
2020,Stormy.Pass,234,15,60,bifarius,queen,1,Heliomeris.multiflora,Asteraceae
2020,Stormy.Pass,234,15,60,bifarius,worker,19,Heliomeris.multiflora,Asteraceae
2020,Stormy.Pass,234,15,60,flavifrons,male,3,Heliomeris.multiflora,Asteraceae
2020,Stormy.Pass,234,15,60,flavifrons,worker,3,Heliomeris.multiflora,Asteraceae
2020,Stormy.Pass,234,15,60,frigidus,worker,1,Heliomeris.multiflora,Asteraceae
2020,Stormy.Pass,234,15,60,insularis,male,8,Heliomeris.multiflora,Asteraceae
2020,Stormy.Pass,234,15,60,occidentalis,worker,4,Heliomeris.multiflora,Asteraceae
2020,Stormy.Pass,234,15,60,rufocinctus,worker,2,Heliomeris.multiflora,Asteraceae
2020,Stormy.Pass,241,16,60,bifarius,male,28,Heliomeris.multiflora,Asteraceae
2020,Stormy.Pass,241,16,60,bifarius,queen,1,Heliomeris.multiflora,Asteraceae
2020,Stormy.Pass,241,16,60,bifarius,worker,19,Heliomeris.multiflora,Asteraceae
2020,Stormy.Pass,241,16,60,flavifrons,male,3,Cirsium.parryi,Asteraceae
2020,Stormy.Pass,241,16,60,flavifrons,male,4,Heliomeris.multiflora,Asteraceae
2020,Stormy.Pass,241,16,60,insularis,male,2,Cirsium.parryi,Asteraceae
2020,Stormy.Pass,241,16,60,insularis,male,16,Heliomeris.multiflora,Asteraceae
2020,Stormy.Pass,241,16,60,mixtus,male,2,Heliomeris.multiflora,Asteraceae
2020,Stormy.Pass,241,16,60,occidentalis,male,2,Heliomeris.multiflora,Asteraceae
2020,Stormy.Pass,241,16,60,rufocinctus,male,1,Heliomeris.multiflora,Asteraceae
2020,Stormy.Pass,248,17,60,bifarius,male,15,Heliomeris.multiflora,Asteraceae
2020,Stormy.Pass,248,17,60,bifarius,worker,1,Heliomeris.multiflora,Asteraceae
2020,Stormy.Pass,248,17,60,flavifrons,male,1,Cirsium.parryi,Asteraceae
2020,Stormy.Pass,248,17,60,insularis,male,3,Cirsium.parryi,Asteraceae
2020,Stormy.Pass,248,17,60,insularis,male,4,Heliomeris.multiflora,Asteraceae
2021,Avery.Wash,143,4,60,bifarius,queen,1,Salix.sp,Salicaceae
2021,Avery.Wash,148,5,60,bifarius,queen,1,Mertensia.fusiformis,Boraginaceae
2021,Avery.Wash,148,5,60,bifarius,queen,3,Salix.sp,Salicaceae
2021,Avery.Wash,148,5,60,sylvicola,queen,1,Salix.sp,Salicaceae
2021,Avery.Wash,155,6,60,flavifrons,queen,1,Salix.sp,Salicaceae
2021,Avery.Wash,155,6,60,flavifrons,queen,1,Viola.nuttallii,Violaceae
2021,Avery.Wash,161,7,60,bifarius,queen,1,Taraxacum.officinale,Asteraceae
2021,Avery.Wash,161,7,60,flavifrons,queen,1,Lonicera.involucrata,Caprifoliaceae
2021,Avery.Wash,161,7,60,flavifrons,queen,2,Hydrophyllum.fendleri,Hydrophyllaceae
2021,Avery.Wash,168,8,60,appositus,queen,2,Delphinium.nuttallianum,Ranunculaceae
2021,Avery.Wash,168,8,60,appositus,queen,7,Lathyrus.lanszwertii.var.leucanthus,Fabaceae
2021,Avery.Wash,168,8,60,californicus,queen,2,Lathyrus.lanszwertii.var.leucanthus,Fabaceae
2021,Avery.Wash,168,8,60,flavifrons,queen,1,Delphinium.nuttallianum,Ranunculaceae
2021,Avery.Wash,168,8,60,flavifrons,queen,15,Hydrophyllum.fendleri,Hydrophyllaceae
2021,Avery.Wash,168,8,60,flavifrons,queen,1,Lathyrus.lanszwertii.var.leucanthus,Fabaceae
2021,Avery.Wash,168,8,60,flavifrons,queen,2,Mertensia.ciliata,Boraginaceae
2021,Avery.Wash,168,8,60,nevadensis,queen,1,Lathyrus.lanszwertii.var.leucanthus,Fabaceae
2021,Avery.Wash,168,8,60,rufocinctus,queen,1,Frasera.speciosa,Gentianaceae
2021,Avery.Wash,168,8,60,sylvicola,queen,1,Hydrophyllum.fendleri,Hydrophyllaceae
2021,Avery.Wash,174,9,60,appositus,queen,13,Lathyrus.lanszwertii.var.leucanthus,Fabaceae
2021,Avery.Wash,174,9,60,appositus,queen,2,Vicia.americana,Fabaceae
2021,Avery.Wash,174,9,60,flavifrons,queen,1,Aquilegia.coerulea,Ranunculaceae
2021,Avery.Wash,174,9,60,flavifrons,queen,1,Lonicera.involucrata,Caprifoliaceae
2021,Avery.Wash,174,9,60,flavifrons,queen,1,Frasera.speciosa,Gentianaceae
2021,Avery.Wash,174,9,60,flavifrons,queen,25,Hydrophyllum.fendleri,Hydrophyllaceae
2021,Avery.Wash,174,9,60,rufocinctus,queen,1,Hydrophyllum.fendleri,Hydrophyllaceae
2021,Avery.Wash,181,10,60,appositus,queen,1,Aquilegia.coerulea,Ranunculaceae
2021,Avery.Wash,181,10,60,appositus,queen,1,Delphinium.barbeyi,Ranunculaceae
2021,Avery.Wash,181,10,60,appositus,queen,11,Lathyrus.lanszwertii.var.leucanthus,Fabaceae
2021,Avery.Wash,181,10,60,appositus,queen,1,Vicia.americana,Fabaceae
2021,Avery.Wash,181,10,60,bifarius,queen,1,Helianthella.quinquenervis,Asteraceae
2021,Avery.Wash,181,10,60,bifarius,worker,5,Helianthella.quinquenervis,Asteraceae
2021,Avery.Wash,181,10,60,bifarius,worker,3,Potentilla.pulcherrima,Rosaceae
2021,Avery.Wash,181,10,60,bifarius,worker,1,Rubus.idaeus,Rosaceae
2021,Avery.Wash,181,10,60,californicus,queen,1,Lathyrus.lanszwertii.var.leucanthus,Fabaceae
2021,Avery.Wash,181,10,60,flavifrons,queen,1,Aquilegia.coerulea,Ranunculaceae
2021,Avery.Wash,181,10,60,flavifrons,queen,2,Delphinium.barbeyi,Ranunculaceae
2021,Avery.Wash,181,10,60,flavifrons,queen,2,Frasera.speciosa,Gentianaceae
2021,Avery.Wash,181,10,60,flavifrons,queen,9,Hydrophyllum.fendleri,Hydrophyllaceae
2021,Avery.Wash,181,10,60,flavifrons,queen,4,Lathyrus.lanszwertii.var.leucanthus,Fabaceae
2021,Avery.Wash,181,10,60,flavifrons,queen,1,Mertensia.ciliata,Boraginaceae
2021,Avery.Wash,181,10,60,flavifrons,queen,12,Vicia.americana,Fabaceae
2021,Avery.Wash,181,10,60,flavifrons,worker,2,Hydrophyllum.fendleri,Hydrophyllaceae
2021,Avery.Wash,181,10,60,flavifrons,worker,3,Mertensia.ciliata,Boraginaceae
2021,Avery.Wash,181,10,60,flavifrons,worker,1,Rubus.idaeus,Rosaceae
2021,Avery.Wash,181,10,60,melanopygus,queen,1,Taraxacum.officinale,Asteraceae
2021,Avery.Wash,181,10,60,mixtus,worker,1,Helianthella.quinquenervis,Asteraceae
2021,Avery.Wash,181,10,60,mixtus,worker,1,Hydrophyllum.fendleri,Hydrophyllaceae
2021,Avery.Wash,188,11,60,appositus,queen,1,Delphinium.barbeyi,Ranunculaceae
2021,Avery.Wash,188,11,60,appositus,queen,1,Vicia.americana,Fabaceae
2021,Avery.Wash,188,11,60,appositus,worker,1,Delphinium.barbeyi,Ranunculaceae
2021,Avery.Wash,188,11,60,appositus,worker,5,Vicia.americana,Fabaceae
2021,Avery.Wash,188,11,60,bifarius,worker,9,Potentilla.pulcherrima,Rosaceae
2021,Avery.Wash,188,11,60,californicus,worker,1,Lathyrus.lanszwertii.var.leucanthus,Fabaceae
2021,Avery.Wash,188,11,60,flavifrons,queen,1,Aconitum.columbianum,Ranunculaceae
2021,Avery.Wash,188,11,60,flavifrons,queen,1,Frasera.speciosa,Gentianaceae
2021,Avery.Wash,188,11,60,flavifrons,queen,1,Pedicularis.racemosa,Orobanchaceae
2021,Avery.Wash,188,11,60,flavifrons,queen,3,Vicia.americana,Fabaceae
2021,Avery.Wash,188,11,60,flavifrons,worker,3,Aconitum.columbianum,Ranunculaceae
2021,Avery.Wash,188,11,60,flavifrons,worker,1,Geranium.richardsonii,Geraniaceae
2021,Avery.Wash,188,11,60,flavifrons,worker,10,Helianthella.quinquenervis,Asteraceae
2021,Avery.Wash,188,11,60,flavifrons,worker,2,Hydrophyllum.fendleri,Hydrophyllaceae
2021,Avery.Wash,188,11,60,flavifrons,worker,8,Mertensia.ciliata,Boraginaceae
2021,Avery.Wash,188,11,60,flavifrons,worker,1,Pedicularis.racemosa,Orobanchaceae
2021,Avery.Wash,188,11,60,flavifrons,worker,1,Vicia.americana,Fabaceae
2021,Avery.Wash,188,11,60,insularis,queen,1,Hymenoxys.hoopesii,Asteraceae
2021,Avery.Wash,188,11,60,mixtus,worker,1,Helianthella.quinquenervis,Asteraceae
2021,Avery.Wash,188,11,60,mixtus,worker,1,Pedicularis.racemosa,Orobanchaceae
2021,Avery.Wash,188,11,60,mixtus,worker,1,Potentilla.pulcherrima,Rosaceae
2021,Avery.Wash,188,11,60,mixtus,worker,4,Senecio.crassulus,Asteraceae
2021,Avery.Wash,188,11,60,rufocinctus,worker,2,Helianthella.quinquenervis,Asteraceae
2021,Avery.Wash,188,11,60,rufocinctus,worker,4,Potentilla.pulcherrima,Rosaceae
2021,Avery.Wash,188,11,60,sylvicola,worker,1,Potentilla.pulcherrima,Rosaceae
2021,Avery.Wash,196,12,60,appositus,worker,4,Delphinium.barbeyi,Ranunculaceae
2021,Avery.Wash,196,12,60,bifarius,worker,1,Delphinium.barbeyi,Ranunculaceae
2021,Avery.Wash,196,12,60,bifarius,worker,4,Helianthella.quinquenervis,Asteraceae
2021,Avery.Wash,196,12,60,bifarius,worker,1,Heliomeris.multiflora,Asteraceae
2021,Avery.Wash,196,12,60,bifarius,worker,1,Mertensia.ciliata,Boraginaceae
2021,Avery.Wash,196,12,60,bifarius,worker,11,Potentilla.pulcherrima,Rosaceae
2021,Avery.Wash,196,12,60,flavifrons,queen,8,Delphinium.barbeyi,Ranunculaceae
2021,Avery.Wash,196,12,60,flavifrons,queen,2,Vicia.americana,Fabaceae
2021,Avery.Wash,196,12,60,flavifrons,worker,2,Aconitum.columbianum,Ranunculaceae
2021,Avery.Wash,196,12,60,flavifrons,worker,1,Collomia.linearis,Polemoniaceae
2021,Avery.Wash,196,12,60,flavifrons,worker,8,Delphinium.barbeyi,Ranunculaceae
2021,Avery.Wash,196,12,60,flavifrons,worker,1,Frasera.speciosa,Gentianaceae
2021,Avery.Wash,196,12,60,flavifrons,worker,12,Helianthella.quinquenervis,Asteraceae
2021,Avery.Wash,196,12,60,flavifrons,worker,11,Mertensia.ciliata,Boraginaceae
2021,Avery.Wash,196,12,60,flavifrons,worker,2,Pedicularis.racemosa,Orobanchaceae
2021,Avery.Wash,196,12,60,flavifrons,worker,2,Potentilla.pulcherrima,Rosaceae
2021,Avery.Wash,196,12,60,flavifrons,worker,1,Vicia.americana,Fabaceae
2021,Avery.Wash,196,12,60,frigidus,worker,1,Potentilla.pulcherrima,Rosaceae
2021,Avery.Wash,196,12,60,melanopygus,queen,1,Hymenoxys.hoopesii,Asteraceae
2021,Avery.Wash,196,12,60,mixtus,worker,1,Hymenoxys.hoopesii,Asteraceae
2021,Avery.Wash,196,12,60,mixtus,worker,3,Helianthella.quinquenervis,Asteraceae
2021,Avery.Wash,196,12,60,mixtus,worker,3,Mertensia.ciliata,Boraginaceae
2021,Avery.Wash,196,12,60,occidentalis,worker,1,Solidago.multiradiata,Asteraceae
2021,Avery.Wash,196,12,60,rufocinctus,worker,1,Helianthella.quinquenervis,Asteraceae
2021,Avery.Wash,196,12,60,rufocinctus,worker,1,Trifolium.repens,Fabaceae
2021,Avery.Wash,202,13,60,appositus,worker,4,Delphinium.barbeyi,Ranunculaceae
2021,Avery.Wash,202,13,60,appositus,worker,1,Erigeron.speciosus,Asteraceae
2021,Avery.Wash,202,13,60,balteatus,queen,2,Delphinium.barbeyi,Ranunculaceae
2021,Avery.Wash,202,13,60,balteatus,worker,2,Delphinium.barbeyi,Ranunculaceae
2021,Avery.Wash,202,13,60,bifarius,male,2,Erigeron.elatior,Asteraceae
2021,Avery.Wash,202,13,60,bifarius,male,1,Helianthella.quinquenervis,Asteraceae
2021,Avery.Wash,202,13,60,bifarius,male,1,Senecio.bigelovii,Asteraceae
2021,Avery.Wash,202,13,60,bifarius,worker,1,Hymenoxys.hoopesii,Asteraceae
2021,Avery.Wash,202,13,60,bifarius,worker,2,Erigeron.speciosus,Asteraceae
2021,Avery.Wash,202,13,60,bifarius,worker,5,Heliomeris.multiflora,Asteraceae
2021,Avery.Wash,202,13,60,bifarius,worker,4,Heterotheca.villosa,Asteraceae
2021,Avery.Wash,202,13,60,bifarius,worker,1,Senecio.bigelovii,Asteraceae
2021,Avery.Wash,202,13,60,bifarius,worker,1,Pedicularis.racemosa,Orobanchaceae
2021,Avery.Wash,202,13,60,bifarius,worker,9,Potentilla.pulcherrima,Rosaceae
2021,Avery.Wash,202,13,60,bifarius,worker,3,Solidago.multiradiata,Asteraceae
2021,Avery.Wash,202,13,60,flavifrons,male,1,Helianthella.quinquenervis,Asteraceae
2021,Avery.Wash,202,13,60,flavifrons,male,1,Senecio.bigelovii,Asteraceae
2021,Avery.Wash,202,13,60,flavifrons,male,1,Solidago.multiradiata,Asteraceae
2021,Avery.Wash,202,13,60,flavifrons,queen,1,Delphinium.barbeyi,Ranunculaceae
2021,Avery.Wash,202,13,60,flavifrons,queen,1,Potentilla.pulcherrima,Rosaceae
2021,Avery.Wash,202,13,60,flavifrons,worker,3,Aconitum.columbianum,Ranunculaceae
2021,Avery.Wash,202,13,60,flavifrons,worker,1,Cirsium.parryi,Asteraceae
2021,Avery.Wash,202,13,60,flavifrons,worker,14,Delphinium.barbeyi,Ranunculaceae
2021,Avery.Wash,202,13,60,flavifrons,worker,4,Helianthella.quinquenervis,Asteraceae
2021,Avery.Wash,202,13,60,flavifrons,worker,4,Heterotheca.villosa,Asteraceae
2021,Avery.Wash,202,13,60,flavifrons,worker,3,Senecio.bigelovii,Asteraceae
2021,Avery.Wash,202,13,60,flavifrons,worker,6,Mertensia.ciliata,Boraginaceae
2021,Avery.Wash,202,13,60,flavifrons,worker,1,Pedicularis.racemosa,Orobanchaceae
2021,Avery.Wash,202,13,60,flavifrons,worker,8,Potentilla.pulcherrima,Rosaceae
2021,Avery.Wash,202,13,60,flavifrons,worker,3,Solidago.multiradiata,Asteraceae
2021,Avery.Wash,202,13,60,melanopygus,queen,1,Solidago.multiradiata,Asteraceae
2021,Avery.Wash,202,13,60,melanopygus,worker,1,Hymenoxys.hoopesii,Asteraceae
2021,Avery.Wash,202,13,60,melanopygus,worker,2,Heterotheca.villosa,Asteraceae
2021,Avery.Wash,202,13,60,mixtus,male,1,Solidago.multiradiata,Asteraceae
2021,Avery.Wash,202,13,60,mixtus,worker,1,Hymenoxys.hoopesii,Asteraceae
2021,Avery.Wash,202,13,60,mixtus,worker,1,Erigeron.elatior,Asteraceae
2021,Avery.Wash,202,13,60,mixtus,worker,1,Erigeron.speciosus,Asteraceae
2021,Avery.Wash,202,13,60,mixtus,worker,1,Heliomeris.multiflora,Asteraceae
2021,Avery.Wash,202,13,60,mixtus,worker,1,Heterotheca.villosa,Asteraceae
2021,Avery.Wash,202,13,60,mixtus,worker,3,Senecio.bigelovii,Asteraceae
2021,Avery.Wash,202,13,60,mixtus,worker,1,Pedicularis.racemosa,Orobanchaceae
2021,Avery.Wash,202,13,60,mixtus,worker,2,Potentilla.pulcherrima,Rosaceae
2021,Avery.Wash,202,13,60,mixtus,worker,3,Solidago.multiradiata,Asteraceae
2021,Avery.Wash,202,13,60,occidentalis,male,1,Heterotheca.villosa,Asteraceae
2021,Avery.Wash,202,13,60,rufocinctus,worker,3,Erigeron.elatior,Asteraceae
2021,Avery.Wash,202,13,60,rufocinctus,worker,5,Erigeron.speciosus,Asteraceae
2021,Avery.Wash,202,13,60,rufocinctus,worker,3,Heliomeris.multiflora,Asteraceae
2021,Avery.Wash,202,13,60,rufocinctus,worker,6,Potentilla.pulcherrima,Rosaceae
2021,Avery.Wash,202,13,60,sylvicola,worker,1,Achillea.millefolium,Asteraceae
2021,Avery.Wash,202,13,60,sylvicola,worker,3,Potentilla.pulcherrima,Rosaceae
2021,Avery.Wash,202,13,60,sylvicola,worker,2,Solidago.multiradiata,Asteraceae
2021,Avery.Wash,209,14,60,appositus,queen,2,Delphinium.barbeyi,Ranunculaceae
2021,Avery.Wash,209,14,60,appositus,worker,17,Delphinium.barbeyi,Ranunculaceae
2021,Avery.Wash,209,14,60,appositus,worker,1,Heliomeris.multiflora,Asteraceae
2021,Avery.Wash,209,14,60,appositus,worker,1,Senecio.serra.var.admirabilis,Asteraceae
2021,Avery.Wash,209,14,60,balteatus,worker,1,Delphinium.barbeyi,Ranunculaceae
2021,Avery.Wash,209,14,60,bifarius,male,8,Heliomeris.multiflora,Asteraceae
2021,Avery.Wash,209,14,60,bifarius,male,1,Senecio.bigelovii,Asteraceae
2021,Avery.Wash,209,14,60,bifarius,male,2,Senecio.serra.var.admirabilis,Asteraceae
2021,Avery.Wash,209,14,60,bifarius,male,2,Solidago.multiradiata,Asteraceae
2021,Avery.Wash,209,14,60,bifarius,worker,1,Agoseris.aurantiaca,Asteraceae
2021,Avery.Wash,209,14,60,bifarius,worker,1,Erigeron.elatior,Asteraceae
2021,Avery.Wash,209,14,60,bifarius,worker,1,Erigeron.speciosus,Asteraceae
2021,Avery.Wash,209,14,60,bifarius,worker,28,Heliomeris.multiflora,Asteraceae
2021,Avery.Wash,209,14,60,bifarius,worker,1,Heterotheca.villosa,Asteraceae
2021,Avery.Wash,209,14,60,bifarius,worker,1,Senecio.serra.var.admirabilis,Asteraceae
2021,Avery.Wash,209,14,60,bifarius,worker,1,Tragopogon.dubius,Asteraceae
2021,Avery.Wash,209,14,60,flavifrons,male,2,Agastache.urticifolia,Lamiaceae
2021,Avery.Wash,209,14,60,flavifrons,male,2,Cirsium.parryi,Asteraceae
2021,Avery.Wash,209,14,60,flavifrons,male,10,Senecio.bigelovii,Asteraceae
2021,Avery.Wash,209,14,60,flavifrons,male,17,Senecio.serra.var.admirabilis,Asteraceae
2021,Avery.Wash,209,14,60,flavifrons,male,1,Solidago.multiradiata,Asteraceae
2021,Avery.Wash,209,14,60,flavifrons,queen,5,Delphinium.barbeyi,Ranunculaceae
2021,Avery.Wash,209,14,60,flavifrons,queen,1,Heliomeris.multiflora,Asteraceae
2021,Avery.Wash,209,14,60,flavifrons,worker,1,Aconitum.columbianum,Ranunculaceae
2021,Avery.Wash,209,14,60,flavifrons,worker,2,Agastache.urticifolia,Lamiaceae
2021,Avery.Wash,209,14,60,flavifrons,worker,5,Cirsium.parryi,Asteraceae
2021,Avery.Wash,209,14,60,flavifrons,worker,28,Delphinium.barbeyi,Ranunculaceae
2021,Avery.Wash,209,14,60,flavifrons,worker,1,Hymenoxys.hoopesii,Asteraceae
2021,Avery.Wash,209,14,60,flavifrons,worker,2,Erigeron.elatior,Asteraceae
2021,Avery.Wash,209,14,60,flavifrons,worker,17,Heliomeris.multiflora,Asteraceae
2021,Avery.Wash,209,14,60,flavifrons,worker,2,Heterotheca.villosa,Asteraceae
2021,Avery.Wash,209,14,60,flavifrons,worker,4,Senecio.bigelovii,Asteraceae
2021,Avery.Wash,209,14,60,flavifrons,worker,7,Senecio.serra.var.admirabilis,Asteraceae
2021,Avery.Wash,209,14,60,melanopygus,male,1,Hymenoxys.hoopesii,Asteraceae
2021,Avery.Wash,209,14,60,melanopygus,male,1,Heliomeris.multiflora,Asteraceae
2021,Avery.Wash,209,14,60,melanopygus,male,1,Senecio.serra.var.admirabilis,Asteraceae
2021,Avery.Wash,209,14,60,melanopygus,worker,1,Senecio.serra.var.admirabilis,Asteraceae
2021,Avery.Wash,209,14,60,melanopygus,worker,1,Solidago.multiradiata,Asteraceae
2021,Avery.Wash,209,14,60,mixtus,male,3,Heliomeris.multiflora,Asteraceae
2021,Avery.Wash,209,14,60,mixtus,male,1,Senecio.serra.var.admirabilis,Asteraceae
2021,Avery.Wash,209,14,60,mixtus,worker,1,Helianthella.quinquenervis,Asteraceae
2021,Avery.Wash,209,14,60,mixtus,worker,8,Heliomeris.multiflora,Asteraceae
2021,Avery.Wash,209,14,60,mixtus,worker,1,Senecio.serra.var.admirabilis,Asteraceae
2021,Avery.Wash,209,14,60,mixtus,worker,2,Vicia.americana,Fabaceae
2021,Avery.Wash,209,14,60,nevadensis,queen,1,Delphinium.barbeyi,Ranunculaceae
2021,Avery.Wash,209,14,60,nevadensis,worker,1,Heliomeris.multiflora,Asteraceae
2021,Avery.Wash,209,14,60,rufocinctus,worker,3,Erigeron.elatior,Asteraceae
2021,Avery.Wash,209,14,60,rufocinctus,worker,15,Heliomeris.multiflora,Asteraceae
2021,Avery.Wash,209,14,60,sylvicola,male,1,Heliomeris.multiflora,Asteraceae
2021,Avery.Wash,216,15,60,appositus,male,2,Cirsium.parryi,Asteraceae
2021,Avery.Wash,216,15,60,appositus,male,4,Delphinium.barbeyi,Ranunculaceae
2021,Avery.Wash,216,15,60,appositus,male,1,Erigeron.elatior,Asteraceae
2021,Avery.Wash,216,15,60,appositus,male,3,Heterotheca.villosa,Asteraceae
2021,Avery.Wash,216,15,60,appositus,male,4,Senecio.serra.var.admirabilis,Asteraceae
2021,Avery.Wash,216,15,60,appositus,male,1,Vicia.americana,Fabaceae
2021,Avery.Wash,216,15,60,appositus,worker,1,Campanula.rotundifolia,Campanulaceae
2021,Avery.Wash,216,15,60,appositus,worker,7,Delphinium.barbeyi,Ranunculaceae
2021,Avery.Wash,216,15,60,appositus,worker,2,Heterotheca.villosa,Asteraceae
2021,Avery.Wash,216,15,60,appositus,worker,1,Senecio.serra.var.admirabilis,Asteraceae
2021,Avery.Wash,216,15,60,bifarius,male,1,Erigeron.speciosus,Asteraceae
2021,Avery.Wash,216,15,60,bifarius,male,10,Heliomeris.multiflora,Asteraceae
2021,Avery.Wash,216,15,60,bifarius,male,1,Heterotheca.villosa,Asteraceae
2021,Avery.Wash,216,15,60,bifarius,male,8,Senecio.serra.var.admirabilis,Asteraceae
2021,Avery.Wash,216,15,60,bifarius,queen,1,Heliomeris.multiflora,Asteraceae
2021,Avery.Wash,216,15,60,bifarius,worker,1,Campanula.rotundifolia,Campanulaceae
2021,Avery.Wash,216,15,60,bifarius,worker,1,Erigeron.speciosus,Asteraceae
2021,Avery.Wash,216,15,60,bifarius,worker,19,Heliomeris.multiflora,Asteraceae
2021,Avery.Wash,216,15,60,bifarius,worker,3,Heterotheca.villosa,Asteraceae
2021,Avery.Wash,216,15,60,bifarius,worker,9,Senecio.serra.var.admirabilis,Asteraceae
2021,Avery.Wash,216,15,60,bifarius,worker,1,Solidago.multiradiata,Asteraceae
2021,Avery.Wash,216,15,60,californicus,worker,1,Cirsium.parryi,Asteraceae
2021,Avery.Wash,216,15,60,flavifrons,male,1,Erigeron.speciosus,Asteraceae
2021,Avery.Wash,216,15,60,flavifrons,male,10,Heliomeris.multiflora,Asteraceae
2021,Avery.Wash,216,15,60,flavifrons,male,6,Heterotheca.villosa,Asteraceae
2021,Avery.Wash,216,15,60,flavifrons,male,8,Senecio.bigelovii,Asteraceae
2021,Avery.Wash,216,15,60,flavifrons,male,62,Senecio.serra.var.admirabilis,Asteraceae
2021,Avery.Wash,216,15,60,flavifrons,male,1,Solidago.multiradiata,Asteraceae
2021,Avery.Wash,216,15,60,flavifrons,queen,1,Senecio.serra.var.admirabilis,Asteraceae
2021,Avery.Wash,216,15,60,flavifrons,queen,1,Solidago.multiradiata,Asteraceae
2021,Avery.Wash,216,15,60,flavifrons,worker,2,Aconitum.columbianum,Ranunculaceae
2021,Avery.Wash,216,15,60,flavifrons,worker,3,Cirsium.parryi,Asteraceae
2021,Avery.Wash,216,15,60,flavifrons,worker,8,Delphinium.barbeyi,Ranunculaceae
2021,Avery.Wash,216,15,60,flavifrons,worker,19,Heliomeris.multiflora,Asteraceae
2021,Avery.Wash,216,15,60,flavifrons,worker,7,Heterotheca.villosa,Asteraceae
2021,Avery.Wash,216,15,60,flavifrons,worker,2,Senecio.bigelovii,Asteraceae
2021,Avery.Wash,216,15,60,flavifrons,worker,33,Senecio.serra.var.admirabilis,Asteraceae
2021,Avery.Wash,216,15,60,flavifrons,worker,3,Solidago.multiradiata,Asteraceae
2021,Avery.Wash,216,15,60,flavifrons,worker,1,Trifolium.repens,Fabaceae
2021,Avery.Wash,216,15,60,frigidus,male,1,Senecio.serra.var.admirabilis,Asteraceae
2021,Avery.Wash,216,15,60,frigidus,male,1,Symphyotrichum.spathulatum,Asteraceae
2021,Avery.Wash,216,15,60,frigidus,worker,1,Senecio.serra.var.admirabilis,Asteraceae
2021,Avery.Wash,216,15,60,insularis,male,3,Heliomeris.multiflora,Asteraceae
2021,Avery.Wash,216,15,60,insularis,male,2,Heterotheca.villosa,Asteraceae
2021,Avery.Wash,216,15,60,insularis,male,3,Senecio.serra.var.admirabilis,Asteraceae
2021,Avery.Wash,216,15,60,melanopygus,male,1,Heliomeris.multiflora,Asteraceae
2021,Avery.Wash,216,15,60,melanopygus,male,1,Senecio.serra.var.admirabilis,Asteraceae
2021,Avery.Wash,216,15,60,melanopygus,worker,3,Heliomeris.multiflora,Asteraceae
2021,Avery.Wash,216,15,60,melanopygus,worker,3,Senecio.serra.var.admirabilis,Asteraceae
2021,Avery.Wash,216,15,60,mixtus,male,2,Erigeron.elatior,Asteraceae
2021,Avery.Wash,216,15,60,mixtus,male,17,Heliomeris.multiflora,Asteraceae
2021,Avery.Wash,216,15,60,mixtus,male,2,Heterotheca.villosa,Asteraceae
2021,Avery.Wash,216,15,60,mixtus,male,6,Senecio.serra.var.admirabilis,Asteraceae
2021,Avery.Wash,216,15,60,mixtus,male,3,Solidago.multiradiata,Asteraceae
2021,Avery.Wash,216,15,60,mixtus,worker,7,Heliomeris.multiflora,Asteraceae
2021,Avery.Wash,216,15,60,mixtus,worker,1,Heterotheca.villosa,Asteraceae
2021,Avery.Wash,216,15,60,mixtus,worker,4,Senecio.serra.var.admirabilis,Asteraceae
2021,Avery.Wash,216,15,60,mixtus,worker,1,Solidago.multiradiata,Asteraceae
2021,Avery.Wash,216,15,60,occidentalis,male,6,Senecio.serra.var.admirabilis,Asteraceae
2021,Avery.Wash,216,15,60,occidentalis,worker,1,Senecio.serra.var.admirabilis,Asteraceae
2021,Avery.Wash,216,15,60,occidentalis,worker,1,Solidago.multiradiata,Asteraceae
2021,Avery.Wash,216,15,60,rufocinctus,worker,1,Heliomeris.multiflora,Asteraceae
2021,Avery.Wash,216,15,60,sylvicola,worker,5,Heliomeris.multiflora,Asteraceae
2021,Avery.Wash,216,15,60,sylvicola,worker,1,Heterotheca.villosa,Asteraceae
2021,Avery.Wash,216,15,60,sylvicola,worker,4,Senecio.serra.var.admirabilis,Asteraceae
2021,Avery.Wash,216,15,60,sylvicola,worker,1,Solidago.multiradiata,Asteraceae
2021,Avery.Wash,225,16,60,appositus,male,2,Cirsium.parryi,Asteraceae
2021,Avery.Wash,225,16,60,appositus,male,1,Heterotheca.villosa,Asteraceae
2021,Avery.Wash,225,16,60,appositus,male,1,Senecio.serra.var.admirabilis,Asteraceae
2021,Avery.Wash,225,16,60,appositus,worker,1,Gentiana.parryi,Gentianaceae
2021,Avery.Wash,225,16,60,appositus,worker,2,Senecio.serra.var.admirabilis,Asteraceae
2021,Avery.Wash,225,16,60,bifarius,male,20,Heliomeris.multiflora,Asteraceae
2021,Avery.Wash,225,16,60,bifarius,male,7,Senecio.serra.var.admirabilis,Asteraceae
2021,Avery.Wash,225,16,60,bifarius,worker,21,Heliomeris.multiflora,Asteraceae
2021,Avery.Wash,225,16,60,bifarius,worker,3,Trifolium.repens,Fabaceae
2021,Avery.Wash,225,16,60,californicus,male,1,Senecio.serra.var.admirabilis,Asteraceae
2021,Avery.Wash,225,16,60,californicus,worker,1,Senecio.serra.var.admirabilis,Asteraceae
2021,Avery.Wash,225,16,60,flavifrons,male,24,Heliomeris.multiflora,Asteraceae
2021,Avery.Wash,225,16,60,flavifrons,male,3,Heterotheca.villosa,Asteraceae
2021,Avery.Wash,225,16,60,flavifrons,male,1,Senecio.bigelovii,Asteraceae
2021,Avery.Wash,225,16,60,flavifrons,male,81,Senecio.serra.var.admirabilis,Asteraceae
2021,Avery.Wash,225,16,60,flavifrons,queen,1,Cirsium.parryi,Asteraceae
2021,Avery.Wash,225,16,60,flavifrons,queen,1,Delphinium.barbeyi,Ranunculaceae
2021,Avery.Wash,225,16,60,flavifrons,worker,1,Cirsium.parryi,Asteraceae
2021,Avery.Wash,225,16,60,flavifrons,worker,1,Delphinium.barbeyi,Ranunculaceae
2021,Avery.Wash,225,16,60,flavifrons,worker,25,Heliomeris.multiflora,Asteraceae
2021,Avery.Wash,225,16,60,flavifrons,worker,3,Heterotheca.villosa,Asteraceae
2021,Avery.Wash,225,16,60,flavifrons,worker,22,Senecio.serra.var.admirabilis,Asteraceae
2021,Avery.Wash,225,16,60,flavifrons,worker,1,Vicia.americana,Fabaceae
2021,Avery.Wash,225,16,60,insularis,male,3,Heliomeris.multiflora,Asteraceae
2021,Avery.Wash,225,16,60,insularis,male,12,Senecio.serra.var.admirabilis,Asteraceae
2021,Avery.Wash,225,16,60,insularis,queen,3,Senecio.serra.var.admirabilis,Asteraceae
2021,Avery.Wash,225,16,60,mixtus,male,22,Heliomeris.multiflora,Asteraceae
2021,Avery.Wash,225,16,60,mixtus,male,6,Senecio.serra.var.admirabilis,Asteraceae
2021,Avery.Wash,225,16,60,mixtus,worker,11,Heliomeris.multiflora,Asteraceae
2021,Avery.Wash,225,16,60,occidentalis,male,1,Senecio.serra.var.admirabilis,Asteraceae
2021,Avery.Wash,225,16,60,rufocinctus,male,3,Heliomeris.multiflora,Asteraceae
2021,Avery.Wash,225,16,60,rufocinctus,male,1,Senecio.serra.var.admirabilis,Asteraceae
2021,Avery.Wash,225,16,60,rufocinctus,worker,9,Heliomeris.multiflora,Asteraceae
2021,Avery.Wash,225,16,60,sylvicola,male,4,Heliomeris.multiflora,Asteraceae
2021,Avery.Wash,225,16,60,sylvicola,male,1,Senecio.serra.var.admirabilis,Asteraceae
2021,Avery.Wash,232,17,60,appositus,male,1,Gentiana.parryi,Gentianaceae
2021,Avery.Wash,232,17,60,bifarius,male,9,Heliomeris.multiflora,Asteraceae
2021,Avery.Wash,232,17,60,bifarius,worker,19,Heliomeris.multiflora,Asteraceae
2021,Avery.Wash,232,17,60,californicus,worker,1,Gentiana.parryi,Gentianaceae
2021,Avery.Wash,232,17,60,fernaldae,male,1,Heliomeris.multiflora,Asteraceae
2021,Avery.Wash,232,17,60,flavifrons,male,43,Heliomeris.multiflora,Asteraceae
2021,Avery.Wash,232,17,60,flavifrons,male,32,Senecio.serra.var.admirabilis,Asteraceae
2021,Avery.Wash,232,17,60,flavifrons,worker,1,Delphinium.barbeyi,Ranunculaceae
2021,Avery.Wash,232,17,60,flavifrons,worker,3,Heliomeris.multiflora,Asteraceae
2021,Avery.Wash,232,17,60,flavifrons,worker,1,Senecio.serra.var.admirabilis,Asteraceae
2021,Avery.Wash,232,17,60,frigidus,male,1,Heliomeris.multiflora,Asteraceae
2021,Avery.Wash,232,17,60,insularis,male,7,Heliomeris.multiflora,Asteraceae
2021,Avery.Wash,232,17,60,insularis,male,2,Senecio.serra.var.admirabilis,Asteraceae
2021,Avery.Wash,232,17,60,melanopygus,male,1,Heliomeris.multiflora,Asteraceae
2021,Avery.Wash,232,17,60,mixtus,male,13,Heliomeris.multiflora,Asteraceae
2021,Avery.Wash,232,17,60,mixtus,male,2,Senecio.serra.var.admirabilis,Asteraceae
2021,Avery.Wash,232,17,60,mixtus,worker,2,Heliomeris.multiflora,Asteraceae
2021,Avery.Wash,232,17,60,occidentalis,male,1,Heliomeris.multiflora,Asteraceae
2021,Avery.Wash,232,17,60,rufocinctus,male,1,Heliomeris.multiflora,Asteraceae
2021,Avery.Wash,232,17,60,rufocinctus,worker,6,Heliomeris.multiflora,Asteraceae
2021,Avery.Wash,232,17,60,sylvicola,male,3,Heliomeris.multiflora,Asteraceae
2021,Avery.Wash,232,17,60,sylvicola,worker,2,Heliomeris.multiflora,Asteraceae
2021,Avery.Wash,239,18,60,appositus,male,1,Gentiana.parryi,Gentianaceae
2021,Avery.Wash,239,18,60,bifarius,worker,7,Heliomeris.multiflora,Asteraceae
2021,Avery.Wash,239,18,60,californicus,worker,1,Gentiana.parryi,Gentianaceae
2021,Avery.Wash,239,18,60,flavifrons,male,2,Cirsium.arvense,Asteraceae
2021,Avery.Wash,239,18,60,flavifrons,male,1,Hymenoxys.hoopesii,Asteraceae
2021,Avery.Wash,239,18,60,flavifrons,male,37,Heliomeris.multiflora,Asteraceae
2021,Avery.Wash,239,18,60,flavifrons,male,13,Senecio.serra.var.admirabilis,Asteraceae
2021,Avery.Wash,239,18,60,flavifrons,male,1,Taraxacum.officinale,Asteraceae
2021,Avery.Wash,239,18,60,flavifrons,queen,1,Cirsium.arvense,Asteraceae
2021,Avery.Wash,239,18,60,flavifrons,worker,2,Cirsium.arvense,Asteraceae
2021,Avery.Wash,239,18,60,flavifrons,worker,2,Heliomeris.multiflora,Asteraceae
2021,Avery.Wash,239,18,60,insularis,male,1,Heliomeris.multiflora,Asteraceae
2021,Avery.Wash,239,18,60,insularis,male,1,Senecio.serra.var.admirabilis,Asteraceae
2021,Avery.Wash,239,18,60,mixtus,male,1,Cirsium.arvense,Asteraceae
2021,Avery.Wash,239,18,60,mixtus,male,11,Heliomeris.multiflora,Asteraceae
2021,Avery.Wash,239,18,60,occidentalis,male,1,Cirsium.arvense,Asteraceae
2021,Avery.Wash,239,18,60,rufocinctus,male,1,Heliomeris.multiflora,Asteraceae
2021,Avery.Wash,247,19,60,appositus,worker,1,Gentiana.parryi,Gentianaceae
2021,Avery.Wash,247,19,60,bifarius,male,2,Cirsium.arvense,Asteraceae
2021,Avery.Wash,247,19,60,bifarius,male,1,Heliomeris.multiflora,Asteraceae
2021,Avery.Wash,247,19,60,bifarius,worker,3,Cirsium.arvense,Asteraceae
2021,Avery.Wash,247,19,60,bifarius,worker,1,Heliomeris.multiflora,Asteraceae
2021,Avery.Wash,247,19,60,californicus,male,1,Cirsium.arvense,Asteraceae
2021,Avery.Wash,247,19,60,californicus,worker,1,Cirsium.arvense,Asteraceae
2021,Avery.Wash,247,19,60,flavifrons,male,3,Cirsium.arvense,Asteraceae
2021,Avery.Wash,247,19,60,flavifrons,male,1,Heliomeris.multiflora,Asteraceae
2021,Avery.Wash,247,19,60,flavifrons,queen,1,Cirsium.arvense,Asteraceae
2021,Avery.Wash,247,19,60,flavifrons,worker,1,Cirsium.arvense,Asteraceae
2021,Avery.Wash,247,19,60,insularis,male,2,Cirsium.arvense,Asteraceae
2021,Avery.Wash,247,19,60,insularis,male,1,Hymenoxys.hoopesii,Asteraceae
2021,Avery.Wash,247,19,60,occidentalis,male,1,Cirsium.arvense,Asteraceae
2021,Avery.Wash,247,19,60,rufocinctus,male,1,Heliomeris.multiflora,Asteraceae
2021,Avery.Wash,252,20,60,bifarius,male,1,Cirsium.arvense,Asteraceae
2021,Avery.Wash,252,20,60,flavifrons,worker,1,Gentiana.parryi,Gentianaceae
2021,Avery.Wash,252,20,60,insularis,male,4,Cirsium.arvense,Asteraceae
2021,Avery.Wash,252,20,60,sylvicola,male,1,Cirsium.arvense,Asteraceae
2021,Copper.Creek,127,2,60,bifarius,queen,1,Claytonia.lanceolata,Montiaceae
2021,Copper.Creek,139,4,60,bifarius,queen,4,Mertensia.fusiformis,Boraginaceae
2021,Copper.Creek,139,4,60,insularis,queen,1,Mertensia.fusiformis,Boraginaceae
2021,Copper.Creek,149,5,60,appositus,queen,4,Mertensia.fusiformis,Boraginaceae
2021,Copper.Creek,149,5,60,bifarius,queen,1,Hydrophyllum.capitatum,Hydrophyllaceae
2021,Copper.Creek,149,5,60,bifarius,queen,3,Mertensia.fusiformis,Boraginaceae
2021,Copper.Creek,149,5,60,bifarius,queen,2,Salix.sp,Salicaceae
2021,Copper.Creek,149,5,60,californicus,queen,1,Erythronium.grandiflorum,Liliaceae
2021,Copper.Creek,149,5,60,californicus,queen,2,Mertensia.fusiformis,Boraginaceae
2021,Copper.Creek,149,5,60,flavifrons,queen,2,Mertensia.fusiformis,Boraginaceae
2021,Copper.Creek,149,5,60,occidentalis,queen,1,Mertensia.fusiformis,Boraginaceae
2021,Copper.Creek,156,6,60,appositus,queen,1,Delphinium.nuttallianum,Ranunculaceae
2021,Copper.Creek,156,6,60,appositus,queen,1,Viola.nuttallii,Violaceae
2021,Copper.Creek,156,6,60,californicus,queen,4,Delphinium.nuttallianum,Ranunculaceae
2021,Copper.Creek,156,6,60,flavifrons,queen,1,Hydrophyllum.capitatum,Hydrophyllaceae
2021,Copper.Creek,156,6,60,flavifrons,queen,1,Viola.nuttallii,Violaceae
2021,Copper.Creek,156,6,60,occidentalis,queen,1,Salix.wolfii,Salicaceae
2021,Copper.Creek,160,7,60,appositus,queen,8,Delphinium.nuttallianum,Ranunculaceae
2021,Copper.Creek,160,7,60,bifarius,queen,1,Hydrophyllum.capitatum,Hydrophyllaceae
2021,Copper.Creek,160,7,60,californicus,queen,5,Delphinium.nuttallianum,Ranunculaceae
2021,Copper.Creek,160,7,60,flavifrons,queen,4,Hydrophyllum.capitatum,Hydrophyllaceae
2021,Copper.Creek,160,7,60,nevadensis,queen,2,Delphinium.nuttallianum,Ranunculaceae
2021,Copper.Creek,167,8,60,appositus,queen,4,Delphinium.nuttallianum,Ranunculaceae
2021,Copper.Creek,167,8,60,appositus,queen,1,Lathyrus.lanszwertii.var.leucanthus,Fabaceae
2021,Copper.Creek,167,8,60,appositus,queen,1,Lupinus.sericeus.var.sericeus,Fabaceae
2021,Copper.Creek,167,8,60,bifarius,queen,1,Frasera.speciosa,Gentianaceae
2021,Copper.Creek,167,8,60,bifarius,queen,1,Valeriana.occidentalis,Valerianaceae
2021,Copper.Creek,167,8,60,californicus,queen,2,Delphinium.nuttallianum,Ranunculaceae
2021,Copper.Creek,167,8,60,flavifrons,queen,4,Hydrophyllum.fendleri,Hydrophyllaceae
2021,Copper.Creek,167,8,60,flavifrons,queen,1,Lupinus.sericeus.var.sericeus,Fabaceae
2021,Copper.Creek,167,8,60,flavifrons,queen,1,Mertensia.fusiformis,Boraginaceae
2021,Copper.Creek,167,8,60,nevadensis,queen,1,Delphinium.nuttallianum,Ranunculaceae
2021,Copper.Creek,167,8,60,nevadensis,queen,1,Lupinus.sericeus.var.sericeus,Fabaceae
2021,Copper.Creek,167,8,60,rufocinctus,queen,1,Hydrophyllum.fendleri,Hydrophyllaceae
2021,Copper.Creek,174,9,60,appositus,queen,1,Delphinium.barbeyi,Ranunculaceae
2021,Copper.Creek,174,9,60,appositus,queen,2,Delphinium.nuttallianum,Ranunculaceae
2021,Copper.Creek,174,9,60,bifarius,queen,1,Hydrophyllum.fendleri,Hydrophyllaceae
2021,Copper.Creek,174,9,60,bifarius,queen,1,Lupinus.sericeus.var.sericeus,Fabaceae
2021,Copper.Creek,174,9,60,bifarius,worker,1,Hydrophyllum.fendleri,Hydrophyllaceae
2021,Copper.Creek,174,9,60,californicus,queen,1,Lathyrus.lanszwertii.var.leucanthus,Fabaceae
2021,Copper.Creek,174,9,60,flavifrons,queen,8,Hydrophyllum.fendleri,Hydrophyllaceae
2021,Copper.Creek,174,9,60,flavifrons,queen,3,Lupinus.sericeus.var.sericeus,Fabaceae
2021,Copper.Creek,174,9,60,flavifrons,worker,1,Hydrophyllum.fendleri,Hydrophyllaceae
2021,Copper.Creek,174,9,60,flavifrons,worker,1,Lupinus.sericeus.var.sericeus,Fabaceae
2021,Copper.Creek,174,9,60,flavifrons,worker,1,Phacelia.heterophylla,Boraginaceae
2021,Copper.Creek,174,9,60,insularis,queen,1,Frasera.speciosa,Gentianaceae
2021,Copper.Creek,174,9,60,mixtus,worker,1,Lupinus.sericeus.var.sericeus,Fabaceae
2021,Copper.Creek,174,9,60,occidentalis,worker,2,Lupinus.sericeus.var.sericeus,Fabaceae
2021,Copper.Creek,174,9,60,rufocinctus,queen,1,Erysimum.capitatum,Brassicaceae
2021,Copper.Creek,181,10,60,appositus,queen,1,Delphinium.barbeyi,Ranunculaceae
2021,Copper.Creek,181,10,60,appositus,queen,1,Erysimum.capitatum,Brassicaceae
2021,Copper.Creek,181,10,60,bifarius,queen,2,Frasera.speciosa,Gentianaceae
2021,Copper.Creek,181,10,60,bifarius,queen,5,Helianthella.quinquenervis,Asteraceae
2021,Copper.Creek,181,10,60,bifarius,queen,2,Hydrophyllum.fendleri,Hydrophyllaceae
2021,Copper.Creek,181,10,60,bifarius,queen,2,Lupinus.sericeus.var.sericeus,Fabaceae
2021,Copper.Creek,181,10,60,bifarius,worker,6,Helianthella.quinquenervis,Asteraceae
2021,Copper.Creek,181,10,60,bifarius,worker,5,Lupinus.sericeus.var.sericeus,Fabaceae
2021,Copper.Creek,181,10,60,flavifrons,queen,1,Frasera.speciosa,Gentianaceae
2021,Copper.Creek,181,10,60,flavifrons,queen,3,Hydrophyllum.fendleri,Hydrophyllaceae
2021,Copper.Creek,181,10,60,flavifrons,queen,1,Lupinus.sericeus.var.sericeus,Fabaceae
2021,Copper.Creek,181,10,60,flavifrons,queen,1,Vicia.americana,Fabaceae
2021,Copper.Creek,181,10,60,flavifrons,worker,1,Frasera.speciosa,Gentianaceae
2021,Copper.Creek,181,10,60,flavifrons,worker,1,Hydrophyllum.fendleri,Hydrophyllaceae
2021,Copper.Creek,181,10,60,insularis,queen,4,Helianthella.quinquenervis,Asteraceae
2021,Copper.Creek,181,10,60,nevadensis,queen,1,Lupinus.sericeus.var.sericeus,Fabaceae
2021,Copper.Creek,190,11,60,appositus,queen,2,Delphinium.barbeyi,Ranunculaceae
2021,Copper.Creek,190,11,60,appositus,worker,15,Delphinium.barbeyi,Ranunculaceae
2021,Copper.Creek,190,11,60,appositus,worker,1,Helianthella.quinquenervis,Asteraceae
2021,Copper.Creek,190,11,60,bifarius,queen,1,Hymenoxys.hoopesii,Asteraceae
2021,Copper.Creek,190,11,60,bifarius,queen,1,Helianthella.quinquenervis,Asteraceae
2021,Copper.Creek,190,11,60,bifarius,worker,2,Helianthella.quinquenervis,Asteraceae
2021,Copper.Creek,190,11,60,bifarius,worker,3,Lupinus.sericeus.var.sericeus,Fabaceae
2021,Copper.Creek,190,11,60,californicus,queen,1,Delphinium.barbeyi,Ranunculaceae
2021,Copper.Creek,190,11,60,centralis,worker,1,Phacelia.heterophylla,Boraginaceae
2021,Copper.Creek,190,11,60,flavifrons,queen,1,Delphinium.barbeyi,Ranunculaceae
2021,Copper.Creek,190,11,60,flavifrons,queen,1,Vicia.americana,Fabaceae
2021,Copper.Creek,190,11,60,flavifrons,worker,13,Delphinium.barbeyi,Ranunculaceae
2021,Copper.Creek,190,11,60,flavifrons,worker,6,Helianthella.quinquenervis,Asteraceae
2021,Copper.Creek,190,11,60,flavifrons,worker,3,Lupinus.sericeus.var.sericeus,Fabaceae
2021,Copper.Creek,190,11,60,flavifrons,worker,4,Phacelia.heterophylla,Boraginaceae
2021,Copper.Creek,190,11,60,frigidus,worker,1,Helianthella.quinquenervis,Asteraceae
2021,Copper.Creek,190,11,60,mixtus,worker,1,Helianthella.quinquenervis,Asteraceae
2021,Copper.Creek,190,11,60,nevadensis,queen,1,Delphinium.barbeyi,Ranunculaceae
2021,Copper.Creek,190,11,60,nevadensis,worker,8,Delphinium.barbeyi,Ranunculaceae
2021,Copper.Creek,190,11,60,rufocinctus,queen,1,Helianthella.quinquenervis,Asteraceae
2021,Copper.Creek,190,11,60,rufocinctus,worker,1,Helianthella.quinquenervis,Asteraceae
2021,Copper.Creek,197,12,60,appositus,queen,1,Delphinium.barbeyi,Ranunculaceae
2021,Copper.Creek,197,12,60,appositus,worker,11,Delphinium.barbeyi,Ranunculaceae
2021,Copper.Creek,197,12,60,bifarius,male,2,Helianthella.quinquenervis,Asteraceae
2021,Copper.Creek,197,12,60,bifarius,queen,1,Hymenoxys.hoopesii,Asteraceae
2021,Copper.Creek,197,12,60,bifarius,queen,1,Helianthella.quinquenervis,Asteraceae
2021,Copper.Creek,197,12,60,bifarius,worker,1,Descurainia.incana,Brassicaceae
2021,Copper.Creek,197,12,60,bifarius,worker,7,Helianthella.quinquenervis,Asteraceae
2021,Copper.Creek,197,12,60,bifarius,worker,1,Heliomeris.multiflora,Asteraceae
2021,Copper.Creek,197,12,60,bifarius,worker,2,Potentilla.pulcherrima,Rosaceae
2021,Copper.Creek,197,12,60,californicus,worker,1,Delphinium.barbeyi,Ranunculaceae
2021,Copper.Creek,197,12,60,centralis,queen,1,Phacelia.heterophylla,Boraginaceae
2021,Copper.Creek,197,12,60,centralis,worker,1,Phacelia.heterophylla,Boraginaceae
2021,Copper.Creek,197,12,60,flavifrons,queen,4,Delphinium.barbeyi,Ranunculaceae
2021,Copper.Creek,197,12,60,flavifrons,worker,2,Aconitum.columbianum,Ranunculaceae
2021,Copper.Creek,197,12,60,flavifrons,worker,34,Delphinium.barbeyi,Ranunculaceae
2021,Copper.Creek,197,12,60,flavifrons,worker,5,Helianthella.quinquenervis,Asteraceae
2021,Copper.Creek,197,12,60,flavifrons,worker,2,Phacelia.heterophylla,Boraginaceae
2021,Copper.Creek,197,12,60,flavifrons,worker,4,Potentilla.pulcherrima,Rosaceae
2021,Copper.Creek,197,12,60,mixtus,worker,1,Erigeron.speciosus,Asteraceae
2021,Copper.Creek,197,12,60,nevadensis,worker,28,Delphinium.barbeyi,Ranunculaceae
2021,Copper.Creek,197,12,60,occidentalis,worker,1,Heracleum.maximum,Apiaceae
2021,Copper.Creek,197,12,60,occidentalis,worker,1,Ligusticum.porteri,Apiaceae
2021,Copper.Creek,197,12,60,occidentalis,worker,1,Lupinus.sericeus.var.sericeus,Fabaceae
2021,Copper.Creek,197,12,60,rufocinctus,worker,2,Erigeron.speciosus,Asteraceae
2021,Copper.Creek,197,12,60,rufocinctus,worker,2,Helianthella.quinquenervis,Asteraceae
2021,Copper.Creek,197,12,60,rufocinctus,worker,1,Heliomeris.multiflora,Asteraceae
2021,Copper.Creek,197,12,60,rufocinctus,worker,1,Phacelia.heterophylla,Boraginaceae
2021,Copper.Creek,197,12,60,rufocinctus,worker,5,Potentilla.pulcherrima,Rosaceae
2021,Copper.Creek,203,13,60,appositus,queen,1,Delphinium.barbeyi,Ranunculaceae
2021,Copper.Creek,203,13,60,appositus,worker,24,Delphinium.barbeyi,Ranunculaceae
2021,Copper.Creek,203,13,60,appositus,worker,1,Heterotheca.villosa,Asteraceae
2021,Copper.Creek,203,13,60,bifarius,male,1,Erigeron.elatior,Asteraceae
2021,Copper.Creek,203,13,60,bifarius,male,1,Erigeron.speciosus,Asteraceae
2021,Copper.Creek,203,13,60,bifarius,worker,3,Hymenoxys.hoopesii,Asteraceae
2021,Copper.Creek,203,13,60,bifarius,worker,19,Erigeron.speciosus,Asteraceae
2021,Copper.Creek,203,13,60,bifarius,worker,13,Heliomeris.multiflora,Asteraceae
2021,Copper.Creek,203,13,60,bifarius,worker,6,Heterotheca.villosa,Asteraceae
2021,Copper.Creek,203,13,60,bifarius,worker,1,Potentilla.pulcherrima,Rosaceae
2021,Copper.Creek,203,13,60,californicus,worker,8,Delphinium.barbeyi,Ranunculaceae
2021,Copper.Creek,203,13,60,flavifrons,male,1,Cirsium.parryi,Asteraceae
2021,Copper.Creek,203,13,60,flavifrons,male,2,Helianthella.quinquenervis,Asteraceae
2021,Copper.Creek,203,13,60,flavifrons,male,1,Heliomeris.multiflora,Asteraceae
2021,Copper.Creek,203,13,60,flavifrons,male,1,Senecio.serra.var.admirabilis,Asteraceae
2021,Copper.Creek,203,13,60,flavifrons,queen,1,Delphinium.barbeyi,Ranunculaceae
2021,Copper.Creek,203,13,60,flavifrons,worker,48,Delphinium.barbeyi,Ranunculaceae
2021,Copper.Creek,203,13,60,flavifrons,worker,5,Helianthella.quinquenervis,Asteraceae
2021,Copper.Creek,203,13,60,flavifrons,worker,1,Heterotheca.villosa,Asteraceae
2021,Copper.Creek,203,13,60,insularis,queen,1,Erigeron.speciosus,Asteraceae
2021,Copper.Creek,203,13,60,melanopygus,worker,1,Heliomeris.multiflora,Asteraceae
2021,Copper.Creek,203,13,60,mixtus,male,1,Erigeron.speciosus,Asteraceae
2021,Copper.Creek,203,13,60,mixtus,worker,1,Hymenoxys.hoopesii,Asteraceae
2021,Copper.Creek,203,13,60,mixtus,worker,3,Heliomeris.multiflora,Asteraceae
2021,Copper.Creek,203,13,60,nevadensis,queen,7,Delphinium.barbeyi,Ranunculaceae
2021,Copper.Creek,203,13,60,nevadensis,worker,20,Delphinium.barbeyi,Ranunculaceae
2021,Copper.Creek,203,13,60,occidentalis,male,1,Erigeron.speciosus,Asteraceae
2021,Copper.Creek,203,13,60,occidentalis,worker,3,Delphinium.barbeyi,Ranunculaceae
2021,Copper.Creek,203,13,60,occidentalis,worker,1,Hymenoxys.hoopesii,Asteraceae
2021,Copper.Creek,203,13,60,rufocinctus,male,1,Erigeron.speciosus,Asteraceae
2021,Copper.Creek,203,13,60,rufocinctus,worker,1,Hymenoxys.hoopesii,Asteraceae
2021,Copper.Creek,203,13,60,rufocinctus,worker,1,Erigeron.elatior,Asteraceae
2021,Copper.Creek,203,13,60,rufocinctus,worker,14,Erigeron.speciosus,Asteraceae
2021,Copper.Creek,203,13,60,rufocinctus,worker,3,Helianthella.quinquenervis,Asteraceae
2021,Copper.Creek,203,13,60,rufocinctus,worker,5,Heliomeris.multiflora,Asteraceae
2021,Copper.Creek,210,14,60,appositus,male,1,Cirsium.parryi,Asteraceae
2021,Copper.Creek,210,14,60,appositus,male,9,Delphinium.barbeyi,Ranunculaceae
2021,Copper.Creek,210,14,60,appositus,queen,7,Delphinium.barbeyi,Ranunculaceae
2021,Copper.Creek,210,14,60,appositus,worker,34,Delphinium.barbeyi,Ranunculaceae
2021,Copper.Creek,210,14,60,appositus,worker,1,Heliomeris.multiflora,Asteraceae
2021,Copper.Creek,210,14,60,balteatus,worker,1,Delphinium.barbeyi,Ranunculaceae
2021,Copper.Creek,210,14,60,bifarius,male,24,Heliomeris.multiflora,Asteraceae
2021,Copper.Creek,210,14,60,bifarius,male,3,Senecio.serra.var.admirabilis,Asteraceae
2021,Copper.Creek,210,14,60,bifarius,worker,5,Erigeron.speciosus,Asteraceae
2021,Copper.Creek,210,14,60,bifarius,worker,35,Heliomeris.multiflora,Asteraceae
2021,Copper.Creek,210,14,60,bifarius,worker,1,Heterotheca.villosa,Asteraceae
2021,Copper.Creek,210,14,60,bifarius,worker,1,Senecio.bigelovii,Asteraceae
2021,Copper.Creek,210,14,60,bifarius,worker,1,Pyrrocoma.crocea,Asteraceae
2021,Copper.Creek,210,14,60,bifarius,worker,1,Senecio.serra.var.admirabilis,Asteraceae
2021,Copper.Creek,210,14,60,bifarius,worker,1,Solidago.multiradiata,Asteraceae
2021,Copper.Creek,210,14,60,californicus,worker,1,Cirsium.parryi,Asteraceae
2021,Copper.Creek,210,14,60,californicus,worker,12,Delphinium.barbeyi,Ranunculaceae
2021,Copper.Creek,210,14,60,flavifrons,male,3,Cirsium.parryi,Asteraceae
2021,Copper.Creek,210,14,60,flavifrons,male,1,Helianthella.quinquenervis,Asteraceae
2021,Copper.Creek,210,14,60,flavifrons,male,3,Heliomeris.multiflora,Asteraceae
2021,Copper.Creek,210,14,60,flavifrons,male,2,Senecio.bigelovii,Asteraceae
2021,Copper.Creek,210,14,60,flavifrons,male,1,Phacelia.heterophylla,Boraginaceae
2021,Copper.Creek,210,14,60,flavifrons,male,6,Senecio.serra.var.admirabilis,Asteraceae
2021,Copper.Creek,210,14,60,flavifrons,queen,9,Delphinium.barbeyi,Ranunculaceae
2021,Copper.Creek,210,14,60,flavifrons,worker,5,Cirsium.parryi,Asteraceae
2021,Copper.Creek,210,14,60,flavifrons,worker,23,Delphinium.barbeyi,Ranunculaceae
2021,Copper.Creek,210,14,60,flavifrons,worker,7,Heliomeris.multiflora,Asteraceae
2021,Copper.Creek,210,14,60,insularis,male,1,Erigeron.speciosus,Asteraceae
2021,Copper.Creek,210,14,60,insularis,male,1,Heliomeris.multiflora,Asteraceae
2021,Copper.Creek,210,14,60,melanopygus,worker,4,Heliomeris.multiflora,Asteraceae
2021,Copper.Creek,210,14,60,mixtus,male,1,Hymenoxys.hoopesii,Asteraceae
2021,Copper.Creek,210,14,60,mixtus,male,1,Heliomeris.multiflora,Asteraceae
2021,Copper.Creek,210,14,60,mixtus,male,1,Senecio.serra.var.admirabilis,Asteraceae
2021,Copper.Creek,210,14,60,mixtus,worker,3,Heliomeris.multiflora,Asteraceae
2021,Copper.Creek,210,14,60,nevadensis,queen,1,Delphinium.barbeyi,Ranunculaceae
2021,Copper.Creek,210,14,60,nevadensis,worker,5,Delphinium.barbeyi,Ranunculaceae
2021,Copper.Creek,210,14,60,nevadensis,worker,1,Heliomeris.multiflora,Asteraceae
2021,Copper.Creek,210,14,60,occidentalis,worker,2,Delphinium.barbeyi,Ranunculaceae
2021,Copper.Creek,210,14,60,occidentalis,worker,1,Hymenoxys.hoopesii,Asteraceae
2021,Copper.Creek,210,14,60,occidentalis,worker,1,Heliomeris.multiflora,Asteraceae
2021,Copper.Creek,210,14,60,rufocinctus,worker,1,Campanula.rotundifolia,Campanulaceae
2021,Copper.Creek,210,14,60,rufocinctus,worker,4,Erigeron.speciosus,Asteraceae
2021,Copper.Creek,210,14,60,rufocinctus,worker,10,Heliomeris.multiflora,Asteraceae
2021,Copper.Creek,217,15,60,appositus,male,1,Symphyotrichum.foliaceum,Asteraceae
2021,Copper.Creek,217,15,60,appositus,male,3,Heliomeris.multiflora,Asteraceae
2021,Copper.Creek,217,15,60,appositus,queen,3,Delphinium.barbeyi,Ranunculaceae
2021,Copper.Creek,217,15,60,appositus,worker,3,Cirsium.parryi,Asteraceae
2021,Copper.Creek,217,15,60,appositus,worker,3,Delphinium.barbeyi,Ranunculaceae
2021,Copper.Creek,217,15,60,appositus,worker,2,Heliomeris.multiflora,Asteraceae
2021,Copper.Creek,217,15,60,bifarius,male,1,Cirsium.parryi,Asteraceae
2021,Copper.Creek,217,15,60,bifarius,male,36,Heliomeris.multiflora,Asteraceae
2021,Copper.Creek,217,15,60,bifarius,queen,2,Heliomeris.multiflora,Asteraceae
2021,Copper.Creek,217,15,60,bifarius,queen,1,Senecio.serra.var.admirabilis,Asteraceae
2021,Copper.Creek,217,15,60,bifarius,worker,3,Erigeron.speciosus,Asteraceae
2021,Copper.Creek,217,15,60,bifarius,worker,106,Heliomeris.multiflora,Asteraceae
2021,Copper.Creek,217,15,60,bifarius,worker,4,Heterotheca.villosa,Asteraceae
2021,Copper.Creek,217,15,60,bifarius,worker,1,Senecio.serra.var.admirabilis,Asteraceae
2021,Copper.Creek,217,15,60,californicus,male,1,Cirsium.parryi,Asteraceae
2021,Copper.Creek,217,15,60,californicus,worker,2,Heliomeris.multiflora,Asteraceae
2021,Copper.Creek,217,15,60,californicus,worker,1,Heterotheca.villosa,Asteraceae
2021,Copper.Creek,217,15,60,flavifrons,male,3,Cirsium.parryi,Asteraceae
2021,Copper.Creek,217,15,60,flavifrons,male,15,Heliomeris.multiflora,Asteraceae
2021,Copper.Creek,217,15,60,flavifrons,male,1,Senecio.bigelovii,Asteraceae
2021,Copper.Creek,217,15,60,flavifrons,male,5,Senecio.serra.var.admirabilis,Asteraceae
2021,Copper.Creek,217,15,60,flavifrons,queen,1,Delphinium.barbeyi,Ranunculaceae
2021,Copper.Creek,217,15,60,flavifrons,worker,2,Cirsium.parryi,Asteraceae
2021,Copper.Creek,217,15,60,flavifrons,worker,6,Delphinium.barbeyi,Ranunculaceae
2021,Copper.Creek,217,15,60,flavifrons,worker,10,Heliomeris.multiflora,Asteraceae
2021,Copper.Creek,217,15,60,flavifrons,worker,2,Senecio.bigelovii,Asteraceae
2021,Copper.Creek,217,15,60,flavifrons,worker,2,Senecio.serra.var.admirabilis,Asteraceae
2021,Copper.Creek,217,15,60,insularis,male,7,Heliomeris.multiflora,Asteraceae
2021,Copper.Creek,217,15,60,insularis,male,3,Heterotheca.villosa,Asteraceae
2021,Copper.Creek,217,15,60,mixtus,male,2,Heliomeris.multiflora,Asteraceae
2021,Copper.Creek,217,15,60,mixtus,male,1,Senecio.serra.var.admirabilis,Asteraceae
2021,Copper.Creek,217,15,60,mixtus,worker,6,Heliomeris.multiflora,Asteraceae
2021,Copper.Creek,217,15,60,occidentalis,male,3,Heliomeris.multiflora,Asteraceae
2021,Copper.Creek,217,15,60,occidentalis,male,1,Heterotheca.villosa,Asteraceae
2021,Copper.Creek,217,15,60,occidentalis,male,2,Senecio.serra.var.admirabilis,Asteraceae
2021,Copper.Creek,217,15,60,occidentalis,worker,1,Heliomeris.multiflora,Asteraceae
2021,Copper.Creek,217,15,60,rufocinctus,male,1,Erigeron.speciosus,Asteraceae
2021,Copper.Creek,217,15,60,rufocinctus,male,7,Heliomeris.multiflora,Asteraceae
2021,Copper.Creek,217,15,60,rufocinctus,worker,1,Symphyotrichum.foliaceum,Asteraceae
2021,Copper.Creek,217,15,60,rufocinctus,worker,1,Erigeron.speciosus,Asteraceae
2021,Copper.Creek,217,15,60,rufocinctus,worker,50,Heliomeris.multiflora,Asteraceae
2021,Copper.Creek,217,15,60,rufocinctus,worker,2,Heterotheca.villosa,Asteraceae
2021,Copper.Creek,224,16,60,appositus,male,4,Symphyotrichum.foliaceum,Asteraceae
2021,Copper.Creek,224,16,60,appositus,male,4,Cirsium.parryi,Asteraceae
2021,Copper.Creek,224,16,60,appositus,male,1,Heliomeris.multiflora,Asteraceae
2021,Copper.Creek,224,16,60,bifarius,male,1,Symphyotrichum.foliaceum,Asteraceae
2021,Copper.Creek,224,16,60,bifarius,male,37,Heliomeris.multiflora,Asteraceae
2021,Copper.Creek,224,16,60,bifarius,male,2,Heterotheca.villosa,Asteraceae
2021,Copper.Creek,224,16,60,bifarius,worker,1,Symphyotrichum.foliaceum,Asteraceae
2021,Copper.Creek,224,16,60,bifarius,worker,5,Erigeron.speciosus,Asteraceae
2021,Copper.Creek,224,16,60,bifarius,worker,75,Heliomeris.multiflora,Asteraceae
2021,Copper.Creek,224,16,60,californicus,male,1,Cirsium.parryi,Asteraceae
2021,Copper.Creek,224,16,60,flavifrons,male,2,Symphyotrichum.foliaceum,Asteraceae
2021,Copper.Creek,224,16,60,flavifrons,male,2,Cirsium.parryi,Asteraceae
2021,Copper.Creek,224,16,60,flavifrons,male,2,Erigeron.elatior,Asteraceae
2021,Copper.Creek,224,16,60,flavifrons,male,13,Heliomeris.multiflora,Asteraceae
2021,Copper.Creek,224,16,60,flavifrons,male,2,Heterotheca.villosa,Asteraceae
2021,Copper.Creek,224,16,60,flavifrons,male,1,Senecio.bigelovii,Asteraceae
2021,Copper.Creek,224,16,60,flavifrons,male,3,Senecio.serra.var.admirabilis,Asteraceae
2021,Copper.Creek,224,16,60,flavifrons,worker,13,Heliomeris.multiflora,Asteraceae
2021,Copper.Creek,224,16,60,insularis,male,1,Symphyotrichum.foliaceum,Asteraceae
2021,Copper.Creek,224,16,60,insularis,male,1,Erigeron.elatior,Asteraceae
2021,Copper.Creek,224,16,60,insularis,male,1,Erigeron.speciosus,Asteraceae
2021,Copper.Creek,224,16,60,insularis,male,94,Heliomeris.multiflora,Asteraceae
2021,Copper.Creek,224,16,60,insularis,male,11,Heterotheca.villosa,Asteraceae
2021,Copper.Creek,224,16,60,insularis,male,1,Senecio.serra.var.admirabilis,Asteraceae
2021,Copper.Creek,224,16,60,insularis,male,1,Solidago.multiradiata,Asteraceae
2021,Copper.Creek,224,16,60,melanopygus,male,1,Heliomeris.multiflora,Asteraceae
2021,Copper.Creek,224,16,60,melanopygus,worker,1,Heliomeris.multiflora,Asteraceae
2021,Copper.Creek,224,16,60,mixtus,male,1,Symphyotrichum.foliaceum,Asteraceae
2021,Copper.Creek,224,16,60,mixtus,male,9,Heliomeris.multiflora,Asteraceae
2021,Copper.Creek,224,16,60,mixtus,worker,1,Linum.lewisii,Linaceae
2021,Copper.Creek,224,16,60,mixtus,worker,5,Heliomeris.multiflora,Asteraceae
2021,Copper.Creek,224,16,60,occidentalis,male,2,Heliomeris.multiflora,Asteraceae
2021,Copper.Creek,224,16,60,occidentalis,worker,3,Heliomeris.multiflora,Asteraceae
2021,Copper.Creek,224,16,60,rufocinctus,male,1,Symphyotrichum.foliaceum,Asteraceae
2021,Copper.Creek,224,16,60,rufocinctus,male,6,Heliomeris.multiflora,Asteraceae
2021,Copper.Creek,224,16,60,rufocinctus,worker,4,Erigeron.speciosus,Asteraceae
2021,Copper.Creek,224,16,60,rufocinctus,worker,23,Heliomeris.multiflora,Asteraceae
2021,Copper.Creek,224,16,60,sylvicola,worker,1,Heliomeris.multiflora,Asteraceae
2021,Copper.Creek,230,17,60,appositus,male,1,Symphyotrichum.foliaceum,Asteraceae
2021,Copper.Creek,230,17,60,appositus,male,5,Cirsium.parryi,Asteraceae
2021,Copper.Creek,230,17,60,appositus,male,1,Gentiana.parryi,Gentianaceae
2021,Copper.Creek,230,17,60,appositus,male,3,Heliomeris.multiflora,Asteraceae
2021,Copper.Creek,230,17,60,appositus,queen,1,Gentiana.parryi,Gentianaceae
2021,Copper.Creek,230,17,60,appositus,worker,1,Gentiana.parryi,Gentianaceae
2021,Copper.Creek,230,17,60,appositus,worker,2,Heliomeris.multiflora,Asteraceae
2021,Copper.Creek,230,17,60,bifarius,male,4,Heliomeris.multiflora,Asteraceae
2021,Copper.Creek,230,17,60,bifarius,worker,76,Heliomeris.multiflora,Asteraceae
2021,Copper.Creek,230,17,60,bifarius,worker,1,Heterotheca.villosa,Asteraceae
2021,Copper.Creek,230,17,60,californicus,worker,1,Cirsium.parryi,Asteraceae
2021,Copper.Creek,230,17,60,californicus,worker,2,Heliomeris.multiflora,Asteraceae
2021,Copper.Creek,230,17,60,centralis,worker,1,Heliomeris.multiflora,Asteraceae
2021,Copper.Creek,230,17,60,flavifrons,male,1,Symphyotrichum.foliaceum,Asteraceae
2021,Copper.Creek,230,17,60,flavifrons,male,1,Cirsium.parryi,Asteraceae
2021,Copper.Creek,230,17,60,flavifrons,male,15,Heliomeris.multiflora,Asteraceae
2021,Copper.Creek,230,17,60,flavifrons,queen,1,Heliomeris.multiflora,Asteraceae
2021,Copper.Creek,230,17,60,flavifrons,worker,1,Cirsium.parryi,Asteraceae
2021,Copper.Creek,230,17,60,flavifrons,worker,23,Heliomeris.multiflora,Asteraceae
2021,Copper.Creek,230,17,60,insularis,male,4,Heliomeris.multiflora,Asteraceae
2021,Copper.Creek,230,17,60,melanopygus,male,1,Heliomeris.multiflora,Asteraceae
2021,Copper.Creek,230,17,60,mixtus,male,3,Heliomeris.multiflora,Asteraceae
2021,Copper.Creek,230,17,60,mixtus,worker,5,Heliomeris.multiflora,Asteraceae
2021,Copper.Creek,230,17,60,occidentalis,male,1,Heliomeris.multiflora,Asteraceae
2021,Copper.Creek,230,17,60,occidentalis,worker,1,Heliomeris.multiflora,Asteraceae
2021,Copper.Creek,230,17,60,rufocinctus,male,5,Heliomeris.multiflora,Asteraceae
2021,Copper.Creek,230,17,60,rufocinctus,worker,31,Heliomeris.multiflora,Asteraceae
2021,Copper.Creek,237,18,60,appositus,male,1,Symphyotrichum.foliaceum,Asteraceae
2021,Copper.Creek,237,18,60,appositus,male,2,Cirsium.parryi,Asteraceae
2021,Copper.Creek,237,18,60,appositus,male,1,Gentiana.parryi,Gentianaceae
2021,Copper.Creek,237,18,60,appositus,worker,1,Gentiana.parryi,Gentianaceae
2021,Copper.Creek,237,18,60,bifarius,male,39,Heliomeris.multiflora,Asteraceae
2021,Copper.Creek,237,18,60,bifarius,worker,1,Gentiana.parryi,Gentianaceae
2021,Copper.Creek,237,18,60,bifarius,worker,10,Heliomeris.multiflora,Asteraceae
2021,Copper.Creek,237,18,60,flavifrons,male,1,Symphyotrichum.foliaceum,Asteraceae
2021,Copper.Creek,237,18,60,flavifrons,male,11,Heliomeris.multiflora,Asteraceae
2021,Copper.Creek,237,18,60,flavifrons,worker,1,Heliomeris.multiflora,Asteraceae
2021,Copper.Creek,237,18,60,insularis,male,4,Symphyotrichum.foliaceum,Asteraceae
2021,Copper.Creek,237,18,60,insularis,male,68,Heliomeris.multiflora,Asteraceae
2021,Copper.Creek,237,18,60,insularis,male,5,Heterotheca.villosa,Asteraceae
2021,Copper.Creek,237,18,60,mixtus,male,2,Heliomeris.multiflora,Asteraceae
2021,Copper.Creek,237,18,60,occidentalis,male,2,Heliomeris.multiflora,Asteraceae
2021,Copper.Creek,237,18,60,rufocinctus,male,16,Heliomeris.multiflora,Asteraceae
2021,Copper.Creek,237,18,60,rufocinctus,worker,1,Gentiana.parryi,Gentianaceae
2021,Copper.Creek,237,18,60,rufocinctus,worker,5,Heliomeris.multiflora,Asteraceae
2021,Copper.Creek,237,18,60,sylvicola,male,2,Heliomeris.multiflora,Asteraceae
2021,Copper.Creek,247,19,60,appositus,male,1,Symphyotrichum.foliaceum,Asteraceae
2021,Copper.Creek,247,19,60,bifarius,male,9,Heliomeris.multiflora,Asteraceae
2021,Copper.Creek,247,19,60,bifarius,worker,1,Symphyotrichum.foliaceum,Asteraceae
2021,Copper.Creek,247,19,60,bifarius,worker,11,Heliomeris.multiflora,Asteraceae
2021,Copper.Creek,247,19,60,californicus,male,1,Symphyotrichum.foliaceum,Asteraceae
2021,Copper.Creek,247,19,60,flavifrons,male,1,Heliomeris.multiflora,Asteraceae
2021,Copper.Creek,247,19,60,flavifrons,worker,1,Symphyotrichum.foliaceum,Asteraceae
2021,Copper.Creek,247,19,60,flavifrons,worker,4,Heliomeris.multiflora,Asteraceae
2021,Copper.Creek,247,19,60,insularis,male,6,Symphyotrichum.foliaceum,Asteraceae
2021,Copper.Creek,247,19,60,insularis,male,1,Cirsium.parryi,Asteraceae
2021,Copper.Creek,247,19,60,insularis,male,39,Heliomeris.multiflora,Asteraceae
2021,Copper.Creek,247,19,60,insularis,male,1,Heterotheca.villosa,Asteraceae
2021,Copper.Creek,247,19,60,melanopygus,worker,1,Heliomeris.multiflora,Asteraceae
2021,Copper.Creek,247,19,60,mixtus,male,1,Heliomeris.multiflora,Asteraceae
2021,Copper.Creek,247,19,60,occidentalis,male,1,Heliomeris.multiflora,Asteraceae
2021,Copper.Creek,247,19,60,rufocinctus,male,1,Symphyotrichum.foliaceum,Asteraceae
2021,Copper.Creek,247,19,60,rufocinctus,male,1,Heliomeris.multiflora,Asteraceae
2021,Copper.Creek,247,19,60,rufocinctus,queen,1,Heliomeris.multiflora,Asteraceae
2021,Copper.Creek,247,19,60,rufocinctus,worker,2,Symphyotrichum.foliaceum,Asteraceae
2021,Copper.Creek,247,19,60,rufocinctus,worker,5,Heliomeris.multiflora,Asteraceae
2021,Copper.Creek,251,20,60,appositus,male,1,Linaria.vulgaris,Plantaginaceae
2021,Copper.Creek,251,20,60,bifarius,male,9,Heliomeris.multiflora,Asteraceae
2021,Copper.Creek,251,20,60,bifarius,worker,2,Heliomeris.multiflora,Asteraceae
2021,Copper.Creek,251,20,60,insularis,male,14,Heliomeris.multiflora,Asteraceae
2021,Copper.Creek,251,20,60,insularis,male,1,Heterotheca.villosa,Asteraceae
2021,Copper.Creek,251,20,60,rufocinctus,male,1,Heliomeris.multiflora,Asteraceae
2021,Copper.Creek,251,20,60,rufocinctus,queen,1,Heliomeris.multiflora,Asteraceae
2021,Copper.Creek,251,20,60,rufocinctus,worker,1,Heliomeris.multiflora,Asteraceae
2021,Frogs.Pond,128,2,60,occidentalis,queen,1,Mertensia.fusiformis,Boraginaceae
2021,Frogs.Pond,135,3,60,bifarius,queen,2,Mertensia.fusiformis,Boraginaceae
2021,Frogs.Pond,139,4,60,appositus,queen,2,Mertensia.fusiformis,Boraginaceae
2021,Frogs.Pond,139,4,60,bifarius,queen,12,Mertensia.fusiformis,Boraginaceae
2021,Frogs.Pond,139,4,60,bifarius,queen,1,Salix.sp,Salicaceae
2021,Frogs.Pond,139,4,60,flavifrons,queen,1,Mertensia.fusiformis,Boraginaceae
2021,Frogs.Pond,149,5,60,bifarius,queen,4,Mertensia.fusiformis,Boraginaceae
2021,Frogs.Pond,149,5,60,californicus,queen,1,Mertensia.fusiformis,Boraginaceae
2021,Frogs.Pond,149,5,60,flavifrons,queen,1,Mertensia.fusiformis,Boraginaceae
2021,Frogs.Pond,155,6,60,flavifrons,queen,4,Mertensia.fusiformis,Boraginaceae
2021,Frogs.Pond,160,7,60,appositus,queen,1,Frasera.speciosa,Gentianaceae
2021,Frogs.Pond,160,7,60,bifarius,queen,2,Lupinus.sericeus.var.sericeus,Fabaceae
2021,Frogs.Pond,160,7,60,californicus,queen,1,Lathyrus.lanszwertii.var.leucanthus,Fabaceae
2021,Frogs.Pond,160,7,60,flavifrons,queen,2,Frasera.speciosa,Gentianaceae
2021,Frogs.Pond,160,7,60,flavifrons,queen,3,Hydrophyllum.fendleri,Hydrophyllaceae
2021,Frogs.Pond,160,7,60,flavifrons,queen,1,Lathyrus.lanszwertii.var.leucanthus,Fabaceae
2021,Frogs.Pond,160,7,60,flavifrons,queen,6,Lupinus.sericeus.var.sericeus,Fabaceae
2021,Frogs.Pond,160,7,60,insularis,queen,1,Senecio.integerrimus,Asteraceae
2021,Frogs.Pond,160,7,60,rufocinctus,queen,3,Lupinus.sericeus.var.sericeus,Fabaceae
2021,Frogs.Pond,167,8,60,appositus,queen,3,Lathyrus.lanszwertii.var.leucanthus,Fabaceae
2021,Frogs.Pond,167,8,60,bifarius,queen,2,Lupinus.sericeus.var.sericeus,Fabaceae
2021,Frogs.Pond,167,8,60,californicus,queen,2,Lathyrus.lanszwertii.var.leucanthus,Fabaceae
2021,Frogs.Pond,167,8,60,californicus,queen,1,Lupinus.sericeus.var.sericeus,Fabaceae
2021,Frogs.Pond,167,8,60,flavifrons,queen,4,Hydrophyllum.fendleri,Hydrophyllaceae
2021,Frogs.Pond,167,8,60,flavifrons,queen,4,Lupinus.sericeus.var.sericeus,Fabaceae
2021,Frogs.Pond,167,8,60,nevadensis,queen,1,Lathyrus.lanszwertii.var.leucanthus,Fabaceae
2021,Frogs.Pond,167,8,60,nevadensis,queen,2,Lupinus.sericeus.var.sericeus,Fabaceae
2021,Frogs.Pond,167,8,60,rufocinctus,queen,1,Frasera.speciosa,Gentianaceae
2021,Frogs.Pond,167,8,60,rufocinctus,queen,1,Hydrophyllum.fendleri,Hydrophyllaceae
2021,Frogs.Pond,167,8,60,rufocinctus,queen,14,Lupinus.sericeus.var.sericeus,Fabaceae
2021,Frogs.Pond,175,9,60,appositus,queen,1,Erysimum.capitatum,Brassicaceae
2021,Frogs.Pond,175,9,60,appositus,queen,1,Lathyrus.lanszwertii.var.leucanthus,Fabaceae
2021,Frogs.Pond,175,9,60,appositus,queen,3,Lupinus.sericeus.var.sericeus,Fabaceae
2021,Frogs.Pond,175,9,60,appositus,queen,2,Vicia.americana,Fabaceae
2021,Frogs.Pond,175,9,60,bifarius,queen,1,Lupinus.sericeus.var.sericeus,Fabaceae
2021,Frogs.Pond,175,9,60,bifarius,worker,8,Lupinus.sericeus.var.sericeus,Fabaceae
2021,Frogs.Pond,175,9,60,californicus,queen,4,Lathyrus.lanszwertii.var.leucanthus,Fabaceae
2021,Frogs.Pond,175,9,60,californicus,queen,1,Lupinus.sericeus.var.sericeus,Fabaceae
2021,Frogs.Pond,175,9,60,flavifrons,queen,1,Hydrophyllum.fendleri,Hydrophyllaceae
2021,Frogs.Pond,175,9,60,flavifrons,queen,2,Lupinus.sericeus.var.sericeus,Fabaceae
2021,Frogs.Pond,175,9,60,flavifrons,worker,2,Hydrophyllum.fendleri,Hydrophyllaceae
2021,Frogs.Pond,175,9,60,flavifrons,worker,1,Lupinus.sericeus.var.sericeus,Fabaceae
2021,Frogs.Pond,175,9,60,mixtus,queen,1,Lupinus.sericeus.var.sericeus,Fabaceae
2021,Frogs.Pond,175,9,60,nevadensis,queen,1,Hydrophyllum.fendleri,Hydrophyllaceae
2021,Frogs.Pond,175,9,60,rufocinctus,queen,1,Frasera.speciosa,Gentianaceae
2021,Frogs.Pond,175,9,60,rufocinctus,queen,2,Hydrophyllum.fendleri,Hydrophyllaceae
2021,Frogs.Pond,175,9,60,rufocinctus,queen,1,Lathyrus.lanszwertii.var.leucanthus,Fabaceae
2021,Frogs.Pond,175,9,60,rufocinctus,queen,1,Lupinus.sericeus.var.sericeus,Fabaceae
2021,Frogs.Pond,175,9,60,sylvicola,queen,2,Lupinus.sericeus.var.sericeus,Fabaceae
2021,Frogs.Pond,182,10,60,appositus,queen,1,Delphinium.barbeyi,Ranunculaceae
2021,Frogs.Pond,182,10,60,appositus,queen,1,Lathyrus.lanszwertii.var.leucanthus,Fabaceae
2021,Frogs.Pond,182,10,60,appositus,queen,1,Lupinus.sericeus.var.sericeus,Fabaceae
2021,Frogs.Pond,182,10,60,appositus,worker,2,Delphinium.barbeyi,Ranunculaceae
2021,Frogs.Pond,182,10,60,appositus,worker,1,Lathyrus.lanszwertii.var.leucanthus,Fabaceae
2021,Frogs.Pond,182,10,60,appositus,worker,1,Vicia.americana,Fabaceae
2021,Frogs.Pond,182,10,60,bifarius,queen,2,Lupinus.sericeus.var.sericeus,Fabaceae
2021,Frogs.Pond,182,10,60,bifarius,worker,2,Helianthella.quinquenervis,Asteraceae
2021,Frogs.Pond,182,10,60,bifarius,worker,1,Hydrophyllum.fendleri,Hydrophyllaceae
2021,Frogs.Pond,182,10,60,bifarius,worker,2,Lupinus.sericeus.var.sericeus,Fabaceae
2021,Frogs.Pond,182,10,60,californicus,queen,2,Lathyrus.lanszwertii.var.leucanthus,Fabaceae
2021,Frogs.Pond,182,10,60,californicus,queen,2,Lupinus.sericeus.var.sericeus,Fabaceae
2021,Frogs.Pond,182,10,60,flavifrons,queen,1,Hydrophyllum.fendleri,Hydrophyllaceae
2021,Frogs.Pond,182,10,60,flavifrons,queen,1,Vicia.americana,Fabaceae
2021,Frogs.Pond,182,10,60,flavifrons,worker,1,Frasera.speciosa,Gentianaceae
2021,Frogs.Pond,182,10,60,flavifrons,worker,1,Lathyrus.lanszwertii.var.leucanthus,Fabaceae
2021,Frogs.Pond,182,10,60,flavifrons,worker,15,Lupinus.sericeus.var.sericeus,Fabaceae
2021,Frogs.Pond,182,10,60,flavifrons,worker,1,Mertensia.ciliata,Boraginaceae
2021,Frogs.Pond,182,10,60,flavifrons,worker,1,Vicia.americana,Fabaceae
2021,Frogs.Pond,182,10,60,insularis,queen,1,Cirsium.parryi,Asteraceae
2021,Frogs.Pond,182,10,60,melanopygus,worker,1,Lupinus.sericeus.var.sericeus,Fabaceae
2021,Frogs.Pond,182,10,60,mixtus,worker,1,Lupinus.sericeus.var.sericeus,Fabaceae
2021,Frogs.Pond,182,10,60,nevadensis,worker,1,Lupinus.sericeus.var.sericeus,Fabaceae
2021,Frogs.Pond,182,10,60,rufocinctus,queen,1,Frasera.speciosa,Gentianaceae
2021,Frogs.Pond,182,10,60,rufocinctus,queen,4,Lupinus.sericeus.var.sericeus,Fabaceae
2021,Frogs.Pond,182,10,60,rufocinctus,worker,1,Helianthella.quinquenervis,Asteraceae
2021,Frogs.Pond,182,10,60,rufocinctus,worker,1,Lupinus.sericeus.var.sericeus,Fabaceae
2021,Frogs.Pond,182,10,60,sylvicola,worker,1,Lupinus.sericeus.var.sericeus,Fabaceae
2021,Frogs.Pond,191,11,60,appositus,worker,14,Delphinium.barbeyi,Ranunculaceae
2021,Frogs.Pond,191,11,60,bifarius,male,1,Frasera.speciosa,Gentianaceae
2021,Frogs.Pond,191,11,60,bifarius,queen,1,Helianthella.quinquenervis,Asteraceae
2021,Frogs.Pond,191,11,60,bifarius,worker,1,Helianthella.quinquenervis,Asteraceae
2021,Frogs.Pond,191,11,60,bifarius,worker,1,Lupinus.sericeus.var.sericeus,Fabaceae
2021,Frogs.Pond,191,11,60,bifarius,worker,5,Potentilla.fruticosa,Rosaceae
2021,Frogs.Pond,191,11,60,californicus,worker,1,Delphinium.barbeyi,Ranunculaceae
2021,Frogs.Pond,191,11,60,flavifrons,worker,1,Aconitum.columbianum,Ranunculaceae
2021,Frogs.Pond,191,11,60,flavifrons,worker,7,Delphinium.barbeyi,Ranunculaceae
2021,Frogs.Pond,191,11,60,flavifrons,worker,3,Helianthella.quinquenervis,Asteraceae
2021,Frogs.Pond,191,11,60,flavifrons,worker,1,Heliomeris.multiflora,Asteraceae
2021,Frogs.Pond,191,11,60,flavifrons,worker,2,Lupinus.sericeus.var.sericeus,Fabaceae
2021,Frogs.Pond,191,11,60,melanopygus,queen,1,Helianthella.quinquenervis,Asteraceae
2021,Frogs.Pond,191,11,60,mixtus,queen,1,Helianthella.quinquenervis,Asteraceae
2021,Frogs.Pond,191,11,60,mixtus,worker,1,Helianthella.quinquenervis,Asteraceae
2021,Frogs.Pond,191,11,60,nevadensis,queen,1,Lupinus.sericeus.var.sericeus,Fabaceae
2021,Frogs.Pond,191,11,60,rufocinctus,worker,3,Erigeron.speciosus,Asteraceae
2021,Frogs.Pond,191,11,60,rufocinctus,worker,2,Helianthella.quinquenervis,Asteraceae
2021,Frogs.Pond,191,11,60,rufocinctus,worker,9,Potentilla.fruticosa,Rosaceae
2021,Frogs.Pond,191,11,60,rufocinctus,worker,1,Potentilla.pulcherrima,Rosaceae
2021,Frogs.Pond,197,12,60,appositus,queen,4,Delphinium.barbeyi,Ranunculaceae
2021,Frogs.Pond,197,12,60,appositus,worker,17,Delphinium.barbeyi,Ranunculaceae
2021,Frogs.Pond,197,12,60,appositus,worker,1,Erigeron.speciosus,Asteraceae
2021,Frogs.Pond,197,12,60,bifarius,queen,3,Helianthella.quinquenervis,Asteraceae
2021,Frogs.Pond,197,12,60,bifarius,worker,1,Calochortus.gunnisonii,Liliaceae
2021,Frogs.Pond,197,12,60,bifarius,worker,7,Erigeron.speciosus,Asteraceae
2021,Frogs.Pond,197,12,60,bifarius,worker,2,Potentilla.fruticosa,Rosaceae
2021,Frogs.Pond,197,12,60,californicus,worker,3,Delphinium.barbeyi,Ranunculaceae
2021,Frogs.Pond,197,12,60,flavifrons,male,1,Helianthella.quinquenervis,Asteraceae
2021,Frogs.Pond,197,12,60,flavifrons,worker,35,Delphinium.barbeyi,Ranunculaceae
2021,Frogs.Pond,197,12,60,flavifrons,worker,8,Helianthella.quinquenervis,Asteraceae
2021,Frogs.Pond,197,12,60,flavifrons,worker,1,Lupinus.sericeus.var.sericeus,Fabaceae
2021,Frogs.Pond,197,12,60,flavifrons,worker,1,Vicia.americana,Fabaceae
2021,Frogs.Pond,197,12,60,mixtus,worker,1,Mertensia.ciliata,Boraginaceae
2021,Frogs.Pond,197,12,60,nevadensis,queen,1,Delphinium.barbeyi,Ranunculaceae
2021,Frogs.Pond,197,12,60,occidentalis,male,1,Helianthella.quinquenervis,Asteraceae
2021,Frogs.Pond,197,12,60,rufocinctus,male,1,Helianthella.quinquenervis,Asteraceae
2021,Frogs.Pond,197,12,60,rufocinctus,worker,12,Calochortus.gunnisonii,Liliaceae
2021,Frogs.Pond,197,12,60,rufocinctus,worker,34,Erigeron.speciosus,Asteraceae
2021,Frogs.Pond,197,12,60,rufocinctus,worker,2,Helianthella.quinquenervis,Asteraceae
2021,Frogs.Pond,197,12,60,rufocinctus,worker,1,Potentilla.fruticosa,Rosaceae
2021,Frogs.Pond,197,12,60,sylvicola,worker,1,Heliomeris.multiflora,Asteraceae
2021,Frogs.Pond,204,13,60,appositus,queen,1,Delphinium.barbeyi,Ranunculaceae
2021,Frogs.Pond,204,13,60,appositus,worker,10,Delphinium.barbeyi,Ranunculaceae
2021,Frogs.Pond,204,13,60,bifarius,male,1,Erigeron.speciosus,Asteraceae
2021,Frogs.Pond,204,13,60,bifarius,male,1,Helianthella.quinquenervis,Asteraceae
2021,Frogs.Pond,204,13,60,bifarius,worker,1,Erigeron.elatior,Asteraceae
2021,Frogs.Pond,204,13,60,bifarius,worker,16,Erigeron.speciosus,Asteraceae
2021,Frogs.Pond,204,13,60,bifarius,worker,3,Helianthella.quinquenervis,Asteraceae
2021,Frogs.Pond,204,13,60,bifarius,worker,8,Heliomeris.multiflora,Asteraceae
2021,Frogs.Pond,204,13,60,bifarius,worker,3,Heterotheca.villosa,Asteraceae
2021,Frogs.Pond,204,13,60,bifarius,worker,1,Pyrrocoma.crocea,Asteraceae
2021,Frogs.Pond,204,13,60,bifarius,worker,1,Solidago.multiradiata,Asteraceae
2021,Frogs.Pond,204,13,60,californicus,worker,3,Delphinium.barbeyi,Ranunculaceae
2021,Frogs.Pond,204,13,60,flavifrons,male,4,Cirsium.parryi,Asteraceae
2021,Frogs.Pond,204,13,60,flavifrons,male,1,Erigeron.speciosus,Asteraceae
2021,Frogs.Pond,204,13,60,flavifrons,male,5,Helianthella.quinquenervis,Asteraceae
2021,Frogs.Pond,204,13,60,flavifrons,male,1,Heliomeris.multiflora,Asteraceae
2021,Frogs.Pond,204,13,60,flavifrons,male,2,Solidago.multiradiata,Asteraceae
2021,Frogs.Pond,204,13,60,flavifrons,worker,2,Cirsium.parryi,Asteraceae
2021,Frogs.Pond,204,13,60,flavifrons,worker,12,Delphinium.barbeyi,Ranunculaceae
2021,Frogs.Pond,204,13,60,flavifrons,worker,1,Erigeron.speciosus,Asteraceae
2021,Frogs.Pond,204,13,60,flavifrons,worker,3,Helianthella.quinquenervis,Asteraceae
2021,Frogs.Pond,204,13,60,flavifrons,worker,2,Heliomeris.multiflora,Asteraceae
2021,Frogs.Pond,204,13,60,flavifrons,worker,2,Heterotheca.villosa,Asteraceae
2021,Frogs.Pond,204,13,60,mixtus,worker,1,Heliomeris.multiflora,Asteraceae
2021,Frogs.Pond,204,13,60,mixtus,worker,2,Potentilla.fruticosa,Rosaceae
2021,Frogs.Pond,204,13,60,nevadensis,worker,1,Delphinium.barbeyi,Ranunculaceae
2021,Frogs.Pond,204,13,60,occidentalis,male,2,Erigeron.speciosus,Asteraceae
2021,Frogs.Pond,204,13,60,rufocinctus,worker,41,Erigeron.speciosus,Asteraceae
2021,Frogs.Pond,204,13,60,rufocinctus,worker,11,Heliomeris.multiflora,Asteraceae
2021,Frogs.Pond,204,13,60,rufocinctus,worker,6,Heterotheca.villosa,Asteraceae
2021,Frogs.Pond,204,13,60,rufocinctus,worker,3,Potentilla.fruticosa,Rosaceae
2021,Frogs.Pond,204,13,60,sylvicola,worker,1,Erigeron.speciosus,Asteraceae
2021,Frogs.Pond,204,13,60,sylvicola,worker,2,Solidago.missouriensis,Asteraceae
2021,Frogs.Pond,211,14,60,appositus,male,3,Cirsium.parryi,Asteraceae
2021,Frogs.Pond,211,14,60,appositus,male,1,Delphinium.barbeyi,Ranunculaceae
2021,Frogs.Pond,211,14,60,appositus,male,1,Ericameria.parryi,Asteraceae
2021,Frogs.Pond,211,14,60,appositus,worker,1,Cirsium.parryi,Asteraceae
2021,Frogs.Pond,211,14,60,appositus,worker,6,Delphinium.barbeyi,Ranunculaceae
2021,Frogs.Pond,211,14,60,balteatus,queen,1,Delphinium.barbeyi,Ranunculaceae
2021,Frogs.Pond,211,14,60,bifarius,male,11,Heliomeris.multiflora,Asteraceae
2021,Frogs.Pond,211,14,60,bifarius,male,1,Solidago.missouriensis,Asteraceae
2021,Frogs.Pond,211,14,60,bifarius,worker,1,Agoseris.glauca,Asteraceae
2021,Frogs.Pond,211,14,60,bifarius,worker,6,Ericameria.parryi,Asteraceae
2021,Frogs.Pond,211,14,60,bifarius,worker,14,Erigeron.speciosus,Asteraceae
2021,Frogs.Pond,211,14,60,bifarius,worker,66,Heliomeris.multiflora,Asteraceae
2021,Frogs.Pond,211,14,60,bifarius,worker,4,Heterotheca.villosa,Asteraceae
2021,Frogs.Pond,211,14,60,bifarius,worker,5,Potentilla.fruticosa,Rosaceae
2021,Frogs.Pond,211,14,60,bifarius,worker,18,Solidago.missouriensis,Asteraceae
2021,Frogs.Pond,211,14,60,californicus,worker,2,Cirsium.parryi,Asteraceae
2021,Frogs.Pond,211,14,60,californicus,worker,1,Delphinium.barbeyi,Ranunculaceae
2021,Frogs.Pond,211,14,60,flavifrons,male,5,Cirsium.parryi,Asteraceae
2021,Frogs.Pond,211,14,60,flavifrons,male,6,Ericameria.parryi,Asteraceae
2021,Frogs.Pond,211,14,60,flavifrons,male,1,Erigeron.elatior,Asteraceae
2021,Frogs.Pond,211,14,60,flavifrons,male,2,Heliomeris.multiflora,Asteraceae
2021,Frogs.Pond,211,14,60,flavifrons,male,1,Pyrrocoma.crocea,Asteraceae
2021,Frogs.Pond,211,14,60,flavifrons,male,3,Senecio.serra.var.admirabilis,Asteraceae
2021,Frogs.Pond,211,14,60,flavifrons,male,1,Solidago.missouriensis,Asteraceae
2021,Frogs.Pond,211,14,60,flavifrons,queen,2,Delphinium.barbeyi,Ranunculaceae
2021,Frogs.Pond,211,14,60,flavifrons,worker,1,Agoseris.glauca,Asteraceae
2021,Frogs.Pond,211,14,60,flavifrons,worker,1,Chamerion.angustifolium,Onagraceae
2021,Frogs.Pond,211,14,60,flavifrons,worker,6,Cirsium.parryi,Asteraceae
2021,Frogs.Pond,211,14,60,flavifrons,worker,3,Delphinium.barbeyi,Ranunculaceae
2021,Frogs.Pond,211,14,60,flavifrons,worker,2,Ericameria.parryi,Asteraceae
2021,Frogs.Pond,211,14,60,flavifrons,worker,1,Eucephalus.engelmannii,Asteraceae
2021,Frogs.Pond,211,14,60,flavifrons,worker,1,Helianthella.quinquenervis,Asteraceae
2021,Frogs.Pond,211,14,60,flavifrons,worker,7,Heliomeris.multiflora,Asteraceae
2021,Frogs.Pond,211,14,60,flavifrons,worker,2,Senecio.serra.var.admirabilis,Asteraceae
2021,Frogs.Pond,211,14,60,flavifrons,worker,1,Solidago.missouriensis,Asteraceae
2021,Frogs.Pond,211,14,60,insularis,male,1,Erigeron.speciosus,Asteraceae
2021,Frogs.Pond,211,14,60,insularis,male,3,Heliomeris.multiflora,Asteraceae
2021,Frogs.Pond,211,14,60,insularis,male,1,Senecio.serra.var.admirabilis,Asteraceae
2021,Frogs.Pond,211,14,60,melanopygus,worker,1,Solidago.multiradiata,Asteraceae
2021,Frogs.Pond,211,14,60,mixtus,male,1,Erigeron.speciosus,Asteraceae
2021,Frogs.Pond,211,14,60,mixtus,male,1,Heliomeris.multiflora,Asteraceae
2021,Frogs.Pond,211,14,60,mixtus,male,1,Senecio.serra.var.admirabilis,Asteraceae
2021,Frogs.Pond,211,14,60,mixtus,worker,2,Heliomeris.multiflora,Asteraceae
2021,Frogs.Pond,211,14,60,mixtus,worker,1,Solidago.missouriensis,Asteraceae
2021,Frogs.Pond,211,14,60,occidentalis,male,1,Achillea.millefolium,Asteraceae
2021,Frogs.Pond,211,14,60,occidentalis,male,1,Senecio.serra.var.admirabilis,Asteraceae
2021,Frogs.Pond,211,14,60,occidentalis,worker,1,Erigeron.speciosus,Asteraceae
2021,Frogs.Pond,211,14,60,occidentalis,worker,1,Heliomeris.multiflora,Asteraceae
2021,Frogs.Pond,211,14,60,occidentalis,worker,1,Potentilla.fruticosa,Rosaceae
2021,Frogs.Pond,211,14,60,occidentalis,worker,1,Solidago.missouriensis,Asteraceae
2021,Frogs.Pond,211,14,60,rufocinctus,male,2,Erigeron.speciosus,Asteraceae
2021,Frogs.Pond,211,14,60,rufocinctus,male,1,Heliomeris.multiflora,Asteraceae
2021,Frogs.Pond,211,14,60,rufocinctus,worker,47,Erigeron.speciosus,Asteraceae
2021,Frogs.Pond,211,14,60,rufocinctus,worker,64,Heliomeris.multiflora,Asteraceae
2021,Frogs.Pond,211,14,60,rufocinctus,worker,2,Heterotheca.villosa,Asteraceae
2021,Frogs.Pond,211,14,60,rufocinctus,worker,4,Potentilla.fruticosa,Rosaceae
2021,Frogs.Pond,211,14,60,rufocinctus,worker,2,Solidago.missouriensis,Asteraceae
2021,Frogs.Pond,218,15,60,appositus,male,8,Cirsium.parryi,Asteraceae
2021,Frogs.Pond,218,15,60,appositus,male,3,Delphinium.barbeyi,Ranunculaceae
2021,Frogs.Pond,218,15,60,appositus,male,32,Ericameria.parryi,Asteraceae
2021,Frogs.Pond,218,15,60,appositus,male,1,Linaria.vulgaris,Plantaginaceae
2021,Frogs.Pond,218,15,60,appositus,worker,2,Delphinium.barbeyi,Ranunculaceae
2021,Frogs.Pond,218,15,60,appositus,worker,1,Ericameria.parryi,Asteraceae
2021,Frogs.Pond,218,15,60,bifarius,male,42,Heliomeris.multiflora,Asteraceae
2021,Frogs.Pond,218,15,60,bifarius,male,2,Senecio.serra.var.admirabilis,Asteraceae
2021,Frogs.Pond,218,15,60,bifarius,male,2,Solidago.missouriensis,Asteraceae
2021,Frogs.Pond,218,15,60,bifarius,worker,1,Achillea.millefolium,Asteraceae
2021,Frogs.Pond,218,15,60,bifarius,worker,3,Symphyotrichum.foliaceum,Asteraceae
2021,Frogs.Pond,218,15,60,bifarius,worker,1,Cirsium.parryi,Asteraceae
2021,Frogs.Pond,218,15,60,bifarius,worker,8,Ericameria.parryi,Asteraceae
2021,Frogs.Pond,218,15,60,bifarius,worker,5,Erigeron.speciosus,Asteraceae
2021,Frogs.Pond,218,15,60,bifarius,worker,109,Heliomeris.multiflora,Asteraceae
2021,Frogs.Pond,218,15,60,bifarius,worker,3,Heterotheca.villosa,Asteraceae
2021,Frogs.Pond,218,15,60,bifarius,worker,7,Linaria.vulgaris,Plantaginaceae
2021,Frogs.Pond,218,15,60,bifarius,worker,2,Potentilla.fruticosa,Rosaceae
2021,Frogs.Pond,218,15,60,bifarius,worker,3,Senecio.serra.var.admirabilis,Asteraceae
2021,Frogs.Pond,218,15,60,bifarius,worker,1,Sidalcea.candida,Malvaceae
2021,Frogs.Pond,218,15,60,bifarius,worker,7,Solidago.missouriensis,Asteraceae
2021,Frogs.Pond,218,15,60,californicus,male,1,Cirsium.parryi,Asteraceae
2021,Frogs.Pond,218,15,60,californicus,male,1,Ericameria.parryi,Asteraceae
2021,Frogs.Pond,218,15,60,californicus,worker,1,Castilleja.linariifolia,Orobanchaceae
2021,Frogs.Pond,218,15,60,californicus,worker,2,Delphinium.barbeyi,Ranunculaceae
2021,Frogs.Pond,218,15,60,californicus,worker,1,Ericameria.parryi,Asteraceae
2021,Frogs.Pond,218,15,60,californicus,worker,1,Linaria.vulgaris,Plantaginaceae
2021,Frogs.Pond,218,15,60,flavifrons,male,4,Symphyotrichum.foliaceum,Asteraceae
2021,Frogs.Pond,218,15,60,flavifrons,male,1,Chamerion.angustifolium,Onagraceae
2021,Frogs.Pond,218,15,60,flavifrons,male,3,Cirsium.parryi,Asteraceae
2021,Frogs.Pond,218,15,60,flavifrons,male,11,Ericameria.parryi,Asteraceae
2021,Frogs.Pond,218,15,60,flavifrons,male,1,Helianthella.quinquenervis,Asteraceae
2021,Frogs.Pond,218,15,60,flavifrons,male,13,Heliomeris.multiflora,Asteraceae
2021,Frogs.Pond,218,15,60,flavifrons,male,2,Senecio.bigelovii,Asteraceae
2021,Frogs.Pond,218,15,60,flavifrons,male,8,Senecio.serra.var.admirabilis,Asteraceae
2021,Frogs.Pond,218,15,60,flavifrons,male,1,Solidago.missouriensis,Asteraceae
2021,Frogs.Pond,218,15,60,flavifrons,queen,1,Linaria.vulgaris,Plantaginaceae
2021,Frogs.Pond,218,15,60,flavifrons,worker,5,Cirsium.parryi,Asteraceae
2021,Frogs.Pond,218,15,60,flavifrons,worker,2,Delphinium.barbeyi,Ranunculaceae
2021,Frogs.Pond,218,15,60,flavifrons,worker,2,Ericameria.parryi,Asteraceae
2021,Frogs.Pond,218,15,60,flavifrons,worker,4,Heliomeris.multiflora,Asteraceae
2021,Frogs.Pond,218,15,60,flavifrons,worker,1,Senecio.bigelovii,Asteraceae
2021,Frogs.Pond,218,15,60,flavifrons,worker,1,Linaria.vulgaris,Plantaginaceae
2021,Frogs.Pond,218,15,60,flavifrons,worker,6,Senecio.serra.var.admirabilis,Asteraceae
2021,Frogs.Pond,218,15,60,insularis,male,3,Ericameria.parryi,Asteraceae
2021,Frogs.Pond,218,15,60,insularis,male,12,Heliomeris.multiflora,Asteraceae
2021,Frogs.Pond,218,15,60,insularis,male,2,Heterotheca.villosa,Asteraceae
2021,Frogs.Pond,218,15,60,insularis,male,12,Senecio.serra.var.admirabilis,Asteraceae
2021,Frogs.Pond,218,15,60,insularis,male,3,Solidago.missouriensis,Asteraceae
2021,Frogs.Pond,218,15,60,melanopygus,worker,1,Senecio.serra.var.admirabilis,Asteraceae
2021,Frogs.Pond,218,15,60,mixtus,male,5,Heliomeris.multiflora,Asteraceae
2021,Frogs.Pond,218,15,60,mixtus,male,1,Senecio.serra.var.admirabilis,Asteraceae
2021,Frogs.Pond,218,15,60,mixtus,worker,4,Heliomeris.multiflora,Asteraceae
2021,Frogs.Pond,218,15,60,occidentalis,male,2,Linaria.vulgaris,Plantaginaceae
2021,Frogs.Pond,218,15,60,rufocinctus,male,1,Helianthella.quinquenervis,Asteraceae
2021,Frogs.Pond,218,15,60,rufocinctus,male,21,Heliomeris.multiflora,Asteraceae
2021,Frogs.Pond,218,15,60,rufocinctus,worker,3,Symphyotrichum.foliaceum,Asteraceae
2021,Frogs.Pond,218,15,60,rufocinctus,worker,1,Campanula.rotundifolia,Campanulaceae
2021,Frogs.Pond,218,15,60,rufocinctus,worker,4,Erigeron.speciosus,Asteraceae
2021,Frogs.Pond,218,15,60,rufocinctus,worker,84,Heliomeris.multiflora,Asteraceae
2021,Frogs.Pond,218,15,60,rufocinctus,worker,1,Heterotheca.villosa,Asteraceae
2021,Frogs.Pond,218,15,60,rufocinctus,worker,1,Solidago.missouriensis,Asteraceae
2021,Frogs.Pond,226,16,60,appositus,male,3,Symphyotrichum.foliaceum,Asteraceae
2021,Frogs.Pond,226,16,60,appositus,male,5,Cirsium.parryi,Asteraceae
2021,Frogs.Pond,226,16,60,appositus,male,42,Ericameria.parryi,Asteraceae
2021,Frogs.Pond,226,16,60,appositus,male,4,Gentiana.parryi,Gentianaceae
2021,Frogs.Pond,226,16,60,appositus,male,1,Linaria.vulgaris,Plantaginaceae
2021,Frogs.Pond,226,16,60,appositus,queen,1,Delphinium.barbeyi,Ranunculaceae
2021,Frogs.Pond,226,16,60,appositus,worker,6,Ericameria.parryi,Asteraceae
2021,Frogs.Pond,226,16,60,appositus,worker,1,Gentiana.parryi,Gentianaceae
2021,Frogs.Pond,226,16,60,appositus,worker,1,Heliomeris.multiflora,Asteraceae
2021,Frogs.Pond,226,16,60,appositus,worker,4,Linaria.vulgaris,Plantaginaceae
2021,Frogs.Pond,226,16,60,bifarius,male,3,Symphyotrichum.foliaceum,Asteraceae
2021,Frogs.Pond,226,16,60,bifarius,male,2,Ericameria.parryi,Asteraceae
2021,Frogs.Pond,226,16,60,bifarius,male,21,Heliomeris.multiflora,Asteraceae
2021,Frogs.Pond,226,16,60,bifarius,worker,5,Symphyotrichum.foliaceum,Asteraceae
2021,Frogs.Pond,226,16,60,bifarius,worker,8,Ericameria.parryi,Asteraceae
2021,Frogs.Pond,226,16,60,bifarius,worker,61,Heliomeris.multiflora,Asteraceae
2021,Frogs.Pond,226,16,60,bifarius,worker,7,Linaria.vulgaris,Plantaginaceae
2021,Frogs.Pond,226,16,60,bifarius,worker,6,Potentilla.fruticosa,Rosaceae
2021,Frogs.Pond,226,16,60,californicus,male,1,Symphyotrichum.foliaceum,Asteraceae
2021,Frogs.Pond,226,16,60,californicus,male,4,Ericameria.parryi,Asteraceae
2021,Frogs.Pond,226,16,60,californicus,worker,1,Symphyotrichum.foliaceum,Asteraceae
2021,Frogs.Pond,226,16,60,californicus,worker,2,Cirsium.parryi,Asteraceae
2021,Frogs.Pond,226,16,60,californicus,worker,8,Ericameria.parryi,Asteraceae
2021,Frogs.Pond,226,16,60,californicus,worker,4,Linaria.vulgaris,Plantaginaceae
2021,Frogs.Pond,226,16,60,flavifrons,male,5,Symphyotrichum.foliaceum,Asteraceae
2021,Frogs.Pond,226,16,60,flavifrons,male,1,Cirsium.parryi,Asteraceae
2021,Frogs.Pond,226,16,60,flavifrons,male,16,Ericameria.parryi,Asteraceae
2021,Frogs.Pond,226,16,60,flavifrons,male,13,Heliomeris.multiflora,Asteraceae
2021,Frogs.Pond,226,16,60,flavifrons,male,1,Senecio.bigelovii,Asteraceae
2021,Frogs.Pond,226,16,60,flavifrons,male,3,Senecio.serra.var.admirabilis,Asteraceae
2021,Frogs.Pond,226,16,60,flavifrons,queen,1,Potentilla.fruticosa,Rosaceae
2021,Frogs.Pond,226,16,60,flavifrons,worker,5,Symphyotrichum.foliaceum,Asteraceae
2021,Frogs.Pond,226,16,60,flavifrons,worker,3,Cirsium.parryi,Asteraceae
2021,Frogs.Pond,226,16,60,flavifrons,worker,8,Ericameria.parryi,Asteraceae
2021,Frogs.Pond,226,16,60,flavifrons,worker,4,Heliomeris.multiflora,Asteraceae
2021,Frogs.Pond,226,16,60,insularis,male,4,Symphyotrichum.foliaceum,Asteraceae
2021,Frogs.Pond,226,16,60,insularis,male,17,Ericameria.parryi,Asteraceae
2021,Frogs.Pond,226,16,60,insularis,male,7,Heliomeris.multiflora,Asteraceae
2021,Frogs.Pond,226,16,60,insularis,male,4,Senecio.serra.var.admirabilis,Asteraceae
2021,Frogs.Pond,226,16,60,insularis,queen,2,Ericameria.parryi,Asteraceae
2021,Frogs.Pond,226,16,60,insularis,queen,1,Erigeron.speciosus,Asteraceae
2021,Frogs.Pond,226,16,60,mixtus,male,5,Heliomeris.multiflora,Asteraceae
2021,Frogs.Pond,226,16,60,mixtus,worker,3,Heliomeris.multiflora,Asteraceae
2021,Frogs.Pond,226,16,60,nevadensis,worker,1,Ericameria.parryi,Asteraceae
2021,Frogs.Pond,226,16,60,occidentalis,male,2,Symphyotrichum.foliaceum,Asteraceae
2021,Frogs.Pond,226,16,60,occidentalis,male,1,Ericameria.parryi,Asteraceae
2021,Frogs.Pond,226,16,60,occidentalis,worker,1,Symphyotrichum.foliaceum,Asteraceae
2021,Frogs.Pond,226,16,60,occidentalis,worker,1,Linaria.vulgaris,Plantaginaceae
2021,Frogs.Pond,226,16,60,rufocinctus,male,6,Symphyotrichum.foliaceum,Asteraceae
2021,Frogs.Pond,226,16,60,rufocinctus,male,1,Ericameria.parryi,Asteraceae
2021,Frogs.Pond,226,16,60,rufocinctus,male,37,Heliomeris.multiflora,Asteraceae
2021,Frogs.Pond,226,16,60,rufocinctus,queen,1,Heliomeris.multiflora,Asteraceae
2021,Frogs.Pond,226,16,60,rufocinctus,worker,9,Symphyotrichum.foliaceum,Asteraceae
2021,Frogs.Pond,226,16,60,rufocinctus,worker,3,Ericameria.parryi,Asteraceae
2021,Frogs.Pond,226,16,60,rufocinctus,worker,3,Gentiana.parryi,Gentianaceae
2021,Frogs.Pond,226,16,60,rufocinctus,worker,30,Heliomeris.multiflora,Asteraceae
2021,Frogs.Pond,226,16,60,rufocinctus,worker,3,Heterotheca.villosa,Asteraceae
2021,Frogs.Pond,226,16,60,sylvicola,worker,1,Heliomeris.multiflora,Asteraceae
2021,Frogs.Pond,235,17,60,appositus,male,1,Symphyotrichum.foliaceum,Asteraceae
2021,Frogs.Pond,235,17,60,appositus,male,3,Cirsium.parryi,Asteraceae
2021,Frogs.Pond,235,17,60,appositus,male,9,Ericameria.parryi,Asteraceae
2021,Frogs.Pond,235,17,60,appositus,male,7,Gentiana.parryi,Gentianaceae
2021,Frogs.Pond,235,17,60,appositus,worker,2,Ericameria.parryi,Asteraceae
2021,Frogs.Pond,235,17,60,appositus,worker,1,Gentiana.parryi,Gentianaceae
2021,Frogs.Pond,235,17,60,bifarius,male,6,Symphyotrichum.foliaceum,Asteraceae
2021,Frogs.Pond,235,17,60,bifarius,male,1,Ericameria.parryi,Asteraceae
2021,Frogs.Pond,235,17,60,bifarius,male,64,Heliomeris.multiflora,Asteraceae
2021,Frogs.Pond,235,17,60,bifarius,worker,1,Symphyotrichum.foliaceum,Asteraceae
2021,Frogs.Pond,235,17,60,bifarius,worker,6,Ericameria.parryi,Asteraceae
2021,Frogs.Pond,235,17,60,bifarius,worker,12,Heliomeris.multiflora,Asteraceae
2021,Frogs.Pond,235,17,60,bifarius,worker,1,Heterotheca.villosa,Asteraceae
2021,Frogs.Pond,235,17,60,bifarius,worker,3,Linaria.vulgaris,Plantaginaceae
2021,Frogs.Pond,235,17,60,californicus,male,1,Ericameria.parryi,Asteraceae
2021,Frogs.Pond,235,17,60,californicus,queen,1,Linaria.vulgaris,Plantaginaceae
2021,Frogs.Pond,235,17,60,californicus,worker,2,Symphyotrichum.foliaceum,Asteraceae
2021,Frogs.Pond,235,17,60,californicus,worker,1,Cirsium.parryi,Asteraceae
2021,Frogs.Pond,235,17,60,californicus,worker,3,Ericameria.parryi,Asteraceae
2021,Frogs.Pond,235,17,60,californicus,worker,3,Linaria.vulgaris,Plantaginaceae
2021,Frogs.Pond,235,17,60,centralis,worker,1,Ericameria.parryi,Asteraceae
2021,Frogs.Pond,235,17,60,flavifrons,male,4,Symphyotrichum.foliaceum,Asteraceae
2021,Frogs.Pond,235,17,60,flavifrons,male,1,Cirsium.parryi,Asteraceae
2021,Frogs.Pond,235,17,60,flavifrons,male,16,Ericameria.parryi,Asteraceae
2021,Frogs.Pond,235,17,60,flavifrons,male,4,Heliomeris.multiflora,Asteraceae
2021,Frogs.Pond,235,17,60,flavifrons,male,1,Senecio.serra.var.admirabilis,Asteraceae
2021,Frogs.Pond,235,17,60,flavifrons,worker,2,Symphyotrichum.foliaceum,Asteraceae
2021,Frogs.Pond,235,17,60,flavifrons,worker,1,Cirsium.parryi,Asteraceae
2021,Frogs.Pond,235,17,60,flavifrons,worker,3,Ericameria.parryi,Asteraceae
2021,Frogs.Pond,235,17,60,flavifrons,worker,1,Heliomeris.multiflora,Asteraceae
2021,Frogs.Pond,235,17,60,frigidus,male,1,Heliomeris.multiflora,Asteraceae
2021,Frogs.Pond,235,17,60,insularis,male,8,Symphyotrichum.foliaceum,Asteraceae
2021,Frogs.Pond,235,17,60,insularis,male,44,Ericameria.parryi,Asteraceae
2021,Frogs.Pond,235,17,60,insularis,male,3,Heliomeris.multiflora,Asteraceae
2021,Frogs.Pond,235,17,60,insularis,male,4,Senecio.serra.var.admirabilis,Asteraceae
2021,Frogs.Pond,235,17,60,insularis,queen,1,Ericameria.parryi,Asteraceae
2021,Frogs.Pond,235,17,60,mixtus,male,1,Heliomeris.multiflora,Asteraceae
2021,Frogs.Pond,235,17,60,occidentalis,male,2,Symphyotrichum.foliaceum,Asteraceae
2021,Frogs.Pond,235,17,60,occidentalis,male,1,Ericameria.parryi,Asteraceae
2021,Frogs.Pond,235,17,60,occidentalis,male,1,Heliomeris.multiflora,Asteraceae
2021,Frogs.Pond,235,17,60,occidentalis,male,1,Linaria.vulgaris,Plantaginaceae
2021,Frogs.Pond,235,17,60,rufocinctus,male,9,Symphyotrichum.foliaceum,Asteraceae
2021,Frogs.Pond,235,17,60,rufocinctus,male,24,Ericameria.parryi,Asteraceae
2021,Frogs.Pond,235,17,60,rufocinctus,male,10,Heliomeris.multiflora,Asteraceae
2021,Frogs.Pond,235,17,60,rufocinctus,worker,6,Symphyotrichum.foliaceum,Asteraceae
2021,Frogs.Pond,235,17,60,rufocinctus,worker,3,Ericameria.parryi,Asteraceae
2021,Frogs.Pond,235,17,60,rufocinctus,worker,14,Heliomeris.multiflora,Asteraceae
2021,Frogs.Pond,240,18,60,appositus,male,1,Cirsium.parryi,Asteraceae
2021,Frogs.Pond,240,18,60,appositus,male,6,Ericameria.parryi,Asteraceae
2021,Frogs.Pond,240,18,60,appositus,male,3,Gentiana.parryi,Gentianaceae
2021,Frogs.Pond,240,18,60,appositus,worker,1,Gentiana.parryi,Gentianaceae
2021,Frogs.Pond,240,18,60,bifarius,male,15,Symphyotrichum.foliaceum,Asteraceae
2021,Frogs.Pond,240,18,60,bifarius,male,12,Ericameria.parryi,Asteraceae
2021,Frogs.Pond,240,18,60,bifarius,male,54,Heliomeris.multiflora,Asteraceae
2021,Frogs.Pond,240,18,60,bifarius,worker,1,Symphyotrichum.foliaceum,Asteraceae
2021,Frogs.Pond,240,18,60,bifarius,worker,9,Ericameria.parryi,Asteraceae
2021,Frogs.Pond,240,18,60,bifarius,worker,7,Heliomeris.multiflora,Asteraceae
2021,Frogs.Pond,240,18,60,californicus,male,1,Cirsium.parryi,Asteraceae
2021,Frogs.Pond,240,18,60,californicus,male,5,Ericameria.parryi,Asteraceae
2021,Frogs.Pond,240,18,60,californicus,worker,4,Ericameria.parryi,Asteraceae
2021,Frogs.Pond,240,18,60,californicus,worker,1,Gentiana.parryi,Gentianaceae
2021,Frogs.Pond,240,18,60,flavifrons,male,5,Symphyotrichum.foliaceum,Asteraceae
2021,Frogs.Pond,240,18,60,flavifrons,male,1,Cirsium.parryi,Asteraceae
2021,Frogs.Pond,240,18,60,flavifrons,male,2,Ericameria.parryi,Asteraceae
2021,Frogs.Pond,240,18,60,flavifrons,worker,3,Ericameria.parryi,Asteraceae
2021,Frogs.Pond,240,18,60,flavifrons,worker,2,Heliomeris.multiflora,Asteraceae
2021,Frogs.Pond,240,18,60,flavifrons,worker,1,Linaria.vulgaris,Plantaginaceae
2021,Frogs.Pond,240,18,60,insularis,male,4,Symphyotrichum.foliaceum,Asteraceae
2021,Frogs.Pond,240,18,60,insularis,male,57,Ericameria.parryi,Asteraceae
2021,Frogs.Pond,240,18,60,insularis,male,1,Heliomeris.multiflora,Asteraceae
2021,Frogs.Pond,240,18,60,occidentalis,male,2,Ericameria.parryi,Asteraceae
2021,Frogs.Pond,240,18,60,occidentalis,worker,1,Ericameria.parryi,Asteraceae
2021,Frogs.Pond,240,18,60,rufocinctus,male,4,Symphyotrichum.foliaceum,Asteraceae
2021,Frogs.Pond,240,18,60,rufocinctus,male,26,Ericameria.parryi,Asteraceae
2021,Frogs.Pond,240,18,60,rufocinctus,male,10,Heliomeris.multiflora,Asteraceae
2021,Frogs.Pond,240,18,60,rufocinctus,worker,3,Symphyotrichum.foliaceum,Asteraceae
2021,Frogs.Pond,240,18,60,rufocinctus,worker,1,Ericameria.parryi,Asteraceae
2021,Frogs.Pond,240,18,60,rufocinctus,worker,7,Heliomeris.multiflora,Asteraceae
2021,Frogs.Pond,249,19,60,bifarius,male,12,Symphyotrichum.foliaceum,Asteraceae
2021,Frogs.Pond,249,19,60,bifarius,male,26,Ericameria.parryi,Asteraceae
2021,Frogs.Pond,249,19,60,bifarius,male,4,Heliomeris.multiflora,Asteraceae
2021,Frogs.Pond,249,19,60,bifarius,worker,1,Ericameria.parryi,Asteraceae
2021,Frogs.Pond,249,19,60,californicus,male,4,Ericameria.parryi,Asteraceae
2021,Frogs.Pond,249,19,60,californicus,queen,1,Ericameria.parryi,Asteraceae
2021,Frogs.Pond,249,19,60,flavifrons,male,1,Ericameria.parryi,Asteraceae
2021,Frogs.Pond,249,19,60,flavifrons,worker,1,Ericameria.parryi,Asteraceae
2021,Frogs.Pond,249,19,60,insularis,male,3,Symphyotrichum.foliaceum,Asteraceae
2021,Frogs.Pond,249,19,60,insularis,male,47,Ericameria.parryi,Asteraceae
2021,Frogs.Pond,249,19,60,rufocinctus,male,3,Symphyotrichum.foliaceum,Asteraceae
2021,Frogs.Pond,249,19,60,rufocinctus,male,10,Ericameria.parryi,Asteraceae
2021,Frogs.Pond,249,19,60,rufocinctus,worker,2,Symphyotrichum.foliaceum,Asteraceae
2021,Frogs.Pond,249,19,60,rufocinctus,worker,2,Ericameria.parryi,Asteraceae
2021,Frogs.Pond,249,19,60,rufocinctus,worker,1,Heliomeris.multiflora,Asteraceae
2021,Frogs.Pond,254,20,60,bifarius,male,1,Symphyotrichum.foliaceum,Asteraceae
2021,Frogs.Pond,254,20,60,bifarius,male,24,Ericameria.parryi,Asteraceae
2021,Frogs.Pond,254,20,60,bifarius,worker,3,Ericameria.parryi,Asteraceae
2021,Frogs.Pond,254,20,60,insularis,male,3,Ericameria.parryi,Asteraceae
2021,Frogs.Pond,254,20,60,rufocinctus,male,1,Symphyotrichum.foliaceum,Asteraceae
2021,Frogs.Pond,254,20,60,rufocinctus,male,2,Ericameria.parryi,Asteraceae
2021,Frogs.Pond,260,21,60,bifarius,male,7,Ericameria.parryi,Asteraceae
2021,Frogs.Pond,267,22,60,bifarius,male,1,Ericameria.parryi,Asteraceae
2021,Gothic.Spires,136,3,60,bifarius,queen,2,Claytonia.lanceolata,Montiaceae
2021,Gothic.Spires,139,4,60,bifarius,queen,5,Salix.sp,Salicaceae
2021,Gothic.Spires,149,5,60,appositus,queen,2,Mertensia.fusiformis,Boraginaceae
2021,Gothic.Spires,149,5,60,bifarius,queen,1,Erythronium.grandiflorum,Liliaceae
2021,Gothic.Spires,149,5,60,bifarius,queen,4,Mertensia.fusiformis,Boraginaceae
2021,Gothic.Spires,149,5,60,flavifrons,queen,1,Mertensia.fusiformis,Boraginaceae
2021,Gothic.Spires,149,5,60,mixtus,queen,1,Mertensia.fusiformis,Boraginaceae
2021,Gothic.Spires,149,5,60,occidentalis,queen,1,Salix.sp,Salicaceae
2021,Gothic.Spires,155,6,60,bifarius,queen,2,Hydrophyllum.capitatum,Hydrophyllaceae
2021,Gothic.Spires,155,6,60,flavifrons,queen,3,Hydrophyllum.capitatum,Hydrophyllaceae
2021,Gothic.Spires,161,7,60,appositus,queen,3,Delphinium.nuttallianum,Ranunculaceae
2021,Gothic.Spires,161,7,60,bifarius,queen,1,Taraxacum.officinale,Asteraceae
2021,Gothic.Spires,161,7,60,flavifrons,queen,2,Delphinium.nuttallianum,Ranunculaceae
2021,Gothic.Spires,161,7,60,flavifrons,queen,2,Lonicera.involucrata,Caprifoliaceae
2021,Gothic.Spires,161,7,60,flavifrons,queen,1,Hydrophyllum.fendleri,Hydrophyllaceae
2021,Gothic.Spires,161,7,60,insularis,queen,1,Taraxacum.officinale,Asteraceae
2021,Gothic.Spires,161,7,60,nevadensis,queen,3,Delphinium.nuttallianum,Ranunculaceae
2021,Gothic.Spires,161,7,60,nevadensis,queen,1,Taraxacum.officinale,Asteraceae
2021,Gothic.Spires,161,7,60,rufocinctus,queen,1,Taraxacum.officinale,Asteraceae
2021,Gothic.Spires,168,8,60,appositus,queen,6,Delphinium.nuttallianum,Ranunculaceae
2021,Gothic.Spires,168,8,60,appositus,queen,5,Lathyrus.lanszwertii.var.leucanthus,Fabaceae
2021,Gothic.Spires,168,8,60,bifarius,queen,5,Taraxacum.officinale,Asteraceae
2021,Gothic.Spires,168,8,60,bifarius,worker,2,Taraxacum.officinale,Asteraceae
2021,Gothic.Spires,168,8,60,californicus,queen,2,Delphinium.nuttallianum,Ranunculaceae
2021,Gothic.Spires,168,8,60,flavifrons,queen,12,Hydrophyllum.fendleri,Hydrophyllaceae
2021,Gothic.Spires,168,8,60,flavifrons,queen,1,Lathyrus.lanszwertii.var.leucanthus,Fabaceae
2021,Gothic.Spires,168,8,60,flavifrons,queen,2,Taraxacum.officinale,Asteraceae
2021,Gothic.Spires,168,8,60,mixtus,queen,1,Taraxacum.officinale,Asteraceae
2021,Gothic.Spires,168,8,60,rufocinctus,queen,2,Dodecatheon.pulchellum,Primulaceae
2021,Gothic.Spires,168,8,60,rufocinctus,queen,6,Hydrophyllum.fendleri,Hydrophyllaceae
2021,Gothic.Spires,168,8,60,rufocinctus,queen,1,Taraxacum.officinale,Asteraceae
2021,Gothic.Spires,174,9,60,appositus,queen,4,Lathyrus.lanszwertii.var.leucanthus,Fabaceae
2021,Gothic.Spires,174,9,60,bifarius,queen,3,Hydrophyllum.fendleri,Hydrophyllaceae
2021,Gothic.Spires,174,9,60,bifarius,worker,1,Taraxacum.officinale,Asteraceae
2021,Gothic.Spires,174,9,60,californicus,queen,1,Castilleja.sulphurea,Orobanchaceae
2021,Gothic.Spires,174,9,60,flavifrons,queen,1,Arnica.cordifolia,Asteraceae
2021,Gothic.Spires,174,9,60,flavifrons,queen,2,Delphinium.nuttallianum,Ranunculaceae
2021,Gothic.Spires,174,9,60,flavifrons,queen,25,Hydrophyllum.fendleri,Hydrophyllaceae
2021,Gothic.Spires,174,9,60,flavifrons,queen,1,Lathyrus.lanszwertii.var.leucanthus,Fabaceae
2021,Gothic.Spires,174,9,60,flavifrons,queen,1,Mertensia.ciliata,Boraginaceae
2021,Gothic.Spires,174,9,60,flavifrons,queen,3,Vicia.americana,Fabaceae
2021,Gothic.Spires,174,9,60,flavifrons,worker,1,Arnica.parryi,Asteraceae
2021,Gothic.Spires,174,9,60,flavifrons,worker,3,Hydrophyllum.fendleri,Hydrophyllaceae
2021,Gothic.Spires,174,9,60,insularis,queen,1,Hydrophyllum.fendleri,Hydrophyllaceae
2021,Gothic.Spires,174,9,60,rufocinctus,queen,1,Hydrophyllum.fendleri,Hydrophyllaceae
2021,Gothic.Spires,174,9,60,sylvicola,queen,1,Frasera.speciosa,Gentianaceae
2021,Gothic.Spires,174,9,60,sylvicola,queen,1,Lupinus.sericeus.var.sericeus,Fabaceae
2021,Gothic.Spires,181,10,60,appositus,queen,1,Lathyrus.lanszwertii.var.leucanthus,Fabaceae
2021,Gothic.Spires,181,10,60,appositus,queen,2,Vicia.americana,Fabaceae
2021,Gothic.Spires,181,10,60,appositus,worker,8,Vicia.americana,Fabaceae
2021,Gothic.Spires,181,10,60,bifarius,queen,1,Potentilla.pulcherrima,Rosaceae
2021,Gothic.Spires,181,10,60,bifarius,worker,1,Lupinus.sericeus.var.sericeus,Fabaceae
2021,Gothic.Spires,181,10,60,bifarius,worker,1,Potentilla.fruticosa,Rosaceae
2021,Gothic.Spires,181,10,60,bifarius,worker,17,Potentilla.pulcherrima,Rosaceae
2021,Gothic.Spires,181,10,60,flavifrons,queen,2,Lonicera.involucrata,Caprifoliaceae
2021,Gothic.Spires,181,10,60,flavifrons,queen,6,Hydrophyllum.fendleri,Hydrophyllaceae
2021,Gothic.Spires,181,10,60,flavifrons,queen,1,Lathyrus.lanszwertii.var.leucanthus,Fabaceae
2021,Gothic.Spires,181,10,60,flavifrons,queen,2,Mertensia.ciliata,Boraginaceae
2021,Gothic.Spires,181,10,60,flavifrons,queen,7,Vicia.americana,Fabaceae
2021,Gothic.Spires,181,10,60,flavifrons,worker,1,Arnica.cordifolia,Asteraceae
2021,Gothic.Spires,181,10,60,flavifrons,worker,1,Arnica.parryi,Asteraceae
2021,Gothic.Spires,181,10,60,flavifrons,worker,2,Frasera.speciosa,Gentianaceae
2021,Gothic.Spires,181,10,60,flavifrons,worker,2,Helianthella.quinquenervis,Asteraceae
2021,Gothic.Spires,181,10,60,flavifrons,worker,16,Hydrophyllum.fendleri,Hydrophyllaceae
2021,Gothic.Spires,181,10,60,flavifrons,worker,1,Lupinus.sericeus.var.sericeus,Fabaceae
2021,Gothic.Spires,181,10,60,flavifrons,worker,7,Mertensia.ciliata,Boraginaceae
2021,Gothic.Spires,181,10,60,mixtus,worker,1,Mertensia.ciliata,Boraginaceae
2021,Gothic.Spires,181,10,60,occidentalis,queen,1,Lathyrus.lanszwertii.var.leucanthus,Fabaceae
2021,Gothic.Spires,181,10,60,occidentalis,worker,1,Potentilla.pulcherrima,Rosaceae
2021,Gothic.Spires,188,11,60,appositus,queen,1,Potentilla.pulcherrima,Rosaceae
2021,Gothic.Spires,188,11,60,appositus,worker,1,Delphinium.barbeyi,Ranunculaceae
2021,Gothic.Spires,188,11,60,appositus,worker,2,Potentilla.pulcherrima,Rosaceae
2021,Gothic.Spires,188,11,60,appositus,worker,4,Vicia.americana,Fabaceae
2021,Gothic.Spires,188,11,60,bifarius,worker,5,Helianthella.quinquenervis,Asteraceae
2021,Gothic.Spires,188,11,60,bifarius,worker,5,Potentilla.pulcherrima,Rosaceae
2021,Gothic.Spires,188,11,60,flavifrons,queen,1,Delphinium.barbeyi,Ranunculaceae
2021,Gothic.Spires,188,11,60,flavifrons,queen,6,Vicia.americana,Fabaceae
2021,Gothic.Spires,188,11,60,flavifrons,worker,2,Aconitum.columbianum,Ranunculaceae
2021,Gothic.Spires,188,11,60,flavifrons,worker,1,Delphinium.barbeyi,Ranunculaceae
2021,Gothic.Spires,188,11,60,flavifrons,worker,7,Helianthella.quinquenervis,Asteraceae
2021,Gothic.Spires,188,11,60,flavifrons,worker,2,Hydrophyllum.fendleri,Hydrophyllaceae
2021,Gothic.Spires,188,11,60,flavifrons,worker,10,Mertensia.ciliata,Boraginaceae
2021,Gothic.Spires,188,11,60,flavifrons,worker,2,Potentilla.pulcherrima,Rosaceae
2021,Gothic.Spires,188,11,60,mixtus,worker,2,Helianthella.quinquenervis,Asteraceae
2021,Gothic.Spires,188,11,60,mixtus,worker,1,Mertensia.ciliata,Boraginaceae
2021,Gothic.Spires,188,11,60,mixtus,worker,2,Potentilla.fruticosa,Rosaceae
2021,Gothic.Spires,188,11,60,nevadensis,queen,1,Delphinium.barbeyi,Ranunculaceae
2021,Gothic.Spires,188,11,60,rufocinctus,worker,1,Helianthella.quinquenervis,Asteraceae
2021,Gothic.Spires,188,11,60,rufocinctus,worker,2,Potentilla.fruticosa,Rosaceae
2021,Gothic.Spires,188,11,60,rufocinctus,worker,2,Potentilla.pulcherrima,Rosaceae
2021,Gothic.Spires,196,12,60,appositus,worker,6,Delphinium.barbeyi,Ranunculaceae
2021,Gothic.Spires,196,12,60,appositus,worker,2,Helianthella.quinquenervis,Asteraceae
2021,Gothic.Spires,196,12,60,appositus,worker,1,Potentilla.pulcherrima,Rosaceae
2021,Gothic.Spires,196,12,60,bifarius,worker,3,Helianthella.quinquenervis,Asteraceae
2021,Gothic.Spires,196,12,60,bifarius,worker,4,Potentilla.fruticosa,Rosaceae
2021,Gothic.Spires,196,12,60,bifarius,worker,13,Potentilla.pulcherrima,Rosaceae
2021,Gothic.Spires,196,12,60,bifarius,worker,3,Solidago.multiradiata,Asteraceae
2021,Gothic.Spires,196,12,60,californicus,worker,2,Delphinium.barbeyi,Ranunculaceae
2021,Gothic.Spires,196,12,60,californicus,worker,1,Trifolium.pratense,Fabaceae
2021,Gothic.Spires,196,12,60,flavifrons,queen,1,Delphinium.barbeyi,Ranunculaceae
2021,Gothic.Spires,196,12,60,flavifrons,queen,1,Mertensia.ciliata,Boraginaceae
2021,Gothic.Spires,196,12,60,flavifrons,queen,1,Vicia.americana,Fabaceae
2021,Gothic.Spires,196,12,60,flavifrons,worker,7,Aconitum.columbianum,Ranunculaceae
2021,Gothic.Spires,196,12,60,flavifrons,worker,1,Arnica.parryi,Asteraceae
2021,Gothic.Spires,196,12,60,flavifrons,worker,4,Delphinium.barbeyi,Ranunculaceae
2021,Gothic.Spires,196,12,60,flavifrons,worker,12,Helianthella.quinquenervis,Asteraceae
2021,Gothic.Spires,196,12,60,flavifrons,worker,7,Mertensia.ciliata,Boraginaceae
2021,Gothic.Spires,196,12,60,flavifrons,worker,1,Oreochrysum.parryi,Asteraceae
2021,Gothic.Spires,196,12,60,flavifrons,worker,12,Potentilla.pulcherrima,Rosaceae
2021,Gothic.Spires,196,12,60,flavifrons,worker,1,Solidago.multiradiata,Asteraceae
2021,Gothic.Spires,196,12,60,flavifrons,worker,1,Trifolium.repens,Fabaceae
2021,Gothic.Spires,196,12,60,flavifrons,worker,2,Vicia.americana,Fabaceae
2021,Gothic.Spires,196,12,60,insularis,queen,1,Helianthella.quinquenervis,Asteraceae
2021,Gothic.Spires,196,12,60,mixtus,worker,2,Mertensia.ciliata,Boraginaceae
2021,Gothic.Spires,196,12,60,mixtus,worker,3,Potentilla.fruticosa,Rosaceae
2021,Gothic.Spires,196,12,60,occidentalis,worker,1,Arnica.parryi,Asteraceae
2021,Gothic.Spires,196,12,60,rufocinctus,queen,1,Potentilla.pulcherrima,Rosaceae
2021,Gothic.Spires,196,12,60,rufocinctus,worker,1,Erigeron.elatior,Asteraceae
2021,Gothic.Spires,196,12,60,rufocinctus,worker,2,Potentilla.fruticosa,Rosaceae
2021,Gothic.Spires,196,12,60,rufocinctus,worker,10,Potentilla.pulcherrima,Rosaceae
2021,Gothic.Spires,196,12,60,sylvicola,worker,1,Helianthella.quinquenervis,Asteraceae
2021,Gothic.Spires,202,13,60,appositus,male,1,Delphinium.barbeyi,Ranunculaceae
2021,Gothic.Spires,202,13,60,appositus,worker,1,Aconitum.columbianum,Ranunculaceae
2021,Gothic.Spires,202,13,60,appositus,worker,16,Delphinium.barbeyi,Ranunculaceae
2021,Gothic.Spires,202,13,60,appositus,worker,1,Potentilla.pulcherrima,Rosaceae
2021,Gothic.Spires,202,13,60,balteatus,queen,1,Delphinium.barbeyi,Ranunculaceae
2021,Gothic.Spires,202,13,60,bifarius,worker,2,Achillea.millefolium,Asteraceae
2021,Gothic.Spires,202,13,60,bifarius,worker,2,Erigeron.elatior,Asteraceae
2021,Gothic.Spires,202,13,60,bifarius,worker,2,Erigeron.speciosus,Asteraceae
2021,Gothic.Spires,202,13,60,bifarius,worker,8,Helianthella.quinquenervis,Asteraceae
2021,Gothic.Spires,202,13,60,bifarius,worker,4,Heliomeris.multiflora,Asteraceae
2021,Gothic.Spires,202,13,60,bifarius,worker,3,Potentilla.fruticosa,Rosaceae
2021,Gothic.Spires,202,13,60,bifarius,worker,11,Potentilla.pulcherrima,Rosaceae
2021,Gothic.Spires,202,13,60,bifarius,worker,3,Solidago.multiradiata,Asteraceae
2021,Gothic.Spires,202,13,60,bifarius,worker,1,Taraxacum.officinale,Asteraceae
2021,Gothic.Spires,202,13,60,californicus,worker,2,Delphinium.barbeyi,Ranunculaceae
2021,Gothic.Spires,202,13,60,flavifrons,male,1,Arnica.parryi,Asteraceae
2021,Gothic.Spires,202,13,60,flavifrons,male,1,Cirsium.parryi,Asteraceae
2021,Gothic.Spires,202,13,60,flavifrons,male,2,Helianthella.quinquenervis,Asteraceae
2021,Gothic.Spires,202,13,60,flavifrons,male,1,Senecio.bigelovii,Asteraceae
2021,Gothic.Spires,202,13,60,flavifrons,queen,2,Delphinium.barbeyi,Ranunculaceae
2021,Gothic.Spires,202,13,60,flavifrons,worker,15,Aconitum.columbianum,Ranunculaceae
2021,Gothic.Spires,202,13,60,flavifrons,worker,14,Delphinium.barbeyi,Ranunculaceae
2021,Gothic.Spires,202,13,60,flavifrons,worker,12,Helianthella.quinquenervis,Asteraceae
2021,Gothic.Spires,202,13,60,flavifrons,worker,1,Mertensia.ciliata,Boraginaceae
2021,Gothic.Spires,202,13,60,flavifrons,worker,3,Potentilla.pulcherrima,Rosaceae
2021,Gothic.Spires,202,13,60,flavifrons,worker,1,Solidago.multiradiata,Asteraceae
2021,Gothic.Spires,202,13,60,frigidus,worker,1,Potentilla.fruticosa,Rosaceae
2021,Gothic.Spires,202,13,60,mixtus,worker,1,Erigeron.speciosus,Asteraceae
2021,Gothic.Spires,202,13,60,mixtus,worker,3,Helianthella.quinquenervis,Asteraceae
2021,Gothic.Spires,202,13,60,mixtus,worker,1,Mertensia.ciliata,Boraginaceae
2021,Gothic.Spires,202,13,60,mixtus,worker,2,Potentilla.pulcherrima,Rosaceae
2021,Gothic.Spires,202,13,60,nevadensis,worker,1,Delphinium.barbeyi,Ranunculaceae
2021,Gothic.Spires,202,13,60,occidentalis,worker,1,Potentilla.pulcherrima,Rosaceae
2021,Gothic.Spires,202,13,60,occidentalis,worker,1,Solidago.multiradiata,Asteraceae
2021,Gothic.Spires,202,13,60,rufocinctus,worker,3,Erigeron.elatior,Asteraceae
2021,Gothic.Spires,202,13,60,rufocinctus,worker,1,Helianthella.quinquenervis,Asteraceae
2021,Gothic.Spires,202,13,60,rufocinctus,worker,6,Heliomeris.multiflora,Asteraceae
2021,Gothic.Spires,202,13,60,rufocinctus,worker,2,Potentilla.fruticosa,Rosaceae
2021,Gothic.Spires,202,13,60,rufocinctus,worker,2,Potentilla.pulcherrima,Rosaceae
2021,Gothic.Spires,202,13,60,sylvicola,queen,1,Helianthella.quinquenervis,Asteraceae
2021,Gothic.Spires,209,14,60,appositus,male,1,Cirsium.parryi,Asteraceae
2021,Gothic.Spires,209,14,60,appositus,male,1,Senecio.serra.var.admirabilis,Asteraceae
2021,Gothic.Spires,209,14,60,appositus,worker,1,Cirsium.parryi,Asteraceae
2021,Gothic.Spires,209,14,60,appositus,worker,5,Delphinium.barbeyi,Ranunculaceae
2021,Gothic.Spires,209,14,60,bifarius,male,1,Symphyotrichum.foliaceum,Asteraceae
2021,Gothic.Spires,209,14,60,bifarius,male,2,Heliomeris.multiflora,Asteraceae
2021,Gothic.Spires,209,14,60,bifarius,male,5,Solidago.multiradiata,Asteraceae
2021,Gothic.Spires,209,14,60,bifarius,worker,4,Achillea.millefolium,Asteraceae
2021,Gothic.Spires,209,14,60,bifarius,worker,3,Symphyotrichum.foliaceum,Asteraceae
2021,Gothic.Spires,209,14,60,bifarius,worker,1,Erigeron.elatior,Asteraceae
2021,Gothic.Spires,209,14,60,bifarius,worker,16,Erigeron.speciosus,Asteraceae
2021,Gothic.Spires,209,14,60,bifarius,worker,18,Heliomeris.multiflora,Asteraceae
2021,Gothic.Spires,209,14,60,bifarius,worker,4,Potentilla.fruticosa,Rosaceae
2021,Gothic.Spires,209,14,60,bifarius,worker,5,Solidago.multiradiata,Asteraceae
2021,Gothic.Spires,209,14,60,flavifrons,male,1,Cirsium.parryi,Asteraceae
2021,Gothic.Spires,209,14,60,flavifrons,male,3,Senecio.bigelovii,Asteraceae
2021,Gothic.Spires,209,14,60,flavifrons,male,4,Senecio.serra.var.admirabilis,Asteraceae
2021,Gothic.Spires,209,14,60,flavifrons,male,2,Solidago.multiradiata,Asteraceae
2021,Gothic.Spires,209,14,60,flavifrons,queen,1,Chamerion.angustifolium,Onagraceae
2021,Gothic.Spires,209,14,60,flavifrons,queen,2,Delphinium.barbeyi,Ranunculaceae
2021,Gothic.Spires,209,14,60,flavifrons,worker,11,Aconitum.columbianum,Ranunculaceae
2021,Gothic.Spires,209,14,60,flavifrons,worker,1,Symphyotrichum.foliaceum,Asteraceae
2021,Gothic.Spires,209,14,60,flavifrons,worker,1,Chamerion.angustifolium,Onagraceae
2021,Gothic.Spires,209,14,60,flavifrons,worker,1,Cirsium.parryi,Asteraceae
2021,Gothic.Spires,209,14,60,flavifrons,worker,6,Delphinium.barbeyi,Ranunculaceae
2021,Gothic.Spires,209,14,60,flavifrons,worker,1,Erigeron.elatior,Asteraceae
2021,Gothic.Spires,209,14,60,flavifrons,worker,1,Erigeron.speciosus,Asteraceae
2021,Gothic.Spires,209,14,60,flavifrons,worker,1,Helianthella.quinquenervis,Asteraceae
2021,Gothic.Spires,209,14,60,flavifrons,worker,5,Heliomeris.multiflora,Asteraceae
2021,Gothic.Spires,209,14,60,flavifrons,worker,2,Senecio.bigelovii,Asteraceae
2021,Gothic.Spires,209,14,60,flavifrons,worker,1,Potentilla.fruticosa,Rosaceae
2021,Gothic.Spires,209,14,60,flavifrons,worker,7,Senecio.serra.var.admirabilis,Asteraceae
2021,Gothic.Spires,209,14,60,flavifrons,worker,3,Solidago.multiradiata,Asteraceae
2021,Gothic.Spires,209,14,60,insularis,male,3,Symphyotrichum.foliaceum,Asteraceae
2021,Gothic.Spires,209,14,60,insularis,male,2,Erigeron.elatior,Asteraceae
2021,Gothic.Spires,209,14,60,insularis,male,2,Erigeron.speciosus,Asteraceae
2021,Gothic.Spires,209,14,60,insularis,male,4,Solidago.multiradiata,Asteraceae
2021,Gothic.Spires,209,14,60,melanopygus,worker,1,Solidago.multiradiata,Asteraceae
2021,Gothic.Spires,209,14,60,mixtus,male,2,Symphyotrichum.foliaceum,Asteraceae
2021,Gothic.Spires,209,14,60,mixtus,male,1,Erigeron.speciosus,Asteraceae
2021,Gothic.Spires,209,14,60,mixtus,male,2,Heliomeris.multiflora,Asteraceae
2021,Gothic.Spires,209,14,60,mixtus,male,1,Solidago.multiradiata,Asteraceae
2021,Gothic.Spires,209,14,60,mixtus,worker,2,Erigeron.speciosus,Asteraceae
2021,Gothic.Spires,209,14,60,mixtus,worker,3,Heliomeris.multiflora,Asteraceae
2021,Gothic.Spires,209,14,60,mixtus,worker,1,Potentilla.fruticosa,Rosaceae
2021,Gothic.Spires,209,14,60,mixtus,worker,2,Senecio.serra.var.admirabilis,Asteraceae
2021,Gothic.Spires,209,14,60,mixtus,worker,8,Solidago.multiradiata,Asteraceae
2021,Gothic.Spires,209,14,60,occidentalis,male,1,Senecio.serra.var.admirabilis,Asteraceae
2021,Gothic.Spires,209,14,60,occidentalis,worker,2,Symphyotrichum.foliaceum,Asteraceae
2021,Gothic.Spires,209,14,60,occidentalis,worker,1,Erigeron.speciosus,Asteraceae
2021,Gothic.Spires,209,14,60,occidentalis,worker,1,Heliomeris.multiflora,Asteraceae
2021,Gothic.Spires,209,14,60,occidentalis,worker,1,Solidago.multiradiata,Asteraceae
2021,Gothic.Spires,209,14,60,rufocinctus,male,7,Erigeron.speciosus,Asteraceae
2021,Gothic.Spires,209,14,60,rufocinctus,worker,1,Achillea.millefolium,Asteraceae
2021,Gothic.Spires,209,14,60,rufocinctus,worker,3,Erigeron.elatior,Asteraceae
2021,Gothic.Spires,209,14,60,rufocinctus,worker,20,Erigeron.speciosus,Asteraceae
2021,Gothic.Spires,209,14,60,rufocinctus,worker,6,Heliomeris.multiflora,Asteraceae
2021,Gothic.Spires,209,14,60,rufocinctus,worker,1,Solidago.multiradiata,Asteraceae
2021,Gothic.Spires,217,15,60,appositus,male,14,Symphyotrichum.foliaceum,Asteraceae
2021,Gothic.Spires,217,15,60,appositus,male,4,Cirsium.parryi,Asteraceae
2021,Gothic.Spires,217,15,60,appositus,male,1,Delphinium.barbeyi,Ranunculaceae
2021,Gothic.Spires,217,15,60,appositus,male,1,Senecio.serra.var.admirabilis,Asteraceae
2021,Gothic.Spires,217,15,60,appositus,male,1,Trifolium.pratense,Fabaceae
2021,Gothic.Spires,217,15,60,appositus,worker,1,Achillea.millefolium,Asteraceae
2021,Gothic.Spires,217,15,60,appositus,worker,2,Symphyotrichum.foliaceum,Asteraceae
2021,Gothic.Spires,217,15,60,appositus,worker,2,Heliomeris.multiflora,Asteraceae
2021,Gothic.Spires,217,15,60,appositus,worker,2,Senecio.serra.var.admirabilis,Asteraceae
2021,Gothic.Spires,217,15,60,balteatus,male,1,Cirsium.parryi,Asteraceae
2021,Gothic.Spires,217,15,60,bifarius,male,5,Symphyotrichum.foliaceum,Asteraceae
2021,Gothic.Spires,217,15,60,bifarius,male,1,Erigeron.speciosus,Asteraceae
2021,Gothic.Spires,217,15,60,bifarius,male,19,Heliomeris.multiflora,Asteraceae
2021,Gothic.Spires,217,15,60,bifarius,male,3,Senecio.serra.var.admirabilis,Asteraceae
2021,Gothic.Spires,217,15,60,bifarius,worker,34,Symphyotrichum.foliaceum,Asteraceae
2021,Gothic.Spires,217,15,60,bifarius,worker,9,Erigeron.speciosus,Asteraceae
2021,Gothic.Spires,217,15,60,bifarius,worker,25,Heliomeris.multiflora,Asteraceae
2021,Gothic.Spires,217,15,60,bifarius,worker,7,Potentilla.fruticosa,Rosaceae
2021,Gothic.Spires,217,15,60,bifarius,worker,2,Senecio.serra.var.admirabilis,Asteraceae
2021,Gothic.Spires,217,15,60,bifarius,worker,6,Solidago.multiradiata,Asteraceae
2021,Gothic.Spires,217,15,60,californicus,worker,2,Symphyotrichum.foliaceum,Asteraceae
2021,Gothic.Spires,217,15,60,californicus,worker,1,Senecio.serra.var.admirabilis,Asteraceae
2021,Gothic.Spires,217,15,60,flavifrons,male,11,Symphyotrichum.foliaceum,Asteraceae
2021,Gothic.Spires,217,15,60,flavifrons,male,3,Heliomeris.multiflora,Asteraceae
2021,Gothic.Spires,217,15,60,flavifrons,male,13,Senecio.serra.var.admirabilis,Asteraceae
2021,Gothic.Spires,217,15,60,flavifrons,male,2,Sidalcea.candida,Malvaceae
2021,Gothic.Spires,217,15,60,flavifrons,worker,1,Aconitum.columbianum,Ranunculaceae
2021,Gothic.Spires,217,15,60,flavifrons,worker,15,Symphyotrichum.foliaceum,Asteraceae
2021,Gothic.Spires,217,15,60,flavifrons,worker,1,Cirsium.parryi,Asteraceae
2021,Gothic.Spires,217,15,60,flavifrons,worker,1,Heliomeris.multiflora,Asteraceae
2021,Gothic.Spires,217,15,60,flavifrons,worker,10,Senecio.serra.var.admirabilis,Asteraceae
2021,Gothic.Spires,217,15,60,flavifrons,worker,1,Sidalcea.candida,Malvaceae
2021,Gothic.Spires,217,15,60,flavifrons,worker,1,Vicia.americana,Fabaceae
2021,Gothic.Spires,217,15,60,insularis,male,15,Symphyotrichum.foliaceum,Asteraceae
2021,Gothic.Spires,217,15,60,insularis,male,5,Erigeron.speciosus,Asteraceae
2021,Gothic.Spires,217,15,60,insularis,male,2,Heliomeris.multiflora,Asteraceae
2021,Gothic.Spires,217,15,60,insularis,male,8,Senecio.serra.var.admirabilis,Asteraceae
2021,Gothic.Spires,217,15,60,insularis,male,2,Solidago.multiradiata,Asteraceae
2021,Gothic.Spires,217,15,60,melanopygus,male,2,Senecio.serra.var.admirabilis,Asteraceae
2021,Gothic.Spires,217,15,60,melanopygus,worker,2,Symphyotrichum.foliaceum,Asteraceae
2021,Gothic.Spires,217,15,60,mixtus,male,1,Symphyotrichum.foliaceum,Asteraceae
2021,Gothic.Spires,217,15,60,mixtus,male,5,Heliomeris.multiflora,Asteraceae
2021,Gothic.Spires,217,15,60,mixtus,male,2,Senecio.serra.var.admirabilis,Asteraceae
2021,Gothic.Spires,217,15,60,mixtus,male,3,Solidago.multiradiata,Asteraceae
2021,Gothic.Spires,217,15,60,mixtus,worker,2,Symphyotrichum.foliaceum,Asteraceae
2021,Gothic.Spires,217,15,60,mixtus,worker,5,Heliomeris.multiflora,Asteraceae
2021,Gothic.Spires,217,15,60,mixtus,worker,1,Potentilla.fruticosa,Rosaceae
2021,Gothic.Spires,217,15,60,mixtus,worker,2,Senecio.serra.var.admirabilis,Asteraceae
2021,Gothic.Spires,217,15,60,mixtus,worker,2,Solidago.multiradiata,Asteraceae
2021,Gothic.Spires,217,15,60,nevadensis,male,1,Symphyotrichum.foliaceum,Asteraceae
2021,Gothic.Spires,217,15,60,occidentalis,male,2,Symphyotrichum.foliaceum,Asteraceae
2021,Gothic.Spires,217,15,60,occidentalis,male,2,Senecio.serra.var.admirabilis,Asteraceae
2021,Gothic.Spires,217,15,60,occidentalis,male,2,Solidago.multiradiata,Asteraceae
2021,Gothic.Spires,217,15,60,occidentalis,worker,2,Symphyotrichum.foliaceum,Asteraceae
2021,Gothic.Spires,217,15,60,rufocinctus,male,6,Symphyotrichum.foliaceum,Asteraceae
2021,Gothic.Spires,217,15,60,rufocinctus,male,4,Erigeron.speciosus,Asteraceae
2021,Gothic.Spires,217,15,60,rufocinctus,male,4,Heliomeris.multiflora,Asteraceae
2021,Gothic.Spires,217,15,60,rufocinctus,worker,11,Symphyotrichum.foliaceum,Asteraceae
2021,Gothic.Spires,217,15,60,rufocinctus,worker,1,Erigeron.speciosus,Asteraceae
2021,Gothic.Spires,217,15,60,rufocinctus,worker,6,Heliomeris.multiflora,Asteraceae
2021,Gothic.Spires,217,15,60,rufocinctus,worker,1,Potentilla.fruticosa,Rosaceae
2021,Gothic.Spires,217,15,60,sylvicola,worker,1,Symphyotrichum.foliaceum,Asteraceae
2021,Gothic.Spires,224,16,60,appositus,male,11,Symphyotrichum.foliaceum,Asteraceae
2021,Gothic.Spires,224,16,60,appositus,male,1,Cirsium.parryi,Asteraceae
2021,Gothic.Spires,224,16,60,appositus,male,1,Heliomeris.multiflora,Asteraceae
2021,Gothic.Spires,224,16,60,appositus,male,1,Senecio.serra.var.admirabilis,Asteraceae
2021,Gothic.Spires,224,16,60,appositus,worker,4,Symphyotrichum.foliaceum,Asteraceae
2021,Gothic.Spires,224,16,60,appositus,worker,1,Heliomeris.multiflora,Asteraceae
2021,Gothic.Spires,224,16,60,bifarius,male,3,Symphyotrichum.foliaceum,Asteraceae
2021,Gothic.Spires,224,16,60,bifarius,male,2,Heliomeris.multiflora,Asteraceae
2021,Gothic.Spires,224,16,60,bifarius,worker,28,Symphyotrichum.foliaceum,Asteraceae
2021,Gothic.Spires,224,16,60,bifarius,worker,30,Heliomeris.multiflora,Asteraceae
2021,Gothic.Spires,224,16,60,bifarius,worker,7,Potentilla.fruticosa,Rosaceae
2021,Gothic.Spires,224,16,60,bifarius,worker,1,Trifolium.repens,Fabaceae
2021,Gothic.Spires,224,16,60,flavifrons,male,4,Symphyotrichum.foliaceum,Asteraceae
2021,Gothic.Spires,224,16,60,flavifrons,male,6,Heliomeris.multiflora,Asteraceae
2021,Gothic.Spires,224,16,60,flavifrons,male,9,Senecio.serra.var.admirabilis,Asteraceae
2021,Gothic.Spires,224,16,60,flavifrons,worker,18,Symphyotrichum.foliaceum,Asteraceae
2021,Gothic.Spires,224,16,60,flavifrons,worker,11,Heliomeris.multiflora,Asteraceae
2021,Gothic.Spires,224,16,60,flavifrons,worker,5,Senecio.serra.var.admirabilis,Asteraceae
2021,Gothic.Spires,224,16,60,insularis,queen,1,Heliomeris.multiflora,Asteraceae
2021,Gothic.Spires,224,16,60,mixtus,male,1,Symphyotrichum.foliaceum,Asteraceae
2021,Gothic.Spires,224,16,60,mixtus,male,1,Heliomeris.multiflora,Asteraceae
2021,Gothic.Spires,224,16,60,mixtus,worker,1,Symphyotrichum.foliaceum,Asteraceae
2021,Gothic.Spires,224,16,60,mixtus,worker,5,Heliomeris.multiflora,Asteraceae
2021,Gothic.Spires,224,16,60,nevadensis,worker,1,Senecio.serra.var.admirabilis,Asteraceae
2021,Gothic.Spires,224,16,60,occidentalis,male,1,Symphyotrichum.foliaceum,Asteraceae
2021,Gothic.Spires,224,16,60,occidentalis,male,2,Senecio.serra.var.admirabilis,Asteraceae
2021,Gothic.Spires,224,16,60,occidentalis,worker,3,Symphyotrichum.foliaceum,Asteraceae
2021,Gothic.Spires,224,16,60,occidentalis,worker,2,Heliomeris.multiflora,Asteraceae
2021,Gothic.Spires,224,16,60,occidentalis,worker,1,Potentilla.fruticosa,Rosaceae
2021,Gothic.Spires,224,16,60,rufocinctus,male,1,Achillea.millefolium,Asteraceae
2021,Gothic.Spires,224,16,60,rufocinctus,male,4,Symphyotrichum.foliaceum,Asteraceae
2021,Gothic.Spires,224,16,60,rufocinctus,male,1,Heliomeris.multiflora,Asteraceae
2021,Gothic.Spires,224,16,60,rufocinctus,worker,18,Symphyotrichum.foliaceum,Asteraceae
2021,Gothic.Spires,224,16,60,rufocinctus,worker,1,Erigeron.speciosus,Asteraceae
2021,Gothic.Spires,224,16,60,rufocinctus,worker,8,Heliomeris.multiflora,Asteraceae
2021,Gothic.Spires,224,16,60,sylvicola,worker,1,Symphyotrichum.foliaceum,Asteraceae
2021,Gothic.Spires,224,16,60,sylvicola,worker,3,Heliomeris.multiflora,Asteraceae
2021,Gothic.Spires,232,17,60,appositus,male,3,Symphyotrichum.foliaceum,Asteraceae
2021,Gothic.Spires,232,17,60,appositus,worker,1,Cirsium.parryi,Asteraceae
2021,Gothic.Spires,232,17,60,bifarius,male,16,Symphyotrichum.foliaceum,Asteraceae
2021,Gothic.Spires,232,17,60,bifarius,male,23,Heliomeris.multiflora,Asteraceae
2021,Gothic.Spires,232,17,60,bifarius,worker,12,Symphyotrichum.foliaceum,Asteraceae
2021,Gothic.Spires,232,17,60,bifarius,worker,12,Heliomeris.multiflora,Asteraceae
2021,Gothic.Spires,232,17,60,bifarius,worker,3,Potentilla.fruticosa,Rosaceae
2021,Gothic.Spires,232,17,60,californicus,male,1,Symphyotrichum.foliaceum,Asteraceae
2021,Gothic.Spires,232,17,60,fernaldae,male,1,Symphyotrichum.foliaceum,Asteraceae
2021,Gothic.Spires,232,17,60,flavifrons,male,17,Symphyotrichum.foliaceum,Asteraceae
2021,Gothic.Spires,232,17,60,flavifrons,male,2,Heliomeris.multiflora,Asteraceae
2021,Gothic.Spires,232,17,60,flavifrons,worker,7,Symphyotrichum.foliaceum,Asteraceae
2021,Gothic.Spires,232,17,60,flavifrons,worker,1,Senecio.serra.var.admirabilis,Asteraceae
2021,Gothic.Spires,232,17,60,insularis,male,27,Symphyotrichum.foliaceum,Asteraceae
2021,Gothic.Spires,232,17,60,insularis,male,7,Heliomeris.multiflora,Asteraceae
2021,Gothic.Spires,232,17,60,mixtus,male,1,Symphyotrichum.foliaceum,Asteraceae
2021,Gothic.Spires,232,17,60,mixtus,male,3,Heliomeris.multiflora,Asteraceae
2021,Gothic.Spires,232,17,60,mixtus,worker,1,Heliomeris.multiflora,Asteraceae
2021,Gothic.Spires,232,17,60,occidentalis,male,2,Symphyotrichum.foliaceum,Asteraceae
2021,Gothic.Spires,232,17,60,occidentalis,male,2,Heliomeris.multiflora,Asteraceae
2021,Gothic.Spires,232,17,60,rufocinctus,male,6,Symphyotrichum.foliaceum,Asteraceae
2021,Gothic.Spires,232,17,60,rufocinctus,male,10,Heliomeris.multiflora,Asteraceae
2021,Gothic.Spires,232,17,60,rufocinctus,worker,1,Heliomeris.multiflora,Asteraceae
2021,Gothic.Spires,232,17,60,rufocinctus,worker,1,Potentilla.fruticosa,Rosaceae
2021,Gothic.Spires,239,18,60,appositus,male,1,Symphyotrichum.foliaceum,Asteraceae
2021,Gothic.Spires,239,18,60,appositus,male,1,Heliomeris.multiflora,Asteraceae
2021,Gothic.Spires,239,18,60,appositus,worker,2,Symphyotrichum.foliaceum,Asteraceae
2021,Gothic.Spires,239,18,60,bifarius,male,8,Symphyotrichum.foliaceum,Asteraceae
2021,Gothic.Spires,239,18,60,bifarius,male,28,Heliomeris.multiflora,Asteraceae
2021,Gothic.Spires,239,18,60,bifarius,queen,1,Heliomeris.multiflora,Asteraceae
2021,Gothic.Spires,239,18,60,bifarius,worker,14,Symphyotrichum.foliaceum,Asteraceae
2021,Gothic.Spires,239,18,60,bifarius,worker,21,Heliomeris.multiflora,Asteraceae
2021,Gothic.Spires,239,18,60,californicus,worker,1,Symphyotrichum.foliaceum,Asteraceae
2021,Gothic.Spires,239,18,60,fernaldae,male,1,Symphyotrichum.foliaceum,Asteraceae
2021,Gothic.Spires,239,18,60,flavifrons,male,8,Symphyotrichum.foliaceum,Asteraceae
2021,Gothic.Spires,239,18,60,flavifrons,male,4,Heliomeris.multiflora,Asteraceae
2021,Gothic.Spires,239,18,60,flavifrons,queen,1,Symphyotrichum.foliaceum,Asteraceae
2021,Gothic.Spires,239,18,60,flavifrons,worker,11,Symphyotrichum.foliaceum,Asteraceae
2021,Gothic.Spires,239,18,60,flavifrons,worker,1,Heliomeris.multiflora,Asteraceae
2021,Gothic.Spires,239,18,60,frigidus,worker,1,Heliomeris.multiflora,Asteraceae
2021,Gothic.Spires,239,18,60,insularis,male,11,Symphyotrichum.foliaceum,Asteraceae
2021,Gothic.Spires,239,18,60,insularis,male,4,Heliomeris.multiflora,Asteraceae
2021,Gothic.Spires,239,18,60,mixtus,male,1,Heliomeris.multiflora,Asteraceae
2021,Gothic.Spires,239,18,60,occidentalis,male,2,Symphyotrichum.foliaceum,Asteraceae
2021,Gothic.Spires,239,18,60,rufocinctus,male,1,Symphyotrichum.foliaceum,Asteraceae
2021,Gothic.Spires,239,18,60,rufocinctus,male,11,Heliomeris.multiflora,Asteraceae
2021,Gothic.Spires,239,18,60,rufocinctus,worker,8,Symphyotrichum.foliaceum,Asteraceae
2021,Gothic.Spires,239,18,60,rufocinctus,worker,8,Heliomeris.multiflora,Asteraceae
2021,Gothic.Spires,239,18,60,rufocinctus,worker,1,Potentilla.fruticosa,Rosaceae
2021,Gothic.Spires,248,19,60,bifarius,male,4,Symphyotrichum.foliaceum,Asteraceae
2021,Gothic.Spires,248,19,60,bifarius,male,17,Heliomeris.multiflora,Asteraceae
2021,Gothic.Spires,248,19,60,bifarius,worker,21,Heliomeris.multiflora,Asteraceae
2021,Gothic.Spires,248,19,60,flavifrons,worker,3,Symphyotrichum.foliaceum,Asteraceae
2021,Gothic.Spires,248,19,60,flavifrons,worker,2,Heliomeris.multiflora,Asteraceae
2021,Gothic.Spires,248,19,60,frigidus,worker,1,Heliomeris.multiflora,Asteraceae
2021,Gothic.Spires,248,19,60,insularis,male,8,Symphyotrichum.foliaceum,Asteraceae
2021,Gothic.Spires,248,19,60,insularis,male,4,Heliomeris.multiflora,Asteraceae
2021,Gothic.Spires,248,19,60,occidentalis,male,3,Heliomeris.multiflora,Asteraceae
2021,Gothic.Spires,248,19,60,rufocinctus,male,7,Heliomeris.multiflora,Asteraceae
2021,Gothic.Spires,248,19,60,rufocinctus,worker,2,Symphyotrichum.foliaceum,Asteraceae
2021,Gothic.Spires,248,19,60,rufocinctus,worker,1,Campanula.rotundifolia,Campanulaceae
2021,Gothic.Spires,248,19,60,rufocinctus,worker,2,Heliomeris.multiflora,Asteraceae
2021,Gothic.Spires,252,20,60,bifarius,male,4,Symphyotrichum.foliaceum,Asteraceae
2021,Gothic.Spires,252,20,60,bifarius,male,23,Heliomeris.multiflora,Asteraceae
2021,Gothic.Spires,252,20,60,bifarius,worker,1,Potentilla.fruticosa,Rosaceae
2021,Gothic.Spires,252,20,60,insularis,male,2,Symphyotrichum.foliaceum,Asteraceae
2021,Gothic.Spires,252,20,60,insularis,male,3,Heliomeris.multiflora,Asteraceae
2021,Gothic.Spires,252,20,60,rufocinctus,male,1,Heliomeris.multiflora,Asteraceae
2021,Rosy.Hills,139,4,60,bifarius,queen,1,Mertensia.fusiformis,Boraginaceae
2021,Rosy.Hills,147,5,60,bifarius,queen,3,Mertensia.fusiformis,Boraginaceae
2021,Rosy.Hills,147,5,60,flavifrons,queen,1,Mertensia.fusiformis,Boraginaceae
2021,Rosy.Hills,147,5,60,occidentalis,queen,1,Mertensia.fusiformis,Boraginaceae
2021,Rosy.Hills,154,6,60,bifarius,queen,1,Senecio.integerrimus,Asteraceae
2021,Rosy.Hills,154,6,60,californicus,queen,1,Mertensia.fusiformis,Boraginaceae
2021,Rosy.Hills,154,6,60,flavifrons,queen,2,Mertensia.fusiformis,Boraginaceae
2021,Rosy.Hills,160,7,60,appositus,queen,3,Delphinium.nuttallianum,Ranunculaceae
2021,Rosy.Hills,160,7,60,californicus,queen,1,Delphinium.nuttallianum,Ranunculaceae
2021,Rosy.Hills,160,7,60,flavifrons,queen,2,Delphinium.nuttallianum,Ranunculaceae
2021,Rosy.Hills,160,7,60,flavifrons,queen,1,Hydrophyllum.fendleri,Hydrophyllaceae
2021,Rosy.Hills,167,8,60,appositus,queen,1,Delphinium.nuttallianum,Ranunculaceae
2021,Rosy.Hills,167,8,60,appositus,queen,1,Lathyrus.lanszwertii.var.leucanthus,Fabaceae
2021,Rosy.Hills,167,8,60,californicus,queen,1,Lathyrus.lanszwertii.var.leucanthus,Fabaceae
2021,Rosy.Hills,167,8,60,flavifrons,queen,1,Lupinus.sericeus.var.sericeus,Fabaceae
2021,Rosy.Hills,167,8,60,nevadensis,queen,1,Lupinus.sericeus.var.sericeus,Fabaceae
2021,Rosy.Hills,167,8,60,rufocinctus,queen,1,Hydrophyllum.fendleri,Hydrophyllaceae
2021,Rosy.Hills,167,8,60,rufocinctus,queen,1,Lupinus.sericeus.var.sericeus,Fabaceae
2021,Rosy.Hills,175,9,60,appositus,queen,1,Lathyrus.lanszwertii.var.leucanthus,Fabaceae
2021,Rosy.Hills,175,9,60,appositus,queen,2,Vicia.americana,Fabaceae
2021,Rosy.Hills,175,9,60,bifarius,queen,1,Wyethia.arizonica,Asteraceae
2021,Rosy.Hills,175,9,60,bifarius,worker,1,Lupinus.sericeus.var.sericeus,Fabaceae
2021,Rosy.Hills,175,9,60,bifarius,worker,1,Wyethia.arizonica,Asteraceae
2021,Rosy.Hills,175,9,60,californicus,queen,2,Lathyrus.lanszwertii.var.leucanthus,Fabaceae
2021,Rosy.Hills,175,9,60,californicus,queen,2,Vicia.americana,Fabaceae
2021,Rosy.Hills,175,9,60,californicus,queen,1,Wyethia.arizonica,Asteraceae
2021,Rosy.Hills,175,9,60,flavifrons,queen,1,Hydrophyllum.fendleri,Hydrophyllaceae
2021,Rosy.Hills,175,9,60,occidentalis,queen,1,Lathyrus.lanszwertii.var.leucanthus,Fabaceae
2021,Rosy.Hills,175,9,60,occidentalis,worker,1,Helianthella.quinquenervis,Asteraceae
2021,Rosy.Hills,175,9,60,rufocinctus,queen,1,Hydrophyllum.fendleri,Hydrophyllaceae
2021,Rosy.Hills,175,9,60,rufocinctus,queen,3,Wyethia.arizonica,Asteraceae
2021,Rosy.Hills,182,10,60,appositus,queen,1,Delphinium.barbeyi,Ranunculaceae
2021,Rosy.Hills,182,10,60,appositus,queen,1,Vicia.americana,Fabaceae
2021,Rosy.Hills,182,10,60,appositus,worker,2,Aconitum.columbianum,Ranunculaceae
2021,Rosy.Hills,182,10,60,appositus,worker,1,Delphinium.barbeyi,Ranunculaceae
2021,Rosy.Hills,182,10,60,appositus,worker,1,Vicia.americana,Fabaceae
2021,Rosy.Hills,182,10,60,bifarius,queen,1,Helianthella.quinquenervis,Asteraceae
2021,Rosy.Hills,182,10,60,bifarius,worker,3,Eremogone.congesta,Caryophyllaceae
2021,Rosy.Hills,182,10,60,bifarius,worker,1,Helianthella.quinquenervis,Asteraceae
2021,Rosy.Hills,182,10,60,californicus,queen,1,Delphinium.barbeyi,Ranunculaceae
2021,Rosy.Hills,182,10,60,californicus,queen,1,Wyethia.arizonica,Asteraceae
2021,Rosy.Hills,182,10,60,centralis,queen,1,Symphoricarpos.rotundifolius,Caprifoliaceae
2021,Rosy.Hills,182,10,60,flavifrons,queen,1,Aconitum.columbianum,Ranunculaceae
2021,Rosy.Hills,182,10,60,flavifrons,queen,1,Delphinium.barbeyi,Ranunculaceae
2021,Rosy.Hills,182,10,60,flavifrons,queen,1,Hydrophyllum.fendleri,Hydrophyllaceae
2021,Rosy.Hills,182,10,60,flavifrons,queen,1,Lupinus.sericeus.var.sericeus,Fabaceae
2021,Rosy.Hills,182,10,60,flavifrons,queen,1,Symphoricarpos.rotundifolius,Caprifoliaceae
2021,Rosy.Hills,182,10,60,flavifrons,queen,1,Vicia.americana,Fabaceae
2021,Rosy.Hills,182,10,60,flavifrons,worker,2,Aconitum.columbianum,Ranunculaceae
2021,Rosy.Hills,182,10,60,flavifrons,worker,1,Symphoricarpos.rotundifolius,Caprifoliaceae
2021,Rosy.Hills,182,10,60,rufocinctus,worker,2,Eremogone.congesta,Caryophyllaceae
2021,Rosy.Hills,182,10,60,rufocinctus,worker,3,Helianthella.quinquenervis,Asteraceae
2021,Rosy.Hills,190,11,60,appositus,worker,3,Delphinium.barbeyi,Ranunculaceae
2021,Rosy.Hills,190,11,60,appositus,worker,1,Lupinus.sericeus.var.sericeus,Fabaceae
2021,Rosy.Hills,190,11,60,bifarius,worker,1,Wyethia.arizonica,Asteraceae
2021,Rosy.Hills,190,11,60,californicus,queen,1,Delphinium.barbeyi,Ranunculaceae
2021,Rosy.Hills,190,11,60,californicus,worker,1,Castilleja.sulphurea,Orobanchaceae
2021,Rosy.Hills,190,11,60,californicus,worker,1,Vicia.americana,Fabaceae
2021,Rosy.Hills,190,11,60,flavifrons,worker,2,Aconitum.columbianum,Ranunculaceae
2021,Rosy.Hills,190,11,60,flavifrons,worker,3,Delphinium.barbeyi,Ranunculaceae
2021,Rosy.Hills,190,11,60,flavifrons,worker,1,Vicia.americana,Fabaceae
2021,Rosy.Hills,190,11,60,rufocinctus,worker,7,Helianthella.quinquenervis,Asteraceae
2021,Rosy.Hills,197,12,60,appositus,worker,3,Agastache.urticifolia,Lamiaceae
2021,Rosy.Hills,197,12,60,appositus,worker,8,Delphinium.barbeyi,Ranunculaceae
2021,Rosy.Hills,197,12,60,bifarius,queen,1,Helianthella.quinquenervis,Asteraceae
2021,Rosy.Hills,197,12,60,bifarius,worker,1,Erigeron.elatior,Asteraceae
2021,Rosy.Hills,197,12,60,bifarius,worker,1,Erigeron.speciosus,Asteraceae
2021,Rosy.Hills,197,12,60,bifarius,worker,1,Helianthella.quinquenervis,Asteraceae
2021,Rosy.Hills,197,12,60,bifarius,worker,1,Symphyotrichum.spathulatum,Asteraceae
2021,Rosy.Hills,197,12,60,californicus,worker,3,Delphinium.barbeyi,Ranunculaceae
2021,Rosy.Hills,197,12,60,flavifrons,queen,2,Delphinium.barbeyi,Ranunculaceae
2021,Rosy.Hills,197,12,60,flavifrons,worker,3,Aconitum.columbianum,Ranunculaceae
2021,Rosy.Hills,197,12,60,flavifrons,worker,1,Agastache.urticifolia,Lamiaceae
2021,Rosy.Hills,197,12,60,flavifrons,worker,13,Delphinium.barbeyi,Ranunculaceae
2021,Rosy.Hills,197,12,60,nevadensis,worker,1,Agastache.urticifolia,Lamiaceae
2021,Rosy.Hills,197,12,60,nevadensis,worker,1,Delphinium.barbeyi,Ranunculaceae
2021,Rosy.Hills,197,12,60,rufocinctus,worker,3,Agastache.urticifolia,Lamiaceae
2021,Rosy.Hills,197,12,60,rufocinctus,worker,1,Calochortus.gunnisonii,Liliaceae
2021,Rosy.Hills,197,12,60,rufocinctus,worker,17,Erigeron.speciosus,Asteraceae
2021,Rosy.Hills,197,12,60,rufocinctus,worker,12,Helianthella.quinquenervis,Asteraceae
2021,Rosy.Hills,197,12,60,rufocinctus,worker,1,Ligusticum.porteri,Apiaceae
2021,Rosy.Hills,197,12,60,rufocinctus,worker,1,Potentilla.fruticosa,Rosaceae
2021,Rosy.Hills,197,12,60,rufocinctus,worker,1,Potentilla.pulcherrima,Rosaceae
2021,Rosy.Hills,204,13,60,appositus,queen,1,Delphinium.barbeyi,Ranunculaceae
2021,Rosy.Hills,204,13,60,appositus,worker,5,Agastache.urticifolia,Lamiaceae
2021,Rosy.Hills,204,13,60,appositus,worker,1,Delphinium.barbeyi,Ranunculaceae
2021,Rosy.Hills,204,13,60,bifarius,male,1,Erigeron.speciosus,Asteraceae
2021,Rosy.Hills,204,13,60,bifarius,worker,1,Agastache.urticifolia,Lamiaceae
2021,Rosy.Hills,204,13,60,bifarius,worker,21,Erigeron.speciosus,Asteraceae
2021,Rosy.Hills,204,13,60,bifarius,worker,1,Helianthella.quinquenervis,Asteraceae
2021,Rosy.Hills,204,13,60,bifarius,worker,1,Heterotheca.villosa,Asteraceae
2021,Rosy.Hills,204,13,60,bifarius,worker,1,Pyrrocoma.crocea,Asteraceae
2021,Rosy.Hills,204,13,60,californicus,worker,3,Agastache.urticifolia,Lamiaceae
2021,Rosy.Hills,204,13,60,californicus,worker,6,Delphinium.barbeyi,Ranunculaceae
2021,Rosy.Hills,204,13,60,centralis,worker,1,Agastache.urticifolia,Lamiaceae
2021,Rosy.Hills,204,13,60,flavifrons,male,1,Agastache.urticifolia,Lamiaceae
2021,Rosy.Hills,204,13,60,flavifrons,male,2,Cirsium.parryi,Asteraceae
2021,Rosy.Hills,204,13,60,flavifrons,worker,1,Aconitum.columbianum,Ranunculaceae
2021,Rosy.Hills,204,13,60,flavifrons,worker,13,Agastache.urticifolia,Lamiaceae
2021,Rosy.Hills,204,13,60,flavifrons,worker,6,Delphinium.barbeyi,Ranunculaceae
2021,Rosy.Hills,204,13,60,flavifrons,worker,1,Erigeron.speciosus,Asteraceae
2021,Rosy.Hills,204,13,60,insularis,male,1,Pyrrocoma.crocea,Asteraceae
2021,Rosy.Hills,204,13,60,nevadensis,male,1,Erigeron.speciosus,Asteraceae
2021,Rosy.Hills,204,13,60,nevadensis,worker,2,Agastache.urticifolia,Lamiaceae
2021,Rosy.Hills,204,13,60,occidentalis,worker,1,Delphinium.barbeyi,Ranunculaceae
2021,Rosy.Hills,204,13,60,rufocinctus,male,1,Agastache.urticifolia,Lamiaceae
2021,Rosy.Hills,204,13,60,rufocinctus,male,1,Erigeron.speciosus,Asteraceae
2021,Rosy.Hills,204,13,60,rufocinctus,male,1,Galium.boreale,Rubiaceae
2021,Rosy.Hills,204,13,60,rufocinctus,worker,1,Agastache.urticifolia,Lamiaceae
2021,Rosy.Hills,204,13,60,rufocinctus,worker,2,Erigeron.elatior,Asteraceae
2021,Rosy.Hills,204,13,60,rufocinctus,worker,53,Erigeron.speciosus,Asteraceae
2021,Rosy.Hills,204,13,60,rufocinctus,worker,4,Helianthella.quinquenervis,Asteraceae
2021,Rosy.Hills,204,13,60,rufocinctus,worker,2,Potentilla.fruticosa,Rosaceae
2021,Rosy.Hills,211,14,60,appositus,male,9,Agastache.urticifolia,Lamiaceae
2021,Rosy.Hills,211,14,60,appositus,queen,3,Delphinium.barbeyi,Ranunculaceae
2021,Rosy.Hills,211,14,60,appositus,worker,16,Agastache.urticifolia,Lamiaceae
2021,Rosy.Hills,211,14,60,bifarius,male,1,Erigeron.speciosus,Asteraceae
2021,Rosy.Hills,211,14,60,bifarius,male,2,Senecio.bigelovii,Asteraceae
2021,Rosy.Hills,211,14,60,bifarius,queen,1,Agastache.urticifolia,Lamiaceae
2021,Rosy.Hills,211,14,60,bifarius,worker,1,Agastache.urticifolia,Lamiaceae
2021,Rosy.Hills,211,14,60,bifarius,worker,1,Erigeron.elatior,Asteraceae
2021,Rosy.Hills,211,14,60,bifarius,worker,30,Erigeron.speciosus,Asteraceae
2021,Rosy.Hills,211,14,60,bifarius,worker,1,Eucephalus.engelmannii,Asteraceae
2021,Rosy.Hills,211,14,60,bifarius,worker,3,Heliomeris.multiflora,Asteraceae
2021,Rosy.Hills,211,14,60,bifarius,worker,1,Potentilla.fruticosa,Rosaceae
2021,Rosy.Hills,211,14,60,bifarius,worker,1,Senecio.serra.var.admirabilis,Asteraceae
2021,Rosy.Hills,211,14,60,californicus,male,2,Agastache.urticifolia,Lamiaceae
2021,Rosy.Hills,211,14,60,californicus,queen,1,Agastache.urticifolia,Lamiaceae
2021,Rosy.Hills,211,14,60,californicus,worker,10,Agastache.urticifolia,Lamiaceae
2021,Rosy.Hills,211,14,60,californicus,worker,1,Cirsium.parryi,Asteraceae
2021,Rosy.Hills,211,14,60,californicus,worker,1,Delphinium.barbeyi,Ranunculaceae
2021,Rosy.Hills,211,14,60,centralis,worker,1,Agastache.urticifolia,Lamiaceae
2021,Rosy.Hills,211,14,60,flavifrons,male,12,Agastache.urticifolia,Lamiaceae
2021,Rosy.Hills,211,14,60,flavifrons,male,1,Ericameria.parryi,Asteraceae
2021,Rosy.Hills,211,14,60,flavifrons,male,1,Erigeron.speciosus,Asteraceae
2021,Rosy.Hills,211,14,60,flavifrons,male,1,Eucephalus.engelmannii,Asteraceae
2021,Rosy.Hills,211,14,60,flavifrons,male,1,Senecio.serra.var.admirabilis,Asteraceae
2021,Rosy.Hills,211,14,60,flavifrons,queen,2,Agastache.urticifolia,Lamiaceae
2021,Rosy.Hills,211,14,60,flavifrons,worker,10,Agastache.urticifolia,Lamiaceae
2021,Rosy.Hills,211,14,60,flavifrons,worker,1,Erigeron.elatior,Asteraceae
2021,Rosy.Hills,211,14,60,flavifrons,worker,2,Erigeron.speciosus,Asteraceae
2021,Rosy.Hills,211,14,60,flavifrons,worker,1,Senecio.serra.var.admirabilis,Asteraceae
2021,Rosy.Hills,211,14,60,flavifrons,worker,1,Vicia.americana,Fabaceae
2021,Rosy.Hills,211,14,60,insularis,male,2,Heliomeris.multiflora,Asteraceae
2021,Rosy.Hills,211,14,60,insularis,male,1,Pyrrocoma.crocea,Asteraceae
2021,Rosy.Hills,211,14,60,insularis,queen,1,Cirsium.parryi,Asteraceae
2021,Rosy.Hills,211,14,60,nevadensis,worker,1,Agastache.urticifolia,Lamiaceae
2021,Rosy.Hills,211,14,60,rufocinctus,male,21,Erigeron.speciosus,Asteraceae
2021,Rosy.Hills,211,14,60,rufocinctus,male,1,Heliomeris.multiflora,Asteraceae
2021,Rosy.Hills,211,14,60,rufocinctus,male,1,Heterotheca.villosa,Asteraceae
2021,Rosy.Hills,211,14,60,rufocinctus,male,5,Senecio.bigelovii,Asteraceae
2021,Rosy.Hills,211,14,60,rufocinctus,worker,1,Eremogone.congesta,Caryophyllaceae
2021,Rosy.Hills,211,14,60,rufocinctus,worker,3,Erigeron.elatior,Asteraceae
2021,Rosy.Hills,211,14,60,rufocinctus,worker,106,Erigeron.speciosus,Asteraceae
2021,Rosy.Hills,211,14,60,rufocinctus,worker,4,Heliomeris.multiflora,Asteraceae
2021,Rosy.Hills,211,14,60,rufocinctus,worker,1,Potentilla.fruticosa,Rosaceae
2021,Rosy.Hills,211,14,60,rufocinctus,worker,1,Senecio.serra.var.admirabilis,Asteraceae
2021,Rosy.Hills,218,15,60,appositus,male,19,Agastache.urticifolia,Lamiaceae
2021,Rosy.Hills,218,15,60,appositus,male,2,Cirsium.parryi,Asteraceae
2021,Rosy.Hills,218,15,60,appositus,male,1,Vicia.americana,Fabaceae
2021,Rosy.Hills,218,15,60,appositus,worker,3,Agastache.urticifolia,Lamiaceae
2021,Rosy.Hills,218,15,60,bifarius,male,2,Ericameria.parryi,Asteraceae
2021,Rosy.Hills,218,15,60,bifarius,male,3,Erigeron.speciosus,Asteraceae
2021,Rosy.Hills,218,15,60,bifarius,male,2,Heliomeris.multiflora,Asteraceae
2021,Rosy.Hills,218,15,60,bifarius,worker,1,Eremogone.congesta,Caryophyllaceae
2021,Rosy.Hills,218,15,60,bifarius,worker,3,Ericameria.parryi,Asteraceae
2021,Rosy.Hills,218,15,60,bifarius,worker,7,Erigeron.speciosus,Asteraceae
2021,Rosy.Hills,218,15,60,bifarius,worker,5,Eriogonum.lonchophyllum,Polygonaceae
2021,Rosy.Hills,218,15,60,bifarius,worker,1,Eucephalus.engelmannii,Asteraceae
2021,Rosy.Hills,218,15,60,bifarius,worker,2,Heliomeris.multiflora,Asteraceae
2021,Rosy.Hills,218,15,60,bifarius,worker,2,Heterotheca.villosa,Asteraceae
2021,Rosy.Hills,218,15,60,bifarius,worker,1,Senecio.bigelovii,Asteraceae
2021,Rosy.Hills,218,15,60,bifarius,worker,1,Senecio.serra.var.admirabilis,Asteraceae
2021,Rosy.Hills,218,15,60,bifarius,worker,1,Symphyotrichum.spathulatum,Asteraceae
2021,Rosy.Hills,218,15,60,californicus,male,3,Agastache.urticifolia,Lamiaceae
2021,Rosy.Hills,218,15,60,californicus,male,1,Cirsium.parryi,Asteraceae
2021,Rosy.Hills,218,15,60,californicus,worker,3,Agastache.urticifolia,Lamiaceae
2021,Rosy.Hills,218,15,60,flavifrons,male,22,Agastache.urticifolia,Lamiaceae
2021,Rosy.Hills,218,15,60,flavifrons,male,1,Cirsium.parryi,Asteraceae
2021,Rosy.Hills,218,15,60,flavifrons,male,1,Ericameria.parryi,Asteraceae
2021,Rosy.Hills,218,15,60,flavifrons,male,1,Erigeron.speciosus,Asteraceae
2021,Rosy.Hills,218,15,60,flavifrons,male,1,Heliomeris.multiflora,Asteraceae
2021,Rosy.Hills,218,15,60,flavifrons,male,1,Senecio.bigelovii,Asteraceae
2021,Rosy.Hills,218,15,60,flavifrons,worker,8,Agastache.urticifolia,Lamiaceae
2021,Rosy.Hills,218,15,60,insularis,male,1,Ericameria.parryi,Asteraceae
2021,Rosy.Hills,218,15,60,insularis,male,1,Senecio.bigelovii,Asteraceae
2021,Rosy.Hills,218,15,60,insularis,male,4,Senecio.serra.var.admirabilis,Asteraceae
2021,Rosy.Hills,218,15,60,nevadensis,male,2,Ericameria.parryi,Asteraceae
2021,Rosy.Hills,218,15,60,nevadensis,worker,1,Ericameria.parryi,Asteraceae
2021,Rosy.Hills,218,15,60,occidentalis,male,1,Ericameria.parryi,Asteraceae
2021,Rosy.Hills,218,15,60,occidentalis,worker,1,Eriogonum.lonchophyllum,Polygonaceae
2021,Rosy.Hills,218,15,60,rufocinctus,male,1,Agastache.urticifolia,Lamiaceae
2021,Rosy.Hills,218,15,60,rufocinctus,male,1,Ericameria.parryi,Asteraceae
2021,Rosy.Hills,218,15,60,rufocinctus,male,15,Erigeron.speciosus,Asteraceae
2021,Rosy.Hills,218,15,60,rufocinctus,male,22,Heliomeris.multiflora,Asteraceae
2021,Rosy.Hills,218,15,60,rufocinctus,male,1,Senecio.bigelovii,Asteraceae
2021,Rosy.Hills,218,15,60,rufocinctus,male,1,Senecio.serra.var.admirabilis,Asteraceae
2021,Rosy.Hills,218,15,60,rufocinctus,queen,1,Ericameria.parryi,Asteraceae
2021,Rosy.Hills,218,15,60,rufocinctus,worker,1,Achillea.millefolium,Asteraceae
2021,Rosy.Hills,218,15,60,rufocinctus,worker,3,Ericameria.parryi,Asteraceae
2021,Rosy.Hills,218,15,60,rufocinctus,worker,1,Erigeron.elatior,Asteraceae
2021,Rosy.Hills,218,15,60,rufocinctus,worker,16,Erigeron.speciosus,Asteraceae
2021,Rosy.Hills,218,15,60,rufocinctus,worker,20,Heliomeris.multiflora,Asteraceae
2021,Rosy.Hills,218,15,60,rufocinctus,worker,1,Symphyotrichum.spathulatum,Asteraceae
2021,Rosy.Hills,226,16,60,appositus,male,5,Agastache.urticifolia,Lamiaceae
2021,Rosy.Hills,226,16,60,appositus,male,2,Cirsium.parryi,Asteraceae
2021,Rosy.Hills,226,16,60,appositus,male,14,Ericameria.parryi,Asteraceae
2021,Rosy.Hills,226,16,60,bifarius,male,1,Ericameria.parryi,Asteraceae
2021,Rosy.Hills,226,16,60,bifarius,male,2,Heliomeris.multiflora,Asteraceae
2021,Rosy.Hills,226,16,60,bifarius,worker,5,Ericameria.parryi,Asteraceae
2021,Rosy.Hills,226,16,60,bifarius,worker,1,Heliomeris.multiflora,Asteraceae
2021,Rosy.Hills,226,16,60,bifarius,worker,1,Potentilla.fruticosa,Rosaceae
2021,Rosy.Hills,226,16,60,californicus,male,5,Ericameria.parryi,Asteraceae
2021,Rosy.Hills,226,16,60,californicus,worker,1,Ericameria.parryi,Asteraceae
2021,Rosy.Hills,226,16,60,centralis,male,1,Ericameria.parryi,Asteraceae
2021,Rosy.Hills,226,16,60,centralis,worker,1,Ericameria.parryi,Asteraceae
2021,Rosy.Hills,226,16,60,flavifrons,male,5,Agastache.urticifolia,Lamiaceae
2021,Rosy.Hills,226,16,60,flavifrons,male,9,Ericameria.parryi,Asteraceae
2021,Rosy.Hills,226,16,60,flavifrons,male,1,Eucephalus.engelmannii,Asteraceae
2021,Rosy.Hills,226,16,60,flavifrons,male,1,Heliomeris.multiflora,Asteraceae
2021,Rosy.Hills,226,16,60,flavifrons,male,1,Senecio.bigelovii,Asteraceae
2021,Rosy.Hills,226,16,60,flavifrons,worker,1,Ericameria.parryi,Asteraceae
2021,Rosy.Hills,226,16,60,insularis,male,23,Ericameria.parryi,Asteraceae
2021,Rosy.Hills,226,16,60,insularis,male,2,Heliomeris.multiflora,Asteraceae
2021,Rosy.Hills,226,16,60,insularis,male,1,Senecio.serra.var.admirabilis,Asteraceae
2021,Rosy.Hills,226,16,60,occidentalis,male,2,Ericameria.parryi,Asteraceae
2021,Rosy.Hills,226,16,60,rufocinctus,male,10,Ericameria.parryi,Asteraceae
2021,Rosy.Hills,226,16,60,rufocinctus,male,11,Heliomeris.multiflora,Asteraceae
2021,Rosy.Hills,226,16,60,rufocinctus,male,1,Heterotheca.villosa,Asteraceae
2021,Rosy.Hills,226,16,60,rufocinctus,worker,7,Ericameria.parryi,Asteraceae
2021,Rosy.Hills,226,16,60,rufocinctus,worker,1,Erigeron.speciosus,Asteraceae
2021,Rosy.Hills,226,16,60,rufocinctus,worker,11,Heliomeris.multiflora,Asteraceae
2021,Rosy.Hills,226,16,60,rufocinctus,worker,1,Potentilla.fruticosa,Rosaceae
2021,Rosy.Hills,235,17,60,appositus,male,2,Agastache.urticifolia,Lamiaceae
2021,Rosy.Hills,235,17,60,appositus,male,1,Symphyotrichum.foliaceum,Asteraceae
2021,Rosy.Hills,235,17,60,appositus,male,15,Ericameria.parryi,Asteraceae
2021,Rosy.Hills,235,17,60,appositus,worker,1,Ericameria.parryi,Asteraceae
2021,Rosy.Hills,235,17,60,bifarius,male,2,Symphyotrichum.foliaceum,Asteraceae
2021,Rosy.Hills,235,17,60,bifarius,male,16,Ericameria.parryi,Asteraceae
2021,Rosy.Hills,235,17,60,bifarius,male,7,Heliomeris.multiflora,Asteraceae
2021,Rosy.Hills,235,17,60,bifarius,male,1,Solidago.missouriensis,Asteraceae
2021,Rosy.Hills,235,17,60,bifarius,worker,1,Heliomeris.multiflora,Asteraceae
2021,Rosy.Hills,235,17,60,californicus,male,8,Ericameria.parryi,Asteraceae
2021,Rosy.Hills,235,17,60,californicus,worker,2,Ericameria.parryi,Asteraceae
2021,Rosy.Hills,235,17,60,centralis,male,1,Ericameria.parryi,Asteraceae
2021,Rosy.Hills,235,17,60,flavifrons,male,1,Agastache.urticifolia,Lamiaceae
2021,Rosy.Hills,235,17,60,flavifrons,male,8,Ericameria.parryi,Asteraceae
2021,Rosy.Hills,235,17,60,flavifrons,male,3,Heliomeris.multiflora,Asteraceae
2021,Rosy.Hills,235,17,60,insularis,male,46,Ericameria.parryi,Asteraceae
2021,Rosy.Hills,235,17,60,insularis,male,17,Heliomeris.multiflora,Asteraceae
2021,Rosy.Hills,235,17,60,insularis,male,2,Heterotheca.villosa,Asteraceae
2021,Rosy.Hills,235,17,60,insularis,queen,1,Ericameria.parryi,Asteraceae
2021,Rosy.Hills,235,17,60,rufocinctus,male,1,Symphyotrichum.foliaceum,Asteraceae
2021,Rosy.Hills,235,17,60,rufocinctus,male,10,Ericameria.parryi,Asteraceae
2021,Rosy.Hills,235,17,60,rufocinctus,male,9,Heliomeris.multiflora,Asteraceae
2021,Rosy.Hills,235,17,60,rufocinctus,queen,1,Ericameria.parryi,Asteraceae
2021,Rosy.Hills,235,17,60,rufocinctus,worker,3,Ericameria.parryi,Asteraceae
2021,Rosy.Hills,235,17,60,rufocinctus,worker,1,Heliomeris.multiflora,Asteraceae
2021,Rosy.Hills,240,18,60,appositus,male,1,Agastache.urticifolia,Lamiaceae
2021,Rosy.Hills,240,18,60,appositus,male,4,Ericameria.parryi,Asteraceae
2021,Rosy.Hills,240,18,60,bifarius,male,2,Symphyotrichum.foliaceum,Asteraceae
2021,Rosy.Hills,240,18,60,bifarius,male,11,Ericameria.parryi,Asteraceae
2021,Rosy.Hills,240,18,60,bifarius,male,4,Heliomeris.multiflora,Asteraceae
2021,Rosy.Hills,240,18,60,bifarius,worker,1,Ericameria.parryi,Asteraceae
2021,Rosy.Hills,240,18,60,californicus,male,7,Ericameria.parryi,Asteraceae
2021,Rosy.Hills,240,18,60,flavifrons,male,5,Ericameria.parryi,Asteraceae
2021,Rosy.Hills,240,18,60,insularis,male,59,Ericameria.parryi,Asteraceae
2021,Rosy.Hills,240,18,60,insularis,male,1,Heliomeris.multiflora,Asteraceae
2021,Rosy.Hills,240,18,60,insularis,male,2,Heterotheca.villosa,Asteraceae
2021,Rosy.Hills,240,18,60,rufocinctus,male,14,Ericameria.parryi,Asteraceae
2021,Rosy.Hills,240,18,60,rufocinctus,male,12,Heliomeris.multiflora,Asteraceae
2021,Rosy.Hills,240,18,60,rufocinctus,worker,1,Ericameria.parryi,Asteraceae
2021,Rosy.Hills,240,18,60,rufocinctus,worker,1,Heliomeris.multiflora,Asteraceae
2021,Rosy.Hills,248,19,60,appositus,male,1,Ericameria.parryi,Asteraceae
2021,Rosy.Hills,248,19,60,bifarius,male,2,Ericameria.parryi,Asteraceae
2021,Rosy.Hills,248,19,60,californicus,male,2,Ericameria.parryi,Asteraceae
2021,Rosy.Hills,248,19,60,insularis,male,20,Ericameria.parryi,Asteraceae
2021,Rosy.Hills,248,19,60,rufocinctus,male,1,Ericameria.parryi,Asteraceae
2021,Stormy.Pass,140,4,60,occidentalis,queen,1,Salix.sp,Salicaceae
2021,Stormy.Pass,149,5,60,bifarius,queen,2,Mertensia.fusiformis,Boraginaceae
2021,Stormy.Pass,149,5,60,frigidus,queen,1,Salix.sp,Salicaceae
2021,Stormy.Pass,149,5,60,occidentalis,queen,1,Salix.sp,Salicaceae
2021,Stormy.Pass,154,6,60,appositus,queen,1,Delphinium.nuttallianum,Ranunculaceae
2021,Stormy.Pass,154,6,60,appositus,queen,1,Mertensia.fusiformis,Boraginaceae
2021,Stormy.Pass,154,6,60,bifarius,queen,1,Mertensia.fusiformis,Boraginaceae
2021,Stormy.Pass,154,6,60,bifarius,queen,1,Salix.sp,Salicaceae
2021,Stormy.Pass,154,6,60,frigidus,queen,1,Salix.sp,Salicaceae
2021,Stormy.Pass,160,7,60,appositus,queen,3,Delphinium.nuttallianum,Ranunculaceae
2021,Stormy.Pass,160,7,60,appositus,queen,1,Hydrophyllum.capitatum,Hydrophyllaceae
2021,Stormy.Pass,160,7,60,flavifrons,queen,7,Delphinium.nuttallianum,Ranunculaceae
2021,Stormy.Pass,160,7,60,flavifrons,queen,1,Hydrophyllum.capitatum,Hydrophyllaceae
2021,Stormy.Pass,160,7,60,flavifrons,queen,3,Hydrophyllum.fendleri,Hydrophyllaceae
2021,Stormy.Pass,168,8,60,appositus,queen,3,Delphinium.nuttallianum,Ranunculaceae
2021,Stormy.Pass,168,8,60,appositus,queen,2,Lathyrus.lanszwertii.var.leucanthus,Fabaceae
2021,Stormy.Pass,168,8,60,bifarius,worker,1,Viola.nuttallii,Violaceae
2021,Stormy.Pass,168,8,60,flavifrons,queen,1,Delphinium.nuttallianum,Ranunculaceae
2021,Stormy.Pass,168,8,60,flavifrons,queen,4,Hydrophyllum.fendleri,Hydrophyllaceae
2021,Stormy.Pass,168,8,60,flavifrons,queen,1,Mertensia.ciliata,Boraginaceae
2021,Stormy.Pass,168,8,60,mixtus,queen,1,Hydrophyllum.fendleri,Hydrophyllaceae
2021,Stormy.Pass,174,9,60,appositus,queen,9,Lathyrus.lanszwertii.var.leucanthus,Fabaceae
2021,Stormy.Pass,174,9,60,appositus,queen,1,Vicia.americana,Fabaceae
2021,Stormy.Pass,174,9,60,bifarius,queen,1,Hydrophyllum.fendleri,Hydrophyllaceae
2021,Stormy.Pass,174,9,60,bifarius,queen,1,Potentilla.pulcherrima,Rosaceae
2021,Stormy.Pass,174,9,60,californicus,queen,1,Lathyrus.lanszwertii.var.leucanthus,Fabaceae
2021,Stormy.Pass,174,9,60,flavifrons,queen,3,Hydrophyllum.fendleri,Hydrophyllaceae
2021,Stormy.Pass,174,9,60,mixtus,queen,2,Hydrophyllum.fendleri,Hydrophyllaceae
2021,Stormy.Pass,174,9,60,rufocinctus,queen,1,Hydrophyllum.fendleri,Hydrophyllaceae
2021,Stormy.Pass,182,10,60,appositus,queen,3,Lathyrus.lanszwertii.var.leucanthus,Fabaceae
2021,Stormy.Pass,182,10,60,appositus,worker,3,Lathyrus.lanszwertii.var.leucanthus,Fabaceae
2021,Stormy.Pass,182,10,60,appositus,worker,2,Vicia.americana,Fabaceae
2021,Stormy.Pass,182,10,60,bifarius,queen,2,Frasera.speciosa,Gentianaceae
2021,Stormy.Pass,182,10,60,bifarius,queen,1,Hydrophyllum.fendleri,Hydrophyllaceae
2021,Stormy.Pass,182,10,60,bifarius,queen,1,Lathyrus.lanszwertii.var.leucanthus,Fabaceae
2021,Stormy.Pass,182,10,60,bifarius,worker,3,Hydrophyllum.fendleri,Hydrophyllaceae
2021,Stormy.Pass,182,10,60,bifarius,worker,1,Lathyrus.lanszwertii.var.leucanthus,Fabaceae
2021,Stormy.Pass,182,10,60,flavifrons,queen,3,Delphinium.barbeyi,Ranunculaceae
2021,Stormy.Pass,182,10,60,flavifrons,queen,1,Frasera.speciosa,Gentianaceae
2021,Stormy.Pass,182,10,60,flavifrons,queen,5,Hydrophyllum.fendleri,Hydrophyllaceae
2021,Stormy.Pass,182,10,60,flavifrons,queen,2,Mertensia.ciliata,Boraginaceae
2021,Stormy.Pass,182,10,60,flavifrons,queen,2,Vicia.americana,Fabaceae
2021,Stormy.Pass,182,10,60,flavifrons,worker,1,Frasera.speciosa,Gentianaceae
2021,Stormy.Pass,182,10,60,flavifrons,worker,2,Hydrophyllum.fendleri,Hydrophyllaceae
2021,Stormy.Pass,182,10,60,flavifrons,worker,4,Mertensia.ciliata,Boraginaceae
2021,Stormy.Pass,182,10,60,flavifrons,worker,1,Pedicularis.racemosa,Orobanchaceae
2021,Stormy.Pass,182,10,60,flavifrons,worker,2,Vicia.americana,Fabaceae
2021,Stormy.Pass,182,10,60,frigidus,worker,1,Frasera.speciosa,Gentianaceae
2021,Stormy.Pass,182,10,60,mixtus,queen,1,Hydrophyllum.fendleri,Hydrophyllaceae
2021,Stormy.Pass,182,10,60,mixtus,worker,1,Hydrophyllum.fendleri,Hydrophyllaceae
2021,Stormy.Pass,182,10,60,occidentalis,worker,1,Lathyrus.lanszwertii.var.leucanthus,Fabaceae
2021,Stormy.Pass,182,10,60,rufocinctus,queen,1,Hydrophyllum.fendleri,Hydrophyllaceae
2021,Stormy.Pass,182,10,60,rufocinctus,queen,1,Potentilla.pulcherrima,Rosaceae
2021,Stormy.Pass,189,11,60,appositus,queen,3,Delphinium.barbeyi,Ranunculaceae
2021,Stormy.Pass,189,11,60,appositus,worker,9,Delphinium.barbeyi,Ranunculaceae
2021,Stormy.Pass,189,11,60,appositus,worker,1,Lathyrus.lanszwertii.var.leucanthus,Fabaceae
2021,Stormy.Pass,189,11,60,bifarius,worker,1,Mertensia.ciliata,Boraginaceae
2021,Stormy.Pass,189,11,60,bifarius,worker,2,Pedicularis.racemosa,Orobanchaceae
2021,Stormy.Pass,189,11,60,bifarius,worker,1,Potentilla.pulcherrima,Rosaceae
2021,Stormy.Pass,189,11,60,flavifrons,queen,5,Delphinium.barbeyi,Ranunculaceae
2021,Stormy.Pass,189,11,60,flavifrons,queen,1,Hydrophyllum.fendleri,Hydrophyllaceae
2021,Stormy.Pass,189,11,60,flavifrons,queen,1,Vicia.americana,Fabaceae
2021,Stormy.Pass,189,11,60,flavifrons,worker,2,Aconitum.columbianum,Ranunculaceae
2021,Stormy.Pass,189,11,60,flavifrons,worker,4,Delphinium.barbeyi,Ranunculaceae
2021,Stormy.Pass,189,11,60,flavifrons,worker,3,Helianthella.quinquenervis,Asteraceae
2021,Stormy.Pass,189,11,60,flavifrons,worker,2,Hydrophyllum.fendleri,Hydrophyllaceae
2021,Stormy.Pass,189,11,60,flavifrons,worker,14,Mertensia.ciliata,Boraginaceae
2021,Stormy.Pass,189,11,60,flavifrons,worker,3,Potentilla.pulcherrima,Rosaceae
2021,Stormy.Pass,189,11,60,flavifrons,worker,3,Vicia.americana,Fabaceae
2021,Stormy.Pass,189,11,60,frigidus,worker,1,Frasera.speciosa,Gentianaceae
2021,Stormy.Pass,189,11,60,mixtus,worker,1,Mertensia.ciliata,Boraginaceae
2021,Stormy.Pass,189,11,60,mixtus,worker,1,Pedicularis.racemosa,Orobanchaceae
2021,Stormy.Pass,189,11,60,occidentalis,queen,1,Potentilla.pulcherrima,Rosaceae
2021,Stormy.Pass,189,11,60,occidentalis,worker,2,Pedicularis.racemosa,Orobanchaceae
2021,Stormy.Pass,189,11,60,occidentalis,worker,1,Potentilla.pulcherrima,Rosaceae
2021,Stormy.Pass,189,11,60,rufocinctus,worker,1,Potentilla.pulcherrima,Rosaceae
2021,Stormy.Pass,189,11,60,sylvicola,worker,3,Pedicularis.racemosa,Orobanchaceae
2021,Stormy.Pass,189,11,60,sylvicola,worker,1,Potentilla.pulcherrima,Rosaceae
2021,Stormy.Pass,196,12,60,appositus,queen,3,Delphinium.barbeyi,Ranunculaceae
2021,Stormy.Pass,196,12,60,appositus,worker,9,Delphinium.barbeyi,Ranunculaceae
2021,Stormy.Pass,196,12,60,appositus,worker,1,Vicia.americana,Fabaceae
2021,Stormy.Pass,196,12,60,balteatus,queen,1,Delphinium.barbeyi,Ranunculaceae
2021,Stormy.Pass,196,12,60,balteatus,worker,1,Delphinium.barbeyi,Ranunculaceae
2021,Stormy.Pass,196,12,60,bifarius,worker,1,Helianthella.quinquenervis,Asteraceae
2021,Stormy.Pass,196,12,60,bifarius,worker,2,Pedicularis.racemosa,Orobanchaceae
2021,Stormy.Pass,196,12,60,bifarius,worker,2,Potentilla.fruticosa,Rosaceae
2021,Stormy.Pass,196,12,60,bifarius,worker,3,Potentilla.pulcherrima,Rosaceae
2021,Stormy.Pass,196,12,60,flavifrons,male,1,Helianthella.quinquenervis,Asteraceae
2021,Stormy.Pass,196,12,60,flavifrons,queen,4,Delphinium.barbeyi,Ranunculaceae
2021,Stormy.Pass,196,12,60,flavifrons,queen,1,Vicia.americana,Fabaceae
2021,Stormy.Pass,196,12,60,flavifrons,worker,29,Delphinium.barbeyi,Ranunculaceae
2021,Stormy.Pass,196,12,60,flavifrons,worker,1,Erigeron.speciosus,Asteraceae
2021,Stormy.Pass,196,12,60,flavifrons,worker,3,Helianthella.quinquenervis,Asteraceae
2021,Stormy.Pass,196,12,60,flavifrons,worker,11,Mertensia.ciliata,Boraginaceae
2021,Stormy.Pass,196,12,60,flavifrons,worker,2,Pedicularis.racemosa,Orobanchaceae
2021,Stormy.Pass,196,12,60,flavifrons,worker,4,Potentilla.pulcherrima,Rosaceae
2021,Stormy.Pass,196,12,60,flavifrons,worker,3,Vicia.americana,Fabaceae
2021,Stormy.Pass,196,12,60,frigidus,worker,1,Potentilla.fruticosa,Rosaceae
2021,Stormy.Pass,196,12,60,melanopygus,queen,1,Pedicularis.racemosa,Orobanchaceae
2021,Stormy.Pass,196,12,60,melanopygus,worker,1,Mertensia.ciliata,Boraginaceae
2021,Stormy.Pass,196,12,60,mixtus,worker,1,Erigeron.elatior,Asteraceae
2021,Stormy.Pass,196,12,60,mixtus,worker,2,Pedicularis.racemosa,Orobanchaceae
2021,Stormy.Pass,196,12,60,mixtus,worker,1,Potentilla.fruticosa,Rosaceae
2021,Stormy.Pass,196,12,60,nevadensis,worker,1,Delphinium.barbeyi,Ranunculaceae
2021,Stormy.Pass,196,12,60,rufocinctus,queen,1,Erigeron.speciosus,Asteraceae
2021,Stormy.Pass,196,12,60,rufocinctus,worker,1,Linum.lewisii,Linaceae
2021,Stormy.Pass,196,12,60,rufocinctus,worker,3,Erigeron.speciosus,Asteraceae
2021,Stormy.Pass,196,12,60,rufocinctus,worker,1,Potentilla.pulcherrima,Rosaceae
2021,Stormy.Pass,196,12,60,sylvicola,queen,1,Mertensia.ciliata,Boraginaceae
2021,Stormy.Pass,196,12,60,sylvicola,worker,2,Potentilla.fruticosa,Rosaceae
2021,Stormy.Pass,203,13,60,appositus,queen,2,Delphinium.barbeyi,Ranunculaceae
2021,Stormy.Pass,203,13,60,appositus,worker,29,Delphinium.barbeyi,Ranunculaceae
2021,Stormy.Pass,203,13,60,appositus,worker,1,Erigeron.speciosus,Asteraceae
2021,Stormy.Pass,203,13,60,balteatus,worker,1,Delphinium.barbeyi,Ranunculaceae
2021,Stormy.Pass,203,13,60,bifarius,male,1,Heliomeris.multiflora,Asteraceae
2021,Stormy.Pass,203,13,60,bifarius,worker,14,Erigeron.speciosus,Asteraceae
2021,Stormy.Pass,203,13,60,bifarius,worker,3,Heliomeris.multiflora,Asteraceae
2021,Stormy.Pass,203,13,60,bifarius,worker,1,Pedicularis.racemosa,Orobanchaceae
2021,Stormy.Pass,203,13,60,bifarius,worker,4,Potentilla.pulcherrima,Rosaceae
2021,Stormy.Pass,203,13,60,bifarius,worker,1,Taraxacum.officinale,Asteraceae
2021,Stormy.Pass,203,13,60,flavifrons,male,4,Cirsium.parryi,Asteraceae
2021,Stormy.Pass,203,13,60,flavifrons,male,3,Heliomeris.multiflora,Asteraceae
2021,Stormy.Pass,203,13,60,flavifrons,queen,3,Delphinium.barbeyi,Ranunculaceae
2021,Stormy.Pass,203,13,60,flavifrons,worker,1,Linum.lewisii,Linaceae
2021,Stormy.Pass,203,13,60,flavifrons,worker,1,Castilleja.sulphurea,Orobanchaceae
2021,Stormy.Pass,203,13,60,flavifrons,worker,3,Cirsium.parryi,Asteraceae
2021,Stormy.Pass,203,13,60,flavifrons,worker,53,Delphinium.barbeyi,Ranunculaceae
2021,Stormy.Pass,203,13,60,flavifrons,worker,1,Erigeron.speciosus,Asteraceae
2021,Stormy.Pass,203,13,60,flavifrons,worker,1,Helianthella.quinquenervis,Asteraceae
2021,Stormy.Pass,203,13,60,flavifrons,worker,1,Heliomeris.multiflora,Asteraceae
2021,Stormy.Pass,203,13,60,flavifrons,worker,1,Pedicularis.racemosa,Orobanchaceae
2021,Stormy.Pass,203,13,60,flavifrons,worker,1,Potentilla.fruticosa,Rosaceae
2021,Stormy.Pass,203,13,60,flavifrons,worker,9,Potentilla.pulcherrima,Rosaceae
2021,Stormy.Pass,203,13,60,flavifrons,worker,1,Solidago.multiradiata,Asteraceae
2021,Stormy.Pass,203,13,60,frigidus,worker,2,Potentilla.pulcherrima,Rosaceae
2021,Stormy.Pass,203,13,60,frigidus,worker,1,Solidago.multiradiata,Asteraceae
2021,Stormy.Pass,203,13,60,melanopygus,male,1,Hymenoxys.hoopesii,Asteraceae
2021,Stormy.Pass,203,13,60,melanopygus,worker,1,Heliomeris.multiflora,Asteraceae
2021,Stormy.Pass,203,13,60,mixtus,male,1,Erigeron.speciosus,Asteraceae
2021,Stormy.Pass,203,13,60,mixtus,male,1,Heliomeris.multiflora,Asteraceae
2021,Stormy.Pass,203,13,60,mixtus,worker,2,Mertensia.ciliata,Boraginaceae
2021,Stormy.Pass,203,13,60,mixtus,worker,1,Potentilla.pulcherrima,Rosaceae
2021,Stormy.Pass,203,13,60,mixtus,worker,1,Solidago.multiradiata,Asteraceae
2021,Stormy.Pass,203,13,60,nevadensis,queen,2,Delphinium.barbeyi,Ranunculaceae
2021,Stormy.Pass,203,13,60,nevadensis,worker,3,Delphinium.barbeyi,Ranunculaceae
2021,Stormy.Pass,203,13,60,nevadensis,worker,1,Erigeron.speciosus,Asteraceae
2021,Stormy.Pass,203,13,60,occidentalis,worker,5,Erigeron.speciosus,Asteraceae
2021,Stormy.Pass,203,13,60,occidentalis,worker,1,Potentilla.pulcherrima,Rosaceae
2021,Stormy.Pass,203,13,60,rufocinctus,worker,1,Erigeron.speciosus,Asteraceae
2021,Stormy.Pass,203,13,60,rufocinctus,worker,1,Heliomeris.multiflora,Asteraceae
2021,Stormy.Pass,203,13,60,rufocinctus,worker,1,Potentilla.pulcherrima,Rosaceae
2021,Stormy.Pass,203,13,60,sylvicola,worker,1,Erigeron.speciosus,Asteraceae
2021,Stormy.Pass,203,13,60,sylvicola,worker,1,Pedicularis.racemosa,Orobanchaceae
2021,Stormy.Pass,203,13,60,sylvicola,worker,1,Potentilla.pulcherrima,Rosaceae
2021,Stormy.Pass,210,14,60,appositus,male,1,Cirsium.parryi,Asteraceae
2021,Stormy.Pass,210,14,60,appositus,male,1,Delphinium.barbeyi,Ranunculaceae
2021,Stormy.Pass,210,14,60,appositus,queen,1,Delphinium.barbeyi,Ranunculaceae
2021,Stormy.Pass,210,14,60,appositus,worker,24,Delphinium.barbeyi,Ranunculaceae
2021,Stormy.Pass,210,14,60,appositus,worker,2,Heliomeris.multiflora,Asteraceae
2021,Stormy.Pass,210,14,60,balteatus,queen,1,Delphinium.barbeyi,Ranunculaceae
2021,Stormy.Pass,210,14,60,balteatus,worker,2,Delphinium.barbeyi,Ranunculaceae
2021,Stormy.Pass,210,14,60,bifarius,male,1,Hymenoxys.hoopesii,Asteraceae
2021,Stormy.Pass,210,14,60,bifarius,male,1,Erigeron.speciosus,Asteraceae
2021,Stormy.Pass,210,14,60,bifarius,male,4,Heliomeris.multiflora,Asteraceae
2021,Stormy.Pass,210,14,60,bifarius,male,1,Senecio.serra.var.admirabilis,Asteraceae
2021,Stormy.Pass,210,14,60,bifarius,male,2,Solidago.multiradiata,Asteraceae
2021,Stormy.Pass,210,14,60,bifarius,worker,4,Erigeron.elatior,Asteraceae
2021,Stormy.Pass,210,14,60,bifarius,worker,35,Erigeron.speciosus,Asteraceae
2021,Stormy.Pass,210,14,60,bifarius,worker,5,Heliomeris.multiflora,Asteraceae
2021,Stormy.Pass,210,14,60,bifarius,worker,1,Potentilla.fruticosa,Rosaceae
2021,Stormy.Pass,210,14,60,bifarius,worker,2,Potentilla.pulcherrima,Rosaceae
2021,Stormy.Pass,210,14,60,californicus,worker,1,Delphinium.barbeyi,Ranunculaceae
2021,Stormy.Pass,210,14,60,flavifrons,male,9,Cirsium.parryi,Asteraceae
2021,Stormy.Pass,210,14,60,flavifrons,male,3,Hymenoxys.hoopesii,Asteraceae
2021,Stormy.Pass,210,14,60,flavifrons,male,7,Erigeron.elatior,Asteraceae
2021,Stormy.Pass,210,14,60,flavifrons,male,2,Erigeron.speciosus,Asteraceae
2021,Stormy.Pass,210,14,60,flavifrons,male,7,Heliomeris.multiflora,Asteraceae
2021,Stormy.Pass,210,14,60,flavifrons,male,4,Senecio.bigelovii,Asteraceae
2021,Stormy.Pass,210,14,60,flavifrons,male,5,Senecio.serra.var.admirabilis,Asteraceae
2021,Stormy.Pass,210,14,60,flavifrons,queen,5,Delphinium.barbeyi,Ranunculaceae
2021,Stormy.Pass,210,14,60,flavifrons,worker,6,Cirsium.parryi,Asteraceae
2021,Stormy.Pass,210,14,60,flavifrons,worker,55,Delphinium.barbeyi,Ranunculaceae
2021,Stormy.Pass,210,14,60,flavifrons,worker,2,Hymenoxys.hoopesii,Asteraceae
2021,Stormy.Pass,210,14,60,flavifrons,worker,5,Erigeron.speciosus,Asteraceae
2021,Stormy.Pass,210,14,60,flavifrons,worker,9,Heliomeris.multiflora,Asteraceae
2021,Stormy.Pass,210,14,60,flavifrons,worker,2,Mertensia.ciliata,Boraginaceae
2021,Stormy.Pass,210,14,60,flavifrons,worker,3,Senecio.serra.var.admirabilis,Asteraceae
2021,Stormy.Pass,210,14,60,flavifrons,worker,4,Solidago.multiradiata,Asteraceae
2021,Stormy.Pass,210,14,60,frigidus,male,1,Solidago.multiradiata,Asteraceae
2021,Stormy.Pass,210,14,60,frigidus,worker,1,Potentilla.pulcherrima,Rosaceae
2021,Stormy.Pass,210,14,60,frigidus,worker,1,Solidago.multiradiata,Asteraceae
2021,Stormy.Pass,210,14,60,melanopygus,worker,1,Potentilla.fruticosa,Rosaceae
2021,Stormy.Pass,210,14,60,mixtus,male,1,Heliomeris.multiflora,Asteraceae
2021,Stormy.Pass,210,14,60,mixtus,male,1,Solidago.multiradiata,Asteraceae
2021,Stormy.Pass,210,14,60,mixtus,worker,2,Erigeron.elatior,Asteraceae
2021,Stormy.Pass,210,14,60,mixtus,worker,4,Heliomeris.multiflora,Asteraceae
2021,Stormy.Pass,210,14,60,occidentalis,worker,1,Achillea.millefolium,Asteraceae
2021,Stormy.Pass,210,14,60,occidentalis,worker,1,Erigeron.speciosus,Asteraceae
2021,Stormy.Pass,210,14,60,occidentalis,worker,1,Heliomeris.multiflora,Asteraceae
2021,Stormy.Pass,210,14,60,occidentalis,worker,1,Ipomopsis.aggregata,Polemoniaceae
2021,Stormy.Pass,210,14,60,occidentalis,worker,1,Potentilla.fruticosa,Rosaceae
2021,Stormy.Pass,210,14,60,occidentalis,worker,2,Potentilla.pulcherrima,Rosaceae
2021,Stormy.Pass,210,14,60,occidentalis,worker,2,Solidago.multiradiata,Asteraceae
2021,Stormy.Pass,210,14,60,rufocinctus,worker,1,Erigeron.elatior,Asteraceae
2021,Stormy.Pass,210,14,60,rufocinctus,worker,8,Erigeron.speciosus,Asteraceae
2021,Stormy.Pass,210,14,60,sylvicola,male,1,Erigeron.speciosus,Asteraceae
2021,Stormy.Pass,216,15,60,appositus,male,4,Delphinium.barbeyi,Ranunculaceae
2021,Stormy.Pass,216,15,60,appositus,male,1,Erigeron.elatior,Asteraceae
2021,Stormy.Pass,216,15,60,appositus,male,2,Heliomeris.multiflora,Asteraceae
2021,Stormy.Pass,216,15,60,appositus,worker,2,Delphinium.barbeyi,Ranunculaceae
2021,Stormy.Pass,216,15,60,appositus,worker,2,Heliomeris.multiflora,Asteraceae
2021,Stormy.Pass,216,15,60,appositus,worker,2,Senecio.serra.var.admirabilis,Asteraceae
2021,Stormy.Pass,216,15,60,balteatus,worker,2,Delphinium.barbeyi,Ranunculaceae
2021,Stormy.Pass,216,15,60,bifarius,male,2,Erigeron.speciosus,Asteraceae
2021,Stormy.Pass,216,15,60,bifarius,male,8,Heliomeris.multiflora,Asteraceae
2021,Stormy.Pass,216,15,60,bifarius,male,1,Solidago.multiradiata,Asteraceae
2021,Stormy.Pass,216,15,60,bifarius,queen,1,Heliomeris.multiflora,Asteraceae
2021,Stormy.Pass,216,15,60,bifarius,queen,1,Senecio.serra.var.admirabilis,Asteraceae
2021,Stormy.Pass,216,15,60,bifarius,worker,3,Erigeron.elatior,Asteraceae
2021,Stormy.Pass,216,15,60,bifarius,worker,9,Erigeron.speciosus,Asteraceae
2021,Stormy.Pass,216,15,60,bifarius,worker,73,Heliomeris.multiflora,Asteraceae
2021,Stormy.Pass,216,15,60,bifarius,worker,2,Potentilla.fruticosa,Rosaceae
2021,Stormy.Pass,216,15,60,bifarius,worker,1,Senecio.serra.var.admirabilis,Asteraceae
2021,Stormy.Pass,216,15,60,flavifrons,male,6,Cirsium.parryi,Asteraceae
2021,Stormy.Pass,216,15,60,flavifrons,male,1,Hymenoxys.hoopesii,Asteraceae
2021,Stormy.Pass,216,15,60,flavifrons,male,1,Erigeron.elatior,Asteraceae
2021,Stormy.Pass,216,15,60,flavifrons,male,1,Helianthella.quinquenervis,Asteraceae
2021,Stormy.Pass,216,15,60,flavifrons,male,24,Heliomeris.multiflora,Asteraceae
2021,Stormy.Pass,216,15,60,flavifrons,male,1,Senecio.bigelovii,Asteraceae
2021,Stormy.Pass,216,15,60,flavifrons,male,17,Senecio.serra.var.admirabilis,Asteraceae
2021,Stormy.Pass,216,15,60,flavifrons,male,1,Solidago.multiradiata,Asteraceae
2021,Stormy.Pass,216,15,60,flavifrons,queen,1,Delphinium.barbeyi,Ranunculaceae
2021,Stormy.Pass,216,15,60,flavifrons,worker,16,Cirsium.parryi,Asteraceae
2021,Stormy.Pass,216,15,60,flavifrons,worker,26,Delphinium.barbeyi,Ranunculaceae
2021,Stormy.Pass,216,15,60,flavifrons,worker,1,Hymenoxys.hoopesii,Asteraceae
2021,Stormy.Pass,216,15,60,flavifrons,worker,1,Erigeron.elatior,Asteraceae
2021,Stormy.Pass,216,15,60,flavifrons,worker,3,Erigeron.speciosus,Asteraceae
2021,Stormy.Pass,216,15,60,flavifrons,worker,36,Heliomeris.multiflora,Asteraceae
2021,Stormy.Pass,216,15,60,flavifrons,worker,3,Senecio.bigelovii,Asteraceae
2021,Stormy.Pass,216,15,60,flavifrons,worker,7,Senecio.serra.var.admirabilis,Asteraceae
2021,Stormy.Pass,216,15,60,flavifrons,worker,1,Vicia.americana,Fabaceae
2021,Stormy.Pass,216,15,60,frigidus,male,1,Heliomeris.multiflora,Asteraceae
2021,Stormy.Pass,216,15,60,frigidus,male,1,Solidago.multiradiata,Asteraceae
2021,Stormy.Pass,216,15,60,insularis,male,2,Solidago.multiradiata,Asteraceae
2021,Stormy.Pass,216,15,60,melanopygus,worker,2,Heliomeris.multiflora,Asteraceae
2021,Stormy.Pass,216,15,60,melanopygus,worker,1,Senecio.serra.var.admirabilis,Asteraceae
2021,Stormy.Pass,216,15,60,mixtus,male,2,Heliomeris.multiflora,Asteraceae
2021,Stormy.Pass,216,15,60,mixtus,male,4,Solidago.multiradiata,Asteraceae
2021,Stormy.Pass,216,15,60,mixtus,worker,9,Heliomeris.multiflora,Asteraceae
2021,Stormy.Pass,216,15,60,occidentalis,male,1,Heliomeris.multiflora,Asteraceae
2021,Stormy.Pass,216,15,60,occidentalis,male,1,Senecio.serra.var.admirabilis,Asteraceae
2021,Stormy.Pass,216,15,60,occidentalis,queen,1,Senecio.serra.var.admirabilis,Asteraceae
2021,Stormy.Pass,216,15,60,occidentalis,queen,1,Solidago.multiradiata,Asteraceae
2021,Stormy.Pass,216,15,60,occidentalis,worker,1,Erigeron.elatior,Asteraceae
2021,Stormy.Pass,216,15,60,occidentalis,worker,1,Erigeron.speciosus,Asteraceae
2021,Stormy.Pass,216,15,60,occidentalis,worker,10,Heliomeris.multiflora,Asteraceae
2021,Stormy.Pass,216,15,60,occidentalis,worker,2,Ipomopsis.aggregata,Polemoniaceae
2021,Stormy.Pass,216,15,60,occidentalis,worker,1,Potentilla.pulcherrima,Rosaceae
2021,Stormy.Pass,216,15,60,occidentalis,worker,4,Senecio.serra.var.admirabilis,Asteraceae
2021,Stormy.Pass,216,15,60,occidentalis,worker,3,Solidago.multiradiata,Asteraceae
2021,Stormy.Pass,216,15,60,rufocinctus,male,2,Heliomeris.multiflora,Asteraceae
2021,Stormy.Pass,216,15,60,rufocinctus,worker,1,Erigeron.elatior,Asteraceae
2021,Stormy.Pass,216,15,60,rufocinctus,worker,1,Erigeron.speciosus,Asteraceae
2021,Stormy.Pass,216,15,60,rufocinctus,worker,8,Heliomeris.multiflora,Asteraceae
2021,Stormy.Pass,216,15,60,sylvicola,worker,7,Heliomeris.multiflora,Asteraceae
2021,Stormy.Pass,216,15,60,sylvicola,worker,1,Senecio.serra.var.admirabilis,Asteraceae
2021,Stormy.Pass,223,16,60,appositus,male,1,Cirsium.parryi,Asteraceae
2021,Stormy.Pass,223,16,60,appositus,male,1,Delphinium.barbeyi,Ranunculaceae
2021,Stormy.Pass,223,16,60,appositus,male,1,Gentiana.parryi,Gentianaceae
2021,Stormy.Pass,223,16,60,appositus,male,1,Heliomeris.multiflora,Asteraceae
2021,Stormy.Pass,223,16,60,appositus,male,1,Senecio.serra.var.admirabilis,Asteraceae
2021,Stormy.Pass,223,16,60,appositus,worker,1,Cirsium.parryi,Asteraceae
2021,Stormy.Pass,223,16,60,appositus,worker,1,Senecio.serra.var.admirabilis,Asteraceae
2021,Stormy.Pass,223,16,60,bifarius,male,1,Erigeron.speciosus,Asteraceae
2021,Stormy.Pass,223,16,60,bifarius,male,16,Heliomeris.multiflora,Asteraceae
2021,Stormy.Pass,223,16,60,bifarius,male,1,Senecio.serra.var.admirabilis,Asteraceae
2021,Stormy.Pass,223,16,60,bifarius,worker,17,Erigeron.speciosus,Asteraceae
2021,Stormy.Pass,223,16,60,bifarius,worker,79,Heliomeris.multiflora,Asteraceae
2021,Stormy.Pass,223,16,60,bifarius,worker,2,Potentilla.fruticosa,Rosaceae
2021,Stormy.Pass,223,16,60,flavifrons,male,1,Symphyotrichum.foliaceum,Asteraceae
2021,Stormy.Pass,223,16,60,flavifrons,male,1,Cirsium.parryi,Asteraceae
2021,Stormy.Pass,223,16,60,flavifrons,male,3,Erigeron.elatior,Asteraceae
2021,Stormy.Pass,223,16,60,flavifrons,male,49,Heliomeris.multiflora,Asteraceae
2021,Stormy.Pass,223,16,60,flavifrons,male,1,Senecio.bigelovii,Asteraceae
2021,Stormy.Pass,223,16,60,flavifrons,male,16,Senecio.serra.var.admirabilis,Asteraceae
2021,Stormy.Pass,223,16,60,flavifrons,worker,2,Cirsium.parryi,Asteraceae
2021,Stormy.Pass,223,16,60,flavifrons,worker,2,Delphinium.barbeyi,Ranunculaceae
2021,Stormy.Pass,223,16,60,flavifrons,worker,52,Heliomeris.multiflora,Asteraceae
2021,Stormy.Pass,223,16,60,flavifrons,worker,13,Senecio.serra.var.admirabilis,Asteraceae
2021,Stormy.Pass,223,16,60,flavifrons,worker,1,Vicia.americana,Fabaceae
2021,Stormy.Pass,223,16,60,insularis,male,9,Heliomeris.multiflora,Asteraceae
2021,Stormy.Pass,223,16,60,insularis,male,6,Senecio.serra.var.admirabilis,Asteraceae
2021,Stormy.Pass,223,16,60,insularis,queen,1,Senecio.serra.var.admirabilis,Asteraceae
2021,Stormy.Pass,223,16,60,melanopygus,male,1,Heliomeris.multiflora,Asteraceae
2021,Stormy.Pass,223,16,60,melanopygus,worker,3,Heliomeris.multiflora,Asteraceae
2021,Stormy.Pass,223,16,60,melanopygus,worker,1,Senecio.serra.var.admirabilis,Asteraceae
2021,Stormy.Pass,223,16,60,mixtus,male,7,Heliomeris.multiflora,Asteraceae
2021,Stormy.Pass,223,16,60,mixtus,worker,12,Heliomeris.multiflora,Asteraceae
2021,Stormy.Pass,223,16,60,mixtus,worker,1,Solidago.multiradiata,Asteraceae
2021,Stormy.Pass,223,16,60,occidentalis,male,2,Heliomeris.multiflora,Asteraceae
2021,Stormy.Pass,223,16,60,occidentalis,worker,4,Heliomeris.multiflora,Asteraceae
2021,Stormy.Pass,223,16,60,occidentalis,worker,1,Potentilla.fruticosa,Rosaceae
2021,Stormy.Pass,223,16,60,rufocinctus,male,14,Heliomeris.multiflora,Asteraceae
2021,Stormy.Pass,223,16,60,rufocinctus,worker,1,Erigeron.speciosus,Asteraceae
2021,Stormy.Pass,223,16,60,rufocinctus,worker,14,Heliomeris.multiflora,Asteraceae
2021,Stormy.Pass,223,16,60,rufocinctus,worker,2,Potentilla.fruticosa,Rosaceae
2021,Stormy.Pass,223,16,60,sylvicola,male,1,Heliomeris.multiflora,Asteraceae
2021,Stormy.Pass,223,16,60,sylvicola,worker,1,Heliomeris.multiflora,Asteraceae
2021,Stormy.Pass,233,17,60,appositus,male,4,Gentiana.parryi,Gentianaceae
2021,Stormy.Pass,233,17,60,appositus,worker,3,Gentiana.parryi,Gentianaceae
2021,Stormy.Pass,233,17,60,appositus,worker,1,Heliomeris.multiflora,Asteraceae
2021,Stormy.Pass,233,17,60,bifarius,male,37,Heliomeris.multiflora,Asteraceae
2021,Stormy.Pass,233,17,60,bifarius,worker,76,Heliomeris.multiflora,Asteraceae
2021,Stormy.Pass,233,17,60,fernaldae,male,1,Heliomeris.multiflora,Asteraceae
2021,Stormy.Pass,233,17,60,flavifrons,male,1,Cirsium.parryi,Asteraceae
2021,Stormy.Pass,233,17,60,flavifrons,male,53,Heliomeris.multiflora,Asteraceae
2021,Stormy.Pass,233,17,60,flavifrons,male,1,Senecio.bigelovii,Asteraceae
2021,Stormy.Pass,233,17,60,flavifrons,male,26,Senecio.serra.var.admirabilis,Asteraceae
2021,Stormy.Pass,233,17,60,flavifrons,queen,1,Heliomeris.multiflora,Asteraceae
2021,Stormy.Pass,233,17,60,flavifrons,worker,3,Cirsium.parryi,Asteraceae
2021,Stormy.Pass,233,17,60,flavifrons,worker,23,Heliomeris.multiflora,Asteraceae
2021,Stormy.Pass,233,17,60,flavifrons,worker,1,Senecio.serra.var.admirabilis,Asteraceae
2021,Stormy.Pass,233,17,60,insularis,male,24,Heliomeris.multiflora,Asteraceae
2021,Stormy.Pass,233,17,60,insularis,male,6,Senecio.serra.var.admirabilis,Asteraceae
2021,Stormy.Pass,233,17,60,insularis,queen,1,Heliomeris.multiflora,Asteraceae
2021,Stormy.Pass,233,17,60,melanopygus,male,1,Heliomeris.multiflora,Asteraceae
2021,Stormy.Pass,233,17,60,mixtus,male,16,Heliomeris.multiflora,Asteraceae
2021,Stormy.Pass,233,17,60,mixtus,male,2,Senecio.serra.var.admirabilis,Asteraceae
2021,Stormy.Pass,233,17,60,mixtus,worker,2,Heliomeris.multiflora,Asteraceae
2021,Stormy.Pass,233,17,60,occidentalis,male,6,Heliomeris.multiflora,Asteraceae
2021,Stormy.Pass,233,17,60,occidentalis,male,1,Senecio.serra.var.admirabilis,Asteraceae
2021,Stormy.Pass,233,17,60,rufocinctus,male,21,Heliomeris.multiflora,Asteraceae
2021,Stormy.Pass,233,17,60,rufocinctus,male,1,Senecio.serra.var.admirabilis,Asteraceae
2021,Stormy.Pass,233,17,60,rufocinctus,worker,18,Heliomeris.multiflora,Asteraceae
2021,Stormy.Pass,233,17,60,sylvicola,male,2,Heliomeris.multiflora,Asteraceae
2021,Stormy.Pass,240,18,60,appositus,male,3,Gentiana.parryi,Gentianaceae
2021,Stormy.Pass,240,18,60,appositus,queen,1,Gentiana.parryi,Gentianaceae
2021,Stormy.Pass,240,18,60,appositus,worker,1,Gentiana.parryi,Gentianaceae
2021,Stormy.Pass,240,18,60,bifarius,male,34,Heliomeris.multiflora,Asteraceae
2021,Stormy.Pass,240,18,60,bifarius,worker,42,Heliomeris.multiflora,Asteraceae
2021,Stormy.Pass,240,18,60,fernaldae,male,1,Heliomeris.multiflora,Asteraceae
2021,Stormy.Pass,240,18,60,flavifrons,male,2,Erigeron.elatior,Asteraceae
2021,Stormy.Pass,240,18,60,flavifrons,male,34,Heliomeris.multiflora,Asteraceae
2021,Stormy.Pass,240,18,60,flavifrons,male,1,Senecio.serra.var.admirabilis,Asteraceae
2021,Stormy.Pass,240,18,60,flavifrons,queen,1,Gentiana.parryi,Gentianaceae
2021,Stormy.Pass,240,18,60,flavifrons,worker,4,Heliomeris.multiflora,Asteraceae
2021,Stormy.Pass,240,18,60,frigidus,male,1,Heliomeris.multiflora,Asteraceae
2021,Stormy.Pass,240,18,60,insularis,male,10,Heliomeris.multiflora,Asteraceae
2021,Stormy.Pass,240,18,60,insularis,male,1,Senecio.serra.var.admirabilis,Asteraceae
2021,Stormy.Pass,240,18,60,mixtus,male,6,Heliomeris.multiflora,Asteraceae
2021,Stormy.Pass,240,18,60,occidentalis,male,5,Heliomeris.multiflora,Asteraceae
2021,Stormy.Pass,240,18,60,rufocinctus,male,7,Heliomeris.multiflora,Asteraceae
2021,Stormy.Pass,240,18,60,rufocinctus,worker,17,Heliomeris.multiflora,Asteraceae
2021,Stormy.Pass,240,18,60,sylvicola,male,1,Heliomeris.multiflora,Asteraceae
2021,Stormy.Pass,248,19,60,appositus,male,1,Gentiana.parryi,Gentianaceae
2021,Stormy.Pass,248,19,60,appositus,worker,1,Gentiana.parryi,Gentianaceae
2021,Stormy.Pass,248,19,60,bifarius,male,21,Heliomeris.multiflora,Asteraceae
2021,Stormy.Pass,248,19,60,bifarius,worker,1,Gentiana.parryi,Gentianaceae
2021,Stormy.Pass,248,19,60,bifarius,worker,1,Heliomeris.multiflora,Asteraceae
2021,Stormy.Pass,248,19,60,flavifrons,worker,2,Gentiana.parryi,Gentianaceae
2021,Stormy.Pass,248,19,60,insularis,male,1,Symphyotrichum.foliaceum,Asteraceae
2021,Stormy.Pass,248,19,60,insularis,male,9,Heliomeris.multiflora,Asteraceae
2021,Stormy.Pass,248,19,60,insularis,male,1,Senecio.serra.var.admirabilis,Asteraceae
2021,Stormy.Pass,253,20,60,bifarius,male,14,Heliomeris.multiflora,Asteraceae
2021,Stormy.Pass,253,20,60,bifarius,worker,1,Heliomeris.multiflora,Asteraceae