year,gps_unit,gps_wp,date,month.x,day.x,vial,vial.unique,ack.nam,num_flow,flow_clust,time_field,pol_sp,sex,lat,lon,ele_m,ele_ft
2019,GPS1,321,6/20/2019,6,20,2,B,Physocarpus monogynus,20,clust,8:21,Bombus huntii,,38.84900196,-104.943502,2296.60498,7534.793483
2019,GPS1,362,6/20/2019,6,20,20,A,Mertensia lanceolata,100,flow,13:24,Bombus centralis,,38.84941704,-104.942184,2259.23877,7412.200926
2019,GPS1,423,6/25/2019,6,25,4,,Penstemon virens,4,clust,9:32,Bombus bifarius,,38.85496904,-104.942746,2404.706055,7889.455813
2019,GPS1,456,6/25/2019,6,25,24,,Penstemon virens,27,clust,12:09,Bombus sylvicola,,38.85652497,-104.955334,2631.395508,8633.187638
2019,GPS1,485,6/26/2019,6,26,2,A,Rubus deliciosus,57,flow,9:10,Bombus huntii,,38.84897699,-104.947585,2510.77124,8237.438715
2019,GPS1,587,6/27/2019,6,27,22,,Penstemon virens,29,clust,10:39,Bombus centralis,,38.89030698,-104.976298,2600.11084,8530.547648
2019,GPS1,688,7/2/2019,7,2,34,A,Penstemon virens,200,clust,12:16,Bombus huntii,,38.85471004,-104.945722,2481.778809,8142.319188
2019,GPS1,691,7/2/2019,7,2,45,,Geranium caespitosum,50,flow,13:13,Bombus sylvicola,,38.85615902,-104.94576,2540.294189,8334.298787
2019,GPS1,692,7/3/2019,7,3,6,,Geranium caespitosum,50,flow,9:45,Bombus bifarius,,38.85617897,-104.94574,2533.094238,8310.6769
2019,GPS1,692,7/3/2019,7,3,16,,Penstemon virens,20,clust,10:46,Bombus huntii,,38.85617897,-104.94574,2533.094238,8310.6769
2019,GPS1,692,7/3/2019,7,3,17,,Penstemon virens,20,clust,10:48,Bombus nevadensis,,38.85617897,-104.94574,2533.094238,8310.6769
2019,GPS1,693,7/3/2019,7,3,25,,Rosa acicularis subsp. sayi,42,flow,11:40,Bombus melanopygus,,38.85604796,-104.946685,2492.496094,8177.480885
2019,GPS2,A092,7/9/2019,7,9,2,,Frasera speciosa,18,flow,10:45,Bombus bifarius,,38.88702303,-104.985134,2836.657227,9306.618497
2019,GPS1,799,7/9/2019,7,9,3,,Sedum lanceolatum var. lanceolatum,12,clust,8:45,Bombus centralis,,38.89327803,-104.972929,2397.772461,7866.707801
2019,GPS1,809,7/9/2019,7,9,12,,Frasera speciosa,1,clust,9:40,Bombus centralis,,38.89144197,-104.97476,2533.175537,8310.943629
2019,GPS1,818,7/9/2019,7,9,16,,Penstemon virens,6,clust,10:12,Bombus centralis,,38.89051099,-104.975992,2586.886719,8487.161423
2019,GPS1,844,7/9/2019,7,9,36,,Penstemon virens,23,clust,12:38,Bombus bifarius,,38.88503803,-104.986779,2804.540527,9201.248743
2019,GPS2,A141,7/10/2019,7,10,15,,Mertensia ciliata,200,flow,12:16,Bombus bifarius,,38.84188598,-105.026556,3616.614014,11865.53192
2019,GPS1,872,7/10/2019,7,10,22,A,Mertensia ciliata,20,clust,12:18,Bombus bifarius,,38.842091,-105.026603,3617.077148,11867.05139
2019,GPS2,A172,7/11/2019,7,11,6,,Penstemon virens,10,flow,11:30,Bombus centralis,,38.855537,-104.926775,2010.987671,6597.728791
2019,GPS1,886,7/11/2019,7,11,2,,Sedum lanceolatum var. lanceolatum,40,clust,8:57,Bombus bifarius,,38.893115,-104.972735,2403.884521,7886.760492
2019,GPS1,921,7/11/2019,7,11,30,,Frasera speciosa,10,flow,13:47,Bombus bifarius,,38.88614796,-104.985892,2829.428223,9282.901291
2019,GPS1,933,7/12/2019,7,12,10,,Penstemon virens,100,flow,9:53,Bombus centralis,,38.85472002,-104.944032,2426.240723,7960.107614
2019,GPS1,933,7/12/2019,7,12,11,,Penstemon virens,100,flow,9:54,Bombus melanopygus,,38.85472002,-104.944032,2426.240723,7960.107614
2019,GPS2,A197,7/15/2019,7,15,5,,Sedum lanceolatum var. lanceolatum,40,clust,10:09,Bombus centralis,,38.89431797,-104.974923,2339.398438,7675.191971
2019,GPS2,A195,7/15/2019,7,15,10,,Geranium caespitosum,11,flow,11:15,Bombus appositus,,38.89448896,-104.974323,2324.52832,7626.405493
2019,GPS2,A197,7/15/2019,7,15,19,,Sedum lanceolatum var. lanceolatum,25,clust,12:42,Bombus centralis,,38.89431797,-104.974923,2339.398438,7675.191971
2019,GPS2,A196,7/15/2019,7,15,20,,Sedum lanceolatum var. lanceolatum,2,clust,12:48,Bombus centralis,,38.89420096,-104.974755,2328.298584,7638.775126
2019,GPS2,A195,7/15/2019,7,15,23,,Sedum lanceolatum var. lanceolatum,8,clust,13:10,Bombus bifarius,,38.89448896,-104.974323,2324.52832,7626.405493
2019,GPS2,A197,7/15/2019,7,15,27,,Sedum lanceolatum var. lanceolatum,40,clust,13:35,Bombus centralis,,38.89431797,-104.974923,2339.398438,7675.191971
2019,GPS1,945,7/15/2019,7,15,11,,Sedum lanceolatum var. lanceolatum,7,clust,10:19,Bombus bifarius,,38.89125204,-104.974844,2541.904053,8339.580493
2019,GPS1,952,7/15/2019,7,15,16,,Campanula rotundifolia,33,flow,11:06,Bombus rufocinctus,,38.88968403,-104.977887,2679.364014,8790.564632
2019,GPS1,961,7/15/2019,7,15,25,,Penstemon hallii,10,clust,12:07,Bombus flavifrons,,38.88904299,-104.984028,2820.498291,9253.603613
2019,GPS1,963,7/15/2019,7,15,28,,Frasera speciosa,1,clust,12:31,Bombus centralis,,38.88620303,-104.985944,2828.966064,9281.385021
2019,GPS1,964,7/15/2019,7,15,30,,Penstemon virens,15,clust,12:37,Bombus centralis,,38.88591704,-104.98646,2822.174805,9259.103987
2019,GPS1,969,7/15/2019,7,15,35,,Sedum lanceolatum var. lanceolatum,10,clust,13:20,Bombus sylvicola,,38.88882296,-104.984889,2850.387695,9351.665965
2019,GPS1,971,7/15/2019,7,15,38,,Heuchera hallii,78,clust,13:44,Bombus centralis,,38.88937399,-104.978277,2708.758545,8887.003385
2019,GPS2,A208,7/16/2019,7,16,28,,Rubus idaeus var. strigosus,7,flow,12:57,Bombus sylvicola,,38.846994,-105.00759,3104.276367,10184.63408
2019,GPS2,A198,7/16/2019,7,16,2,,Mertensia ciliata,18,clust,10:11,Bombus sylvicola,,38.84201003,-105.026555,3618.853027,11872.87777
2019,GPS2,A198,7/16/2019,7,16,4,,Mertensia ciliata,30,clust,10:20,Bombus huntii,,38.84201003,-105.026555,3618.853027,11872.87777
2019,GPS2,A198,7/16/2019,7,16,5,,Mertensia ciliata,30,clust,10:21,Bombus melanopygus,,38.84201003,-105.026555,3618.853027,11872.87777
2019,GPS2,A198,7/16/2019,7,16,6,,Potentilla pulcherrima,120,flow,10:26,Bombus bifarius,,38.84201003,-105.026555,3618.853027,11872.87777
2019,GPS2,A198,7/16/2019,7,16,3,,Mertensia ciliata,11,clust,10:15,Bombus sylvicola,,38.84201003,-105.026555,3618.853027,11872.87777
2019,GPS2,A198,7/16/2019,7,16,9,A,Mertensia ciliata,105,clust,10:38,Bombus bifarius,,38.84201003,-105.026555,3618.853027,11872.87777
2019,GPS2,A198,7/16/2019,7,16,9,C,Mertensia ciliata,105,clust,10:38,Bombus melanopygus,,38.84201003,-105.026555,3618.853027,11872.87777
2019,GPS2,A198,7/16/2019,7,16,9,B,Mertensia ciliata,105,clust,10:38,Bombus melanopygus,,38.84201003,-105.026555,3618.853027,11872.87777
2019,GPS2,A198,7/16/2019,7,16,10,,Mertensia ciliata,200,clust,10:40,Bombus melanopygus,,38.84201003,-105.026555,3618.853027,11872.87777
2019,GPS2,A198,7/16/2019,7,16,15,,Mertensia ciliata,60,clust,11:11,Bombus melanopygus,,38.84201003,-105.026555,3618.853027,11872.87777
2019,GPS2,A198,7/16/2019,7,16,18,,Potentilla pulcherrima,40,flow,11:21,Bombus bifarius,,38.84201003,-105.026555,3618.853027,11872.87777
2019,GPS2,A198,7/16/2019,7,16,19,,Mertensia ciliata,160,clust,11:23,Bombus bifarius,,38.84201003,-105.026555,3618.853027,11872.87777
2019,GPS2,A198,7/16/2019,7,16,20,,Mertensia ciliata,160,clust,11:24,Bombus melanopygus,,38.84201003,-105.026555,3618.853027,11872.87777
2019,GPS2,A198,7/16/2019,7,16,21,,Mertensia ciliata,250,clust,11:28,Bombus melanopygus,,38.84201003,-105.026555,3618.853027,11872.87777
2019,GPS2,A198,7/16/2019,7,16,22,,Mertensia ciliata,90,clust,11:31,Bombus melanopygus,,38.84201003,-105.026555,3618.853027,11872.87777
2019,GPS2,A198,7/16/2019,7,16,8,,Mertensia ciliata,90,clust,10:33,Bombus sylvicola,,38.84201003,-105.026555,3618.853027,11872.87777
2019,GPS2,A198,7/16/2019,7,16,26,,Potentilla fruticosa,80,flow,12:02,Bombus bifarius,,38.84201003,-105.026555,3618.853027,11872.87777
2019,GPS2,A208,7/16/2019,7,16,27,,Rubus idaeus var. strigosus,10,flow,12:55,Bombus bifarius,,38.846994,-105.00759,3104.276367,10184.63408
2019,GPS2,A198,7/16/2019,7,16,25,,Mertensia ciliata,95,clust,11:52,Bombus sylvicola,,38.84201003,-105.026555,3618.853027,11872.87777
2019,GPS1,974,7/16/2019,7,16,3,,Geranium caespitosum,20,flow,9:06,Bombus bifarius,,38.90122097,-104.991894,2617.921875,8588.982804
2019,GPS1,979,7/16/2019,7,16,10,B,Geranium richardsonii,65,flow,9:45,Bombus rufocinctus,,38.90175104,-104.992311,2629.712646,8627.666438
2019,GPS1,983,7/16/2019,7,16,15,,Potentilla fruticosa,50,flow,10:03,Bombus centralis,,38.903095,-104.992364,2632.80957,8637.82695
2019,GPS1,991,7/16/2019,7,16,25,,Geranium caespitosum,5,flow,10:47,Bombus bifarius,,38.90589598,-104.993763,2655.319092,8711.67709
2019,GPS2,A221,7/17/2019,7,17,12,,Heterotheca villosa var. villosa,16,flow,9:33,Bombus centralis,,38.85007099,-104.915417,2070.18042,6791.930729
2019,GPS2,A230,7/17/2019,7,17,20,,Heterotheca villosa var. villosa,20,flow,10:32,Bombus centralis,,38.84856602,-104.914473,2147.409424,7045.306735
2019,GPS2,A233,7/17/2019,7,17,22,,Heterotheca villosa var. villosa,100,flow,10:40,Bombus centralis,,38.848404,-104.914443,2146.551514,7042.492069
2019,GPS1,1012,7/17/2019,7,17,5,,Frasera speciosa,11,flow,9:13,Bombus centralis,,38.89096504,-104.975209,2557.854492,8391.911332
2019,GPS1,1016,7/17/2019,7,17,7,,Sedum lanceolatum var. lanceolatum,16,clust,9:26,Bombus rufocinctus,,38.89054301,-104.97634,2600,8530.184
2019,GPS1,1021,7/17/2019,7,17,13,,Geranium caespitosum,35,flow,10:04,Bombus centralis,,38.88863102,-104.978687,2721.715088,8929.511729
2019,GPS1,1028,7/17/2019,7,17,20a,,Frasera speciosa,11,flow,11:06,Bombus centralis,,38.886155,-104.985899,2824.553711,9266.908797
2019,GPS1,1030,7/17/2019,7,17,22,,Allium cernuum,7,clust,11:23,Bombus centralis,,38.88607596,-104.986274,2820.973389,9255.162334
2019,GPS1,1035,7/17/2019,7,17,29,,Penstemon glaber,2,clust,11:57,Bombus bifarius,,38.88883403,-104.984514,2839.510742,9315.980423
2019,GPS1,1037,7/17/2019,7,17,31,,Heterotheca villosa var. villosa,9,flow,12:12,Bombus centralis,,38.88872196,-104.983426,2815.432129,9236.982346
2019,GPS1,1040,7/17/2019,7,17,33,,Allium cernuum,12,clust,12:40,Bombus centralis,,38.89059104,-104.976039,2586.756104,8486.732896
2019,GPS2,A244,7/22/2019,7,22,2,,Holodiscus dumosus,9,clust,8:50,Bombus centralis,,38.89421202,-104.973739,2368.566406,7770.887407
2019,GPS2,A248,7/22/2019,7,22,9,,Allium cernuum,8,clust,9:49,Bombus centralis,,38.89105297,-104.975062,2550.112061,8366.509654
2019,GPS2,A249,7/22/2019,7,22,10,,Geranium caespitosum,2,flow,9:58,Bombus centralis,,38.89090997,-104.97541,2565.326172,8416.424718
2019,GPS2,A251,7/22/2019,7,22,11,,Senecio bigelovii var. hallii,100,flow,10:20,Bombus bifarius,,38.89033103,-104.977414,2639.179199,8658.724683
2019,GPS2,A253,7/22/2019,7,22,15,,Senecio bigelovii var. hallii,57,flow,10:33,Bombus bifarius,,38.88994496,-104.977696,2663.513184,8738.560595
2019,GPS2,A254,7/22/2019,7,22,16,,Frasera speciosa,50,flow,10:40,Bombus centralis,,38.88994496,-104.977769,2659.651123,8725.88979
2019,GPS2,A254,7/22/2019,7,22,17,,Frasera speciosa,50,flow,10:46,Bombus centralis,,38.88994496,-104.977769,2659.651123,8725.88979
2019,GPS2,A254,7/22/2019,7,22,18,,Frasera speciosa,50,flow,10:48,Bombus centralis,,38.88994496,-104.977769,2659.651123,8725.88979
2019,GPS2,A254,7/22/2019,7,22,19,,Frasera speciosa,50,flow,10:55,Bombus centralis,,38.88994496,-104.977769,2659.651123,8725.88979
2019,GPS1,1052,7/22/2019,7,22,7,A,Solidago missouriensis,26,clust,9:42,Bombus bifarius,,38.89079003,-104.976782,2608.553467,8558.246557
2019,GPS1,1052,7/22/2019,7,22,7,B,Solidago missouriensis,26,clust,9:42,Bombus rufocinctus,,38.89079003,-104.976782,2608.553467,8558.246557
2019,GPS1,1053,7/22/2019,7,22,8,,Allium cernuum,3,clust,9:48,Bombus centralis,,38.89047403,-104.97719,2628.656738,8624.202172
2019,GPS1,1061,7/22/2019,7,22,13,,Sedum lanceolatum var. lanceolatum,9,clust,10:23,Bombus rufocinctus,,38.888685,-104.979424,2742.330322,8997.147014
2019,GPS1,1074,7/22/2019,7,22,24,,Geranium caespitosum,33,flow,12:08,Bombus centralis,,38.88870897,-104.978587,2718.450684,8918.801742
2019,GPS1,1075,7/22/2019,7,22,25,,Heterotheca villosa var. villosa,3,flow,12:40,Bombus centralis,,38.89430196,-104.974439,2308.973145,7575.371453
2019,GPS2,A260,7/23/2019,7,23,5,,Telesonix jamesii,15,flow,11:30,Bombus bifarius,,38.84429301,-105.027301,3728.471436,12232.51823
2019,GPS2,A260,7/23/2019,7,23,6,,Telesonix jamesii,6,flow,11:32,Bombus bifarius,,38.84429301,-105.027301,3728.471436,12232.51823
2019,GPS2,A261,7/23/2019,7,23,7,,Potentilla fruticosa,130,flow,11:40,Bombus bifarius,,38.84418698,-105.027382,3725.354736,12222.29283
2019,GPS2,A266,7/23/2019,7,23,14,,Rhodiola rhodantha,10,flow,12:37,Bombus bifarius,,38.84200601,-105.026548,3616.519287,11865.22114
2019,GPS2,A266,7/23/2019,7,23,17,,Mertensia ciliata,150,clust,12:57,Bombus centralis,,38.84200601,-105.026548,3616.519287,11865.22114
2019,GPS2,A266,7/23/2019,7,23,18,,Mertensia ciliata,200,clust,13:06,Bombus melanopygus,,38.84200601,-105.026548,3616.519287,11865.22114
2019,GPS2,A266,7/23/2019,7,23,19,,Mertensia ciliata,80,clust,13:12,Bombus nevadensis,,38.84200601,-105.026548,3616.519287,11865.22114
2019,GPS2,A266,7/23/2019,7,23,20,,Penstemon whippleanus,90,flow,13:20,Bombus sylvicola,,38.84200601,-105.026548,3616.519287,11865.22114
2019,GPS2,A266,7/23/2019,7,23,25,,Penstemon whippleanus,70,flow,13:38,Bombus sylvicola,,38.84200601,-105.026548,3616.519287,11865.22114
2019,GPS2,A266,7/23/2019,7,23,26,,Mertensia ciliata,75,clust,13:41,Bombus melanopygus,,38.84200601,-105.026548,3616.519287,11865.22114
2019,GPS2,A266,7/23/2019,7,23,27,,Penstemon whippleanus,110,clust,13:44,Bombus bifarius,,38.84200601,-105.026548,3616.519287,11865.22114
2019,GPS1,1076,7/23/2019,7,23,1,A,Potentilla hippiana,30,flow,9:24,Bombus rufocinctus,,38.90078897,-104.991583,2623.799316,8608.265748
2019,GPS1,1076,7/23/2019,7,23,2,,Allium cernuum,3,clust,9:26,Bombus centralis,,38.90078897,-104.991583,2623.799316,8608.265748
2019,GPS1,1077,7/23/2019,7,23,4,A,Potentilla hippiana,29,flow,9:33,Bombus bifarius,,38.90138903,-104.992176,2625.517334,8613.90229
2019,GPS1,1078,7/23/2019,7,23,6,,Geranium richardsonii,40,flow,9:43,Bombus bifarius,,38.90178398,-104.992475,2617.888184,8588.87227
2019,GPS1,1079,7/23/2019,7,23,8,,Allium cernuum,6,clust,9:50,Bombus centralis,,38.90238798,-104.992446,2625.518799,8613.907097
2019,GPS1,1079,7/23/2019,7,23,9,,Aconitum columbianum,5,clust,9:52,Bombus flavifrons,,38.90238798,-104.992446,2625.518799,8613.907097
2019,GPS1,1081,7/23/2019,7,23,12,,Achillea millefolium,1,clust,10:03,Bombus appositus,,38.90414299,-104.992279,2645.794189,8680.427407
2019,GPS1,1085,7/23/2019,7,23,15,A,,4,clust,10:21,Bombus centralis,,38.90612497,-104.993914,2655.398926,8711.939012
2019,GPS1,1085,7/23/2019,7,23,15,B,,4,clust,10:21,Bombus centralis,,38.90612497,-104.993914,2655.398926,8711.939012
2019,GPS1,1091,7/23/2019,7,23,29,A,Potentilla fruticosa,100,flow,10:57,Bombus huntii,,38.90850702,-104.99486,2670.37915,8761.08673
2019,GPS1,1094,7/23/2019,7,23,32,A,Potentilla hippiana,8,flow,11:20,Bombus bifarius,,38.90819798,-104.994867,2663.360596,8738.059978
2019,GPS1,1095,7/23/2019,7,23,34,B,Potentilla fruticosa,29,flow,11:31,Bombus bifarius,,38.90522199,-104.993382,2650.279541,8695.143129
2019,GPS1,1095,7/23/2019,7,23,34,A,Potentilla fruticosa,29,flow,11:31,Bombus bifarius,,38.90522199,-104.993382,2650.279541,8695.143129
2019,GPS1,1098,7/23/2019,7,23,37,,Mertensia ciliata,26,clust,11:39,Bombus centralis,,38.90303398,-104.992267,2628.750732,8624.510552
2019,GPS2,A268,7/24/2019,7,24,2,,Allium cernuum,1,clust,10:50,Bombus centralis,,38.85780003,-104.93399,2053.083496,6735.838457
2019,GPS2,A272,7/24/2019,7,24,8,,Verbascum thapsus,22,flow,11:12,Bombus huntii,,38.85915203,-104.934637,2087.258057,6847.959724
2019,GPS2,A273,7/24/2019,7,24,9,,Heterotheca villosa var. villosa,31,flow,11:28,Bombus centralis,,38.85860997,-104.932968,2134.247314,7002.123958
2019,GPS2,A274,7/24/2019,7,24,10,,Allium cernuum,1,clust,11:45,Bombus centralis,,38.86089304,-104.933374,2187.257324,7176.041319
2019,GPS2,A288,7/24/2019,7,24,26,,Phacelia hastata,6,flow,14:34,Bombus sylvicola,,38.85763499,-104.93391,2060.653809,6760.675443
2019,GPS2,A281,7/24/2019,7,24,18,,Melilotus officinalis,5,clust,13:01,Bombus sylvicola,,38.86552798,-104.94016,2203.813477,7230.359408
2019,GPS2,A284,7/24/2019,7,24,21,,Colutea arborescens,3,flow,13:28,Bombus appositus,,38.86722196,-104.942884,2214.485107,7265.371318
2019,GPS2,A276,7/24/2019,7,24,12,,Campanula rotundifolia,3,flow,12:05,Bombus sylvicola,,38.862728,-104.937911,2207.522461,7242.527991
2019,GPS2,A288,7/24/2019,7,24,27,,Phacelia hastata,32,flow,14:35,Bombus huntii,,38.85763499,-104.93391,2060.653809,6760.675443
2019,GPS2,A288,7/24/2019,7,24,28,,Allium cernuum,1,clust,14:38,Bombus centralis,,38.85763499,-104.93391,2060.653809,6760.675443
2019,GPS2,A291,7/25/2019,7,25,12,,Frasera speciosa,5,flow,14:37,Bombus centralis,,38.85610697,-104.9536,2615.586914,8581.322171
2019,GPS2,A296,7/26/2019,7,26,13,,Allium cernuum,1,clust,9:22,Bombus centralis,,38.85541697,-104.92479,2020.756348,6629.778257
2019,GPS2,A298,7/26/2019,7,26,16,,Monarda fistulosa var. menthifolia,85,clust,9:43,Bombus centralis,,38.85479998,-104.924141,2027.993164,6653.521092
2019,GPS2,A298,7/26/2019,7,26,17,,Monarda fistulosa var. menthifolia,85,clust,9:44,Bombus appositus,,38.85479998,-104.924141,2027.993164,6653.521092
2019,GPS2,A298,7/26/2019,7,26,18,,Monarda fistulosa var. menthifolia,85,clust,9:45,Bombus huntii,,38.85479998,-104.924141,2027.993164,6653.521092
2019,GPS2,A298,7/26/2019,7,26,20a,,Monarda fistulosa var. menthifolia,85,clust,9:48,Bombus appositus,,38.85479998,-104.924141,2027.993164,6653.521092
2019,GPS2,A298,7/26/2019,7,26,20b,,Monarda fistulosa var. menthifolia,85,clust,9:48,Bombus appositus,,38.85479998,-104.924141,2027.993164,6653.521092
2019,GPS2,A298,7/26/2019,7,26,20c,,Monarda fistulosa var. menthifolia,85,clust,9:48,Bombus centralis,,38.85479998,-104.924141,2027.993164,6653.521092
2019,GPS2,A298,7/26/2019,7,26,21,,Monarda fistulosa var. menthifolia,85,clust,9:49,Bombus appositus,,38.85479998,-104.924141,2027.993164,6653.521092
2019,GPS2,A298,7/26/2019,7,26,23,,Monarda fistulosa var. menthifolia,85,clust,9:54,Bombus appositus,,38.85479998,-104.924141,2027.993164,6653.521092
2019,GPS2,A298,7/26/2019,7,26,24,,Monarda fistulosa var. menthifolia,85,clust,9:55,Bombus appositus,,38.85479998,-104.924141,2027.993164,6653.521092
2019,GPS2,A298,7/26/2019,7,26,28,,Monarda fistulosa var. menthifolia,85,clust,10:03,Bombus centralis,,38.85479998,-104.924141,2027.993164,6653.521092
2019,GPS2,A298,7/26/2019,7,26,31b,,Monarda fistulosa var. menthifolia,85,clust,10:07,Bombus appositus,,38.85479998,-104.924141,2027.993164,6653.521092
2019,GPS2,A298,7/26/2019,7,26,31a,,Monarda fistulosa var. menthifolia,85,clust,10:07,Bombus centralis,,38.85479998,-104.924141,2027.993164,6653.521092
2019,GPS2,A298,7/26/2019,7,26,32,,Monarda fistulosa var. menthifolia,85,clust,10:08,Bombus appositus,,38.85479998,-104.924141,2027.993164,6653.521092
2019,GPS2,A298,7/26/2019,7,26,33,,Monarda fistulosa var. menthifolia,85,clust,10:10,Bombus appositus,,38.85479998,-104.924141,2027.993164,6653.521092
2019,GPS2,A298,7/26/2019,7,26,34,,Monarda fistulosa var. menthifolia,85,clust,10:13,Bombus appositus,,38.85479998,-104.924141,2027.993164,6653.521092
2019,GPS1,1106,7/29/2019,7,29,2,,Allium cernuum,5,clust,9:10,Bombus bifarius,,38.85861902,-104.934746,2074.509277,6806.133016
2019,GPS1,1109,7/29/2019,7,29,4,,Nepeta cataria,3,clust,9:30,Bombus flavifrons,m,38.85995703,-104.935397,2108.672607,6918.217436
2019,GPS1,1111,7/29/2019,7,29,6,,Nepeta cataria,31,clust,9:42,Bombus centralis,,38.85986399,-104.934463,2121.075684,6958.909947
2019,GPS1,1111,7/29/2019,7,29,6,,Verbascum thapsus,4,clust,9:43,Bombus centralis,,38.85986399,-104.934463,2121.075684,6958.909947
2019,GPS2,A328,7/30/2019,7,30,1,,Monarda fistulosa var. menthifolia,80,flow,11:25,Bombus centralis,,38.85482202,-104.924177,2036.607056,6681.781894
2019,GPS2,A328,7/30/2019,7,30,3,,Monarda fistulosa var. menthifolia,80,flow,11:27,Bombus appositus,,38.85482202,-104.924177,2036.607056,6681.781894
2019,GPS2,A328,7/30/2019,7,30,4,,Monarda fistulosa var. menthifolia,80,flow,11:28,Bombus rufocinctus,,38.85482202,-104.924177,2036.607056,6681.781894
2019,GPS2,A328,7/30/2019,7,30,7,,Monarda fistulosa var. menthifolia,80,flow,11:35,Bombus appositus,,38.85482202,-104.924177,2036.607056,6681.781894
2019,GPS2,A328,7/30/2019,7,30,8,,Monarda fistulosa var. menthifolia,80,flow,11:36,Bombus fervidus,,38.85482202,-104.924177,2036.607056,6681.781894
2019,GPS2,A328,7/30/2019,7,30,9,,Monarda fistulosa var. menthifolia,80,flow,11:38,Bombus appositus,,38.85482202,-104.924177,2036.607056,6681.781894
2019,GPS2,A328,7/30/2019,7,30,11,,Monarda fistulosa var. menthifolia,80,flow,11:42,Bombus appositus,,38.85482202,-104.924177,2036.607056,6681.781894
2019,GPS2,A328,7/30/2019,7,30,13,,Monarda fistulosa var. menthifolia,80,flow,11:49,Bombus appositus,,38.85482202,-104.924177,2036.607056,6681.781894
2019,GPS2,A328,7/30/2019,7,30,15,,Monarda fistulosa var. menthifolia,80,flow,11:52,Bombus appositus,,38.85482202,-104.924177,2036.607056,6681.781894
2019,GPS2,A328,7/30/2019,7,30,17,,Monarda fistulosa var. menthifolia,80,flow,11:59,Bombus fervidus,,38.85482202,-104.924177,2036.607056,6681.781894
2019,GPS2,A328,7/30/2019,7,30,19,,Monarda fistulosa var. menthifolia,80,flow,12:04,Bombus centralis,,38.85482202,-104.924177,2036.607056,6681.781894
2019,GPS2,A328,7/30/2019,7,30,20,,Monarda fistulosa var. menthifolia,80,flow,12:06,Bombus fervidus,,38.85482202,-104.924177,2036.607056,6681.781894
2019,GPS2,A328,7/30/2019,7,30,24,,Monarda fistulosa var. menthifolia,80,flow,12:17,Bombus rufocinctus,,38.85482202,-104.924177,2036.607056,6681.781894
2019,GPS1,1133,7/30/2019,7,30,9,,Oreochrysum parryi,4,clust,14:35,Bombus bifarius,,38.89053798,-104.975986,2592.870361,8506.792795
2019,GPS1,1134,7/30/2019,7,30,10,,Oreochrysum parryi,27,clust,14:46,Bombus bifarius,,38.89043396,-104.977128,2626.625,8617.536365
2019,GPS1,1135,7/30/2019,7,30,11,,Allium cernuum,8,clust,14:49,Bombus huntii,,38.89035802,-104.977353,2647.083984,8684.659018
2019,GPS1,1136,7/30/2019,7,30,13,,Geranium caespitosum,26,flow,15:26,Bombus bifarius,,38.88860604,-104.978628,2730.727783,8959.08094
2019,GPS1,1136,7/30/2019,7,30,14,,Geranium caespitosum,26,flow,15:27,Bombus bifarius,,38.88860604,-104.978628,2730.727783,8959.08094
2019,GPS1,1136,7/30/2019,7,30,16,,Geranium caespitosum,26,flow,15:35,Bombus bifarius,,38.88860604,-104.978628,2730.727783,8959.08094
2019,GPS1,1136,7/30/2019,7,30,20,,Geranium caespitosum,26,flow,16:03,Bombus rufocinctus,,38.88860604,-104.978628,2730.727783,8959.08094
2019,GPS1,1136,7/30/2019,7,30,21,,Geranium caespitosum,26,flow,16:07,Bombus bifarius,,38.88860604,-104.978628,2730.727783,8959.08094
2019,GPS2,A329,7/31/2019,7,31,7,,Monarda fistulosa var. menthifolia,50,flow,8:46,Bombus appositus,,38.85503802,-104.924165,2054.185059,6739.452509
2019,GPS2,A329,7/31/2019,7,31,9,,Monarda fistulosa var. menthifolia,50,flow,8:49,Bombus appositus,,38.85503802,-104.924165,2054.185059,6739.452509
2019,GPS2,A329,7/31/2019,7,31,13,,Monarda fistulosa var. menthifolia,50,flow,9:00,Bombus centralis,,38.85503802,-104.924165,2054.185059,6739.452509
2019,GPS2,A329,7/31/2019,7,31,19,,Monarda fistulosa var. menthifolia,50,flow,9:23,Bombus huntii,,38.85503802,-104.924165,2054.185059,6739.452509
2019,GPS2,A329,7/31/2019,7,31,20,,Monarda fistulosa var. menthifolia,50,flow,9:24,Bombus appositus,,38.85503802,-104.924165,2054.185059,6739.452509
2019,GPS2,A329,7/31/2019,7,31,32,,Monarda fistulosa var. menthifolia,50,flow,9:40,Bombus appositus,,38.85503802,-104.924165,2054.185059,6739.452509
2019,GPS1,1137,7/31/2019,7,31,4,,Frasera speciosa,50,flow,9:40,Bombus flavifrons,,38.88878399,-104.985112,2845.597412,9335.949813
2019,GPS1,1137,7/31/2019,7,31,6,,Frasera speciosa,50,flow,9:50,Bombus centralis,,38.88878399,-104.985112,2845.597412,9335.949813
2019,GPS1,1137,7/31/2019,7,31,10,,Frasera speciosa,50,flow,10:38,Bombus centralis,,38.88878399,-104.985112,2845.597412,9335.949813
2019,GPS1,1137,7/31/2019,7,31,11,,Frasera speciosa,50,flow,10:40,Bombus centralis,,38.88878399,-104.985112,2845.597412,9335.949813
2019,GPS1,1141,7/31/2019,7,31,17,,Geranium caespitosum,30,flow,12:38,Bombus sylvicola,,38.87690599,-104.990896,2690.173584,8826.029101
2019,GPS1,1141,7/31/2019,7,31,33,,Penstemon glaber,50,flow,15:00,Bombus bifarius,,38.87690599,-104.990896,2690.173584,8826.029101
2019,GPS2,A333,8/1/2019,8,1,2,,Geum rossii var. turbinatum,13,flow,10:40,Bombus huntii,,38.84284202,-105.03518,3960.72998,12994.52135
2019,GPS2,A338,8/1/2019,8,1,7,,Telesonix jamesii,10,clust,11:47,Bombus huntii,,38.84458898,-105.02752,3735.979492,12257.15096
2019,GPS2,A339,8/1/2019,8,1,8,,Penstemon whippleanus,48,flow,11:57,Bombus bifarius,,38.845182,-105.026476,3706.048828,12158.95324
2019,GPS2,A343,8/1/2019,8,1,21,,Rhodiola rhodantha,12,flow,13:46,Bombus sylvicola,,38.84199302,-105.026531,3617.25708,11867.64172
2019,GPS2,A340,8/1/2019,8,1,10,,Potentilla fruticosa,120,flow,12:26,Bombus melanopygus,,38.84532499,-105.026527,3705.656006,12157.66445
2019,GPS2,A341,8/1/2019,8,1,11,,Potentilla fruticosa,200,flow,12:39,Bombus bifarius,,38.84303698,-105.026947,3667.032227,12030.94601
2019,GPS2,A341,8/1/2019,8,1,12,,Potentilla fruticosa,200,flow,12:41,Bombus sylvicola,,38.84303698,-105.026947,3667.032227,12030.94601
2019,GPS2,A343,8/1/2019,8,1,13,,Rhodiola rhodantha,16,flow,13:03,Bombus bifarius,,38.84199302,-105.026531,3617.25708,11867.64172
2019,GPS2,A343,8/1/2019,8,1,14,,Rhodiola rhodantha,11,flow,13:07,Bombus bifarius,,38.84199302,-105.026531,3617.25708,11867.64172
2019,GPS2,A343,8/1/2019,8,1,15,,Mertensia ciliata,60,clust,13:13,Bombus melanopygus,,38.84199302,-105.026531,3617.25708,11867.64172
2019,GPS2,A343,8/1/2019,8,1,18,,Mertensia ciliata,100,clust,13:31,Bombus bifarius,,38.84199302,-105.026531,3617.25708,11867.64172
2019,GPS2,A343,8/1/2019,8,1,20,,Rhodiola rhodantha,7,flow,13:45,Bombus bifarius,,38.84199302,-105.026531,3617.25708,11867.64172
2019,GPS2,A340,8/1/2019,8,1,9,,Potentilla fruticosa,80,flow,12:23,Bombus sylvicola,,38.84532499,-105.026527,3705.656006,12157.66445
2019,GPS2,A343,8/1/2019,8,1,22,,Mertensia ciliata,125,clust,13:49,Bombus flavifrons,,38.84199302,-105.026531,3617.25708,11867.64172
2019,GPS2,A343,8/1/2019,8,1,23,,Rhodiola rhodantha,11,flow,13:51,Bombus bifarius,,38.84199302,-105.026531,3617.25708,11867.64172
2019,GPS2,A343,8/1/2019,8,1,24,,Rhodiola rhodantha,23,flow,13:52,Bombus bifarius,,38.84199302,-105.026531,3617.25708,11867.64172
2019,GPS2,A343,8/1/2019,8,1,25,,Rhodiola rhodantha,5,flow,13:53,Bombus bifarius,,38.84199302,-105.026531,3617.25708,11867.64172
2019,GPS2,A343,8/1/2019,8,1,26,,Rhodiola rhodantha,5,flow,13:54,Bombus bifarius,,38.84199302,-105.026531,3617.25708,11867.64172
2019,GPS2,A349,8/2/2019,8,2,8,,Allium cernuum,4,clust,10:20,Bombus centralis,,38.90290196,-104.990601,2681.76123,8798.429514
2019,GPS1,1145,8/2/2019,8,2,4,,Geranium caespitosum,40,flow,10:23,Bombus bifarius,,38.907438,-104.994364,2664.359131,8741.336011
2019,GPS1,1145,8/2/2019,8,2,5,,Geranium caespitosum,40,flow,10:50,Bombus sylvicola,,38.907438,-104.994364,2664.359131,8741.336011
2019,GPS1,1145,8/2/2019,8,2,12,,Geranium caespitosum,40,flow,12:00,Bombus bifarius,,38.907438,-104.994364,2664.359131,8741.336011
2019,GPS2,A361,8/4/2019,8,4,5,,Campanula rapunculoides,11,flow,18:07,Bombus sylvicola,,38.85635398,-104.927175,1990.271118,6529.761095
2019,GPS2,A361,8/4/2019,8,4,6,,Campanula rapunculoides,11,flow,18:08,Bombus sylvicola,,38.85635398,-104.927175,1990.271118,6529.761095
2019,GPS2,A364,8/4/2019,8,4,9,,Allium cernuum,3,clust,18:25,Bombus huntii,,38.85645398,-104.925899,2020.693115,6629.570799
2019,GPS2,A368,8/4/2019,8,4,14,,Campanula rapunculoides,6,flow,19:00,Bombus sylvicola,,38.85625801,-104.927107,2004.884644,6577.705735
2019,GPS2,A378,8/5/2019,8,5,2,,Allium cernuum,4,clust,9:05,Bombus centralis,,38.89180901,-104.973286,2478.900879,8132.87716
2019,GPS2,A380,8/5/2019,8,5,7,,Allium cernuum,8,clust,9:30,Bombus bifarius,,38.89188403,-104.973849,2496.776611,8191.524576
2019,GPS2,A380,8/5/2019,8,5,8,,Geranium caespitosum,3,flow,9:39,Bombus centralis,,38.89188403,-104.973849,2496.776611,8191.524576
2019,GPS2,A375,8/5/2019,8,5,1,,Allium cernuum,5,clust,8:51,Bombus centralis,,38.89292004,-104.97461,2430.425293,7973.836518
2019,GPS2,A380,8/5/2019,8,5,7,,Geranium caespitosum,2,flow,9:37,Bombus centralis,,38.89188403,-104.973849,2496.776611,8191.524576
2019,GPS2,A371,8/5/2019,8,5,,,Allium cernuum,5,clust,10:20,Bombus centralis,,38.89405402,-104.974796,2317.103027,7602.044295
2019,GPS2,A388,8/8/2019,8,8,7,,Allium cernuum,1,clust,7:46,Bombus centralis,,38.85819297,-104.934447,2077.336914,6815.410041
2019,GPS2,A398,8/8/2019,8,8,15,,Nepeta cataria,6,clust,8:39,Bombus centralis,,38.85989601,-104.935304,2112.571045,6931.007587
2019,GPS2,A400,8/8/2019,8,8,18,,Centaurea diffusa,10,flow,8:51,Bombus sylvicola,,38.85990397,-104.935247,2111.473145,6927.405553
2019,GPS2,A401,8/8/2019,8,8,20,,Nepeta cataria,50,clust,9:02,Bombus centralis,,38.85969803,-104.93472,2124.490234,6970.112539
2019,GPS2,A404,8/8/2019,8,8,21,,Linaria dalmatica subsp. dalmatica,10,flow,9:20,Bombus appositus,,38.85921598,-104.933247,2145.186279,7038.012952
2019,GPS2,A405,8/8/2019,8,8,22,,Linaria vulgaris,5,flow,9:25,Bombus pensylvanicus,,38.860053,-104.932573,2160.018555,7086.675276
2019,GPS2,A415,8/8/2019,8,8,29,,Allium cernuum,1,clust,10:36,Bombus centralis,,38.86236398,-104.93509,2168.770996,7115.390635
2019,GPS2,A420,8/8/2019,8,8,34,,Linaria dalmatica subsp. dalmatica,20,flow,10:56,Bombus appositus,,38.86227303,-104.933869,2151.050293,7057.251843
2019,GPS2,A422,8/8/2019,8,8,36,,Linaria vulgaris,400,clust,11:03,Bombus appositus,,38.86329303,-104.935282,2129.296631,6985.881559
2019,GPS2,A422,8/8/2019,8,8,37A,,Linaria vulgaris,400,clust,11:06,Bombus appositus,,38.86329303,-104.935282,2129.296631,6985.881559
2019,GPS2,A422,8/8/2019,8,8,37B,,Linaria vulgaris,400,clust,11:06,Bombus appositus,,38.86329303,-104.935282,2129.296631,6985.881559
2019,GPS2,A422,8/8/2019,8,8,38,,Linaria vulgaris,400,clust,11:11,Bombus bifarius,,38.86329303,-104.935282,2129.296631,6985.881559
2019,GPS2,A427,8/8/2019,8,8,,,Centaurea diffusa,60,flow,11:26,Bombus occidentalis,,38.86395503,-104.935251,2119.711182,6954.433234
2019,GPS2,A427,8/8/2019,8,8,39,,Centaurea diffusa,60,flow,11:28,Bombus sylvicola,,38.86395503,-104.935251,2119.711182,6954.433234
2019,GPS2,A431,8/8/2019,8,8,43,,Trifolium pratense,25,flow,11:48,Bombus centralis,,38.86410297,-104.934897,2109.601807,6921.265992
2019,GPS2,A432,8/8/2019,8,8,44,,Allium cernuum,4,clust,11:55,Bombus flavifrons,,38.86103997,-104.931233,2053.513184,6737.248195
2019,GPS1,1146,8/21/2019,8,21,1,,Allium cernuum,2,clust,11:03,Bombus centralis,,38.90420099,-104.992436,2649.14624,8691.42495
2019,GPS1,1147,8/21/2019,8,21,2,,Solidago multiradiata var. scopulorum,1,clust,11:05,Bombus bifarius,,38.90422496,-104.992478,2653.509766,8705.740981
2019,GPS1,1151,8/21/2019,8,21,3,,Allium cernuum,1,clust,11:14,Bombus bifarius,,38.90586102,-104.993802,2652.522217,8702.50099
2019,GPS1,1161,8/21/2019,8,21,8,A,Potentilla fruticosa,25,flow,11:50,Bombus rufocinctus,,38.90560697,-104.993541,2659.467529,8725.287448
2019,GPS2,A437,8/22/2019,8,22,5,,Oreochrysum parryi,1,clust,8:10,Bombus sylvicola,,38.85598602,-104.933743,2035,6676.5094
2019,GPS2,A437,8/22/2019,8,22,6,,Oreochrysum parryi,2,clust,8:12,Bombus sylvicola,,38.85598602,-104.933743,2035,6676.5094
2019,GPS2,A437,8/22/2019,8,22,7,,Oreochrysum parryi,10,clust,8:15,Bombus bifarius,,38.85598602,-104.933743,2035,6676.5094
2019,GPS2,A437,8/22/2019,8,22,8,,Oreochrysum parryi,15,clust,8:16,Bombus bifarius,,38.85598602,-104.933743,2035,6676.5094
2019,GPS2,A437,8/22/2019,8,22,9,,Oreochrysum parryi,30,clust,8:19,Bombus bifarius,,38.85598602,-104.933743,2035,6676.5094
2019,GPS2,A437,8/22/2019,8,22,10,,Oreochrysum parryi,5,clust,8:23,Bombus bifarius,,38.85598602,-104.933743,2035,6676.5094
2019,GPS2,A437,8/22/2019,8,22,11,,Oreochrysum parryi,17,clust,8:25,Bombus bifarius,,38.85598602,-104.933743,2035,6676.5094
2019,GPS2,A439,8/22/2019,8,22,12,,Oreochrysum parryi,3,clust,9:03,Bombus sylvicola,,38.84946297,-105.017062,3310.703125,10861.88724
2019,GPS2,A440,8/22/2019,8,22,14,,Oreochrysum parryi,4,clust,9:15,Bombus melanopygus,,38.84749096,-105.017474,3336,10944.88224
2019,GPS2,A442,8/22/2019,8,22,16,,Rhodiola rhodantha,15,clust,10:47,Bombus bifarius,,38.84202302,-105.026555,3617.398438,11868.10549
2019,GPS2,A442,8/22/2019,8,22,15,,Swertia perennis,5,flow,10:47,Bombus bifarius,,38.84202302,-105.026555,3617.398438,11868.10549
2019,GPS2,A442,8/22/2019,8,22,18,,Rhodiola rhodantha,23,clust,10:51,Bombus bifarius,,38.84202302,-105.026555,3617.398438,11868.10549
2019,GPS2,A442,8/22/2019,8,22,19,,Rhodiola rhodantha,23,clust,10:52,Bombus bifarius,,38.84202302,-105.026555,3617.398438,11868.10549
2019,GPS2,A442,8/22/2019,8,22,20,,Potentilla fruticosa,95,flow,10:57,Bombus sylvicola,,38.84202302,-105.026555,3617.398438,11868.10549
2019,GPS2,A442,8/22/2019,8,22,21,,Rhodiola rhodantha,19,clust,11:00,Bombus bifarius,,38.84202302,-105.026555,3617.398438,11868.10549
2019,GPS2,A442,8/22/2019,8,22,22,,Potentilla fruticosa,95,flow,11:02,Bombus bifarius,,38.84202302,-105.026555,3617.398438,11868.10549
2019,GPS2,A442,8/22/2019,8,22,23,,Mertensia ciliata,60,clust,11:14,Bombus bifarius,,38.84202302,-105.026555,3617.398438,11868.10549
2019,GPS2,A442,8/22/2019,8,22,25,,Mertensia ciliata,40,clust,11:23,Bombus sylvicola,,38.84202302,-105.026555,3617.398438,11868.10549
2019,GPS2,A442,8/22/2019,8,22,26,,Rhodiola rhodantha,10,clust,11:24,Bombus bifarius,,38.84202302,-105.026555,3617.398438,11868.10549
2019,GPS2,A444,8/22/2019,8,22,27,,Geum rossii var. turbinatum,45,flow,13:33,Bombus bifarius,,38.838783,-105.038224,4095.564941,13436.89328
2019,GPS1,1180,8/23/2019,8,23,7,B,Solidago simplex var. simplex,59,flow,8:32,Bombus sylvicola,,38.85539602,-104.942832,2406.845947,7896.476457
2019,GPS2,A449,8/23/2019,8,23,6,,Oreochrysum parryi,10,clust,8:10,Bombus bifarius,,38.846678,-105.003332,3053.41333,10017.76059
2019,GPS2,A449,8/23/2019,8,23,5,,Oreochrysum parryi,5,clust,8:10,Bombus melanopygus,,38.846678,-105.003332,3053.41333,10017.76059
2019,GPS1,1199,8/23/2019,8,23,23,A,Solidago multiradiata var. scopulorum,6,clust,10:21,Bombus sylvicola,,38.85679797,-104.957895,2659.09082,8724.051526
2019,GPS2,A459,8/23/2019,8,23,20,,Symphyotrichum foliaceum,120,flow,9:56,Bombus sylvicola,,38.855853,-104.961184,2729.919678,8956.429676
2019,GPS2,A456,8/23/2019,8,23,15,,Oreochrysum parryi,11,clust,9:41,Bombus sylvicola,,38.85459303,-104.96351,2757.656494,9047.429732
2019,GPS2,A452,8/23/2019,8,23,8,,Oreochrysum parryi,12,clust,8:36,Bombus sylvicola,,38.84897598,-104.990708,2932.039551,9619.552641
2019,GPS2,A453,8/23/2019,8,23,11,,Oreochrysum parryi,2,clust,8:49,Bombus melanopygus,,38.849469,-104.986413,2916.834473,9569.667212
2019,GPS2,A455,8/23/2019,8,23,13,,Oreochrysum parryi,7,clust,9:19,Bombus insularis,,38.85452304,-104.963664,2768.164795,9081.905786
2019,GPS2,A455,8/23/2019,8,23,14,,Oreochrysum parryi,3,clust,9:25,Bombus bifarius,,38.85452304,-104.963664,2768.164795,9081.905786
2019,GPS2,A452,8/23/2019,8,23,9,,Oreochrysum parryi,3,clust,8:37,Bombus sylvicola,,38.84897598,-104.990708,2932.039551,9619.552641
2019,GPS2,A458,8/23/2019,8,23,18,,Oreochrysum parryi,1,clust,9:51,Bombus bifarius,,38.85595702,-104.961344,2730.662598,8958.867078
2019,GPS2,A459,8/23/2019,8,23,19,,Allium cernuum,1,clust,9:55,Bombus bifarius,,38.855853,-104.961184,2729.919678,8956.429676
2019,GPS2,A452,8/23/2019,8,23,12,,Oreochrysum parryi,12,clust,8:40,Bombus sylvicola,,38.84897598,-104.990708,2932.039551,9619.552641
2019,GPS2,A459,8/23/2019,8,23,21,,Symphyotrichum foliaceum,120,flow,9:58,Bombus bifarius,,38.855853,-104.961184,2729.919678,8956.429676
2019,GPS2,A460,8/23/2019,8,23,24,,Symphyotrichum foliaceum,39,flow,10:04,Bombus insularis,,38.856127,-104.960842,2719.532227,8922.350112
2019,GPS2,A461,8/23/2019,8,23,25,,Symphyotrichum foliaceum,12,flow,10:07,Bombus bifarius,,38.856084,-104.960717,2715.23999,8908.267969
2019,GPS1,1180,8/23/2019,8,23,7,A,Solidago simplex var. simplex,59,flow,8:32,Bombus insularis,,38.85539602,-104.942832,2406.845947,7896.476457
2019,GPS2,A450,8/23/2019,8,23,7,,Oreochrysum parryi,2,clust,8:13,Bombus sylvicola,,38.84700196,-105.002976,3059.669678,10038.28667
2019,GPS1,1189,8/23/2019,8,23,14,A,Dieteria bigelovii,15,flow,9:40,Bombus bifarius,,38.85640302,-104.953714,2622.599854,8604.330505
2019,GPS1,1193,8/23/2019,8,23,17,A,Solidago multiradiata var. scopulorum,1,clust,9:58,Bombus centralis,,38.85645004,-104.957106,2646.416992,8682.470724
2019,GPS1,1194,8/23/2019,8,23,18a,,Allium cernuum,2,clust,10:00,Bombus centralis,,38.85637896,-104.957215,2648.569336,8689.53222
2019,GPS1,1198,8/23/2019,8,23,22,,Erigeron speciosus,10,flow,10:19,Bombus insularis,,38.85664802,-104.957741,2659.719727,8726.114869
2019,GPS2,A448,8/23/2019,8,23,4,,Oreochrysum parryi,3,clust,8:04,Bombus sylvicola,,38.84658697,-105.004467,3063.98999,10052.46092
2020,GPS1,1257,5/21/2020,5,21,6,,Penstemon secundiflorus,12,clust,11:06,Bombus centralis,,38.853351,-104.93823,2141.61084,7026.282508
2020,GPS2,512,5/21/2020,5,21,9,,Penstemon virens,12,clust,12:26,Bombus centralis,,38.85526199,-104.940077,2249.985107,7381.841138
2020,GPS1,1313,5/22/2020,5,22,8,,Mertensia lanceolata,20,clust,11:50,Bombus nevadensis,,38.890466,-104.97715,2630.65918,8630.771864
2020,GPS2,546,5/22/2020,5,22,7,,Antennaria rosea,3,flow,11:41,Bombus bifarius,,38.89075499,-104.976832,2606.960205,8553.019319
2020,GPS2,546,5/22/2020,5,22,10 (vial 9 DNE),,Mertensia lanceolata,40,flow,12:00,Bombus appositus,,38.89075499,-104.976832,2606.960205,8553.019319
2020,GPS3,223,5/26/2020,5,26,13,,Penstemon virens,105,flow,13:16,Bombus centralis,,38.85456998,-104.943949,2445.848389,8024.437229
2020,GPS1,1439,5/27/2020,5,27,7,,Mertensia lanceolata,200,flow,12:58,Bombus huntii,,38.893001,-104.97433,2431.05566,7975.904652
2020,GPS1,1472,5/28/2020,5,28,14,,Penstemon virens,35,flow,11:35,Bombus huntii,,38.85497,-104.94447,2457.46558,8062.551373
2020,GPS2,683,5/29/2020,5,29,14,,Mertensia lanceolata,100,flow,10:46,Bombus huntii,,38.89185796,-104.974167,2511.362549,8239.378705
2020,GPS2,683,5/29/2020,5,29,15,,Mertensia lanceolata,100,flow,11:09,Bombus bifarius,,38.89185796,-104.974167,2511.362549,8239.378705
2020,GPS2,683,5/29/2020,5,29,16,,Mertensia lanceolata,100,flow,11:14,Bombus bifarius,,38.89185796,-104.974167,2511.362549,8239.378705
2020,GPS2,683,5/29/2020,5,29,19,,Mertensia lanceolata,23,flow,11:44,Bombus nevadensis,,38.89185796,-104.974167,2511.362549,8239.378705
2020,GPS1,1531,6/1/2020,6,1,14,,Penstemon secundiflorus,125,flow,11:14,Bombus flavifrons,,38.868567,-104.94296,2204.68921,7233.232548
2020,GPS3,337,6/1/2020,6,1,2,,Linaria dalmatica subsp. dalmatica,3,flow,8:55,Bombus centralis,,38.86066698,-104.933286,2184.612305,7167.363435
2020,GPS3,364,6/1/2020,6,1,15,,Penstemon secundiflorus,125,flow,11:40,Bombus rufocinctus,,38.86851403,-104.943084,2203.224854,7228.42823
2020,GPS2,700,6/1/2020,6,1,5,,Linaria dalmatica subsp. dalmatica,20,flow,9:12,Bombus centralis,,38.86179501,-104.935545,2206.312012,7238.556701
2020,GPS2,712,6/1/2020,6,1,16,,Oxytropis sericea var. sericea,200,flow,11:17,Bombus nevadensis,,38.86967903,-104.942671,2207.164795,7241.354546
2020,GPS1,1559,6/2/2020,6,2,12,,Corydalis aurea subsp. aurea,200,clust,11:32,Bombus nevadensis,,38.888559,-104.98205,2783.52856,9132.311841
2020,GPS1,1559,6/2/2020,6,2,13,,Corydalis aurea subsp. aurea,200,clust,11:34,Bombus bifarius,,38.888559,-104.98205,2783.52856,9132.311841
2020,GPS3,400,6/2/2020,6,2,7,,Mertensia lanceolata,103,flow,11:05,Bombus centralis,,38.88831703,-104.980719,2756.859375,9044.814512
2020,GPS2,726,6/2/2020,6,2,5,,Mertensia lanceolata,500,flow,9:27,Bombus huntii,,38.89037102,-104.977347,2635.725098,8647.392331
2020,GPS2,747,6/2/2020,6,2,13,,Packera werneriifolia,400,flow,12:00,Bombus bifarius,,38.88888901,-104.984395,2835.041992,9301.319169
2020,GPS1,1623,6/4/2020,6,4,10,,Penstemon virens,30,clust,10:20,Bombus huntii,,38.855407,-104.9429,2409.42603,7904.941296
2020,GPS1,1624,6/4/2020,6,4,11,,Penstemon virens,50,clust,10:32,Bombus griseocollis,,38.855017,-104.94447,2458.23315,8065.069648
2020,GPS1,1633,6/4/2020,6,4,14,,Iris missouriensis,6,flow,12:08,Bombus appositus,,38.857075,-104.95966,2674.44824,8774.436764
2020,GPS3,477,6/4/2020,6,4,15,,Penstemon virens,36,flow,10:11,Bombus flavifrons,,38.85682899,-104.942715,2386.236084,7828.858794
2020,GPS3,483,6/4/2020,6,4,19,,Penstemon virens,24,flow,10:49,Bombus rufocinctus,,38.85551202,-104.946186,2505.7146,8220.848688
2020,GPS4,59,6/4/2020,6,4,18,,Penstemon virens,20,clust,13:30,Bombus rufocinctus,,38.85444098,-104.942754,2410.665527,7909.007888
2020,GPS2,800,6/4/2020,6,4,16,,Penstemon virens,150,flow,10:36,Bombus centralis,,38.85477198,-104.945728,2473.159424,8114.040365
2020,GPS2,800,6/4/2020,6,4,18,,Penstemon virens,150,flow,10:43,Bombus bifarius,,38.85477198,-104.945728,2473.159424,8114.040365
2020,GPS2,819,6/8/2020,6,8,7,,Asclepias asperula subsp. asperula,75,flow,18:22,Bombus griseocollis,,38.860613,-104.933258,2186.302734,7172.909462
2020,GPS1,1660,6/10/2020,6,10,12,,Corydalis aurea subsp. aurea,60,clust,12:52,Bombus centralis,,38.884915,-104.98671,2797.42554,9177.905609
2020,GPS3,512,6/10/2020,6,10,8,,Rubus deliciosus,92,flow,10:30,Bombus huntii,,38.88907802,-104.978215,2712.82251,8900.336604
2020,GPS3,533,6/10/2020,6,10,18,,Pedicularis canadensis subsp. fluviatilis,37,clust,12:45,Bombus flavifrons,,38.88561001,-104.986788,2805.685303,9205.004569
2020,GPS2,827,6/10/2020,6,10,4,,Penstemon virens,212,flow,10:33,Bombus bifarius,,38.88858701,-104.983157,2812.341797,9226.843461
2020,GPS2,827,6/10/2020,6,10,5,,Penstemon virens,212,flow,10:37,Bombus centralis,,38.88858701,-104.983157,2812.341797,9226.843461
2020,GPS2,832,6/10/2020,6,10,12,,Pedicularis canadensis subsp. fluviatilis,15,clust,12:46,Bombus flavifrons,,38.88570799,-104.986693,2819.307617,9249.697202
2020,GPS2,833,6/10/2020,6,10,13,,Pedicularis canadensis subsp. fluviatilis,50,clust,12:50,Bombus appositus,,38.88537398,-104.986715,2817.590088,9244.062264
2020,GPS1,1678,6/11/2020,6,11,7,,Taraxacum officinale,100,flow,10:53,Bombus bifarius,,38.877592,-104.97773,2637.85547,8654.38174
2020,GPS1,1678,6/11/2020,6,11,9,,Valeriana acutiloba,45,clust,11:47,Bombus bifarius,,38.877592,-104.97773,2637.85547,8654.38174
2020,GPS3,587,6/11/2020,6,11,21,,Penstemon virens,23,flow,14:33,Bombus centralis,,38.86036799,-104.964181,2742.667725,8998.253979
2020,GPS4,69,6/11/2020,6,11,4,,Pedicularis canadensis subsp. fluviatilis,35,clust,10:06,Bombus bifarius,,38.87639402,-104.981985,2658.684082,8722.717084
2020,GPS4,76,6/11/2020,6,11,10,,Iris missouriensis,6,flow,10:36,Bombus rufocinctus,,38.87801601,-104.978028,2633.937744,8641.528308
2020,GPS4,78,6/11/2020,6,11,12,,Valeriana acutiloba,10,clust,10:53,Bombus bifarius,,38.87763999,-104.97784,2635.73584,8647.427573
2020,GPS4,125,6/11/2020,6,11,,,Asclepias asperula subsp. asperula,1,clust,18:48,Bombus nevadensis,,38.8606,-104.933268,2183.38501,7163.336876
2020,GPS4,126,6/11/2020,6,11,34,,Linaria dalmatica subsp. dalmatica,1,clust,19:12,Bombus centralis,,38.865201,-104.936115,2120.493408,6956.999593
2020,GPS2,836,6/11/2020,6,11,1,,Pedicularis canadensis subsp. fluviatilis,20,clust,8:59,Bombus flavifrons,,38.88575602,-104.986663,2816.486572,9240.441805
2020,GPS2,854,6/11/2020,6,11,9,,Taraxacum officinale,30,flow,11:03,Bombus bifarius,,38.87750798,-104.977579,2646.229004,8681.853965
2020,GPS2,872,6/11/2020,6,11,16,,Valeriana acutiloba,10,clust,13:20,Bombus insularis,,38.87180996,-104.970449,2602.910156,8539.731756
2020,GPS2,878,6/11/2020,6,11,21,,Pedicularis canadensis subsp. fluviatilis,5,clust,14:12,Bombus bifarius,,38.86487301,-104.968506,2684.73999,8808.202349
2020,GPS1,1738,6/16/2020,6,16,2,,Rubus deliciosus,140,flow,9:45,Bombus melanopygus,,38.856084,-104.95917,2693.95386,8838.431582
2020,GPS1,1785,6/22/2020,6,22,3,,Rosa acicularis subsp. sayi,8,flow,9:33,Bombus rufocinctus,,38.873308,-104.94559,2223.14233,7293.77428
2020,GPS3,668,6/22/2020,6,22,2,,Penstemon virens,500,flow,9:27,Bombus centralis,,38.87424298,-104.946251,2224.636963,7298.677934
2020,GPS2,976,6/22/2020,6,22,9,,Oxytropis lambertii,3,clust,10:36,Bombus griseocollis,,38.87248697,-104.943785,2235.623779,7334.723919
2020,GPS2,1013,6/23/2020,6,23,12,,Mertensia ciliata,40,flow,10:39,Bombus bifarius,,38.85666604,-104.958098,2660.918945,8730.049312
2020,GPS2,1017,6/23/2020,6,23,23,,Rosa acicularis subsp. sayi,10,flow,11:40,Bombus bifarius,,38.85682798,-104.95799,2677.996826,8786.079107
2020,GPS1,1863,6/24/2020,6,24,14,B,Mertensia ciliata,16,flow,12:47,Bombus flavifrons,,38.842031,-105.0265,3609.50806,11842.21842
2020,GPS3,756,6/24/2020,6,24,9,,Silene acaulis,26,flow,9:55,Bombus insularis,,38.84031404,-105.039647,4132.012207,13556.47093
2020,GPS3,783,6/24/2020,6,24,20,C,Mertensia ciliata,103,flow,12:35,Bombus mixtus,,38.842048,-105.026697,3626.394043,11897.61863
2020,GPS3,787,6/24/2020,6,24,23,,Mertensia ciliata,96,flow,12:47,Bombus flavifrons,,38.84200098,-105.026865,3624.935059,11892.83194
2020,GPS3,790,6/24/2020,6,24,25,,Rosa acicularis subsp. sayi,7,flow,15:15,Bombus bifarius,,38.85683804,-104.958033,2664.224609,8740.894666
2020,GPS1,1879,6/25/2020,6,25,28,,Penstemon glaber,19,flow,11:44,Bombus bifarius,,38.856076,-104.9606,2728.2251,8950.870037
2020,GPS2,1055,6/25/2020,6,25,11,,Rosa acicularis subsp. sayi,1,flow,10:18,Bombus rufocinctus,,38.85628198,-104.958486,2694.138672,8839.037921
2020,GPS2,1055,6/25/2020,6,25,11,,Rubus idaeus var. strigosus,6,flow,10:18,Bombus rufocinctus,,38.85628198,-104.958486,2694.138672,8839.037921
2020,GPS2,1055,6/25/2020,6,25,13,,Rubus idaeus var. strigosus,6,flow,10:28,Bombus centralis,,38.85628198,-104.958486,2694.138672,8839.037921
2020,GPS2,1060,6/25/2020,6,25,29,,Opuntia polyacantha var. polyacantha,1,flow,13:45,Bombus flavifrons,,38.85378401,-104.936602,2102.911377,6899.315762
2020,GPS3,839,6/29/2020,6,29,9,,Potentilla fissa,7,flow,10:15,Bombus bifarius,,38.888686,-104.983411,2808.382568,9213.853864
2020,GPS2,1074,6/29/2020,6,29,26,,Jamesia americana var. americana,60,clust,11:23,Bombus centralis,,38.88913502,-104.983867,2828.045654,9278.365303
2020,GPS1,1923,6/30/2020,6,30,18,,Mertensia ciliata,120,flow,10:30,Bombus centralis,,38.90394,-104.99237,2636.84082,8651.052836
2020,GPS3,850,6/30/2020,6,30,2,,Rubus deliciosus,59,flow,8:45,Bombus bifarius,,38.90885202,-105.01567,2748.482178,9017.330269
2020,GPS3,850,6/30/2020,6,30,5,A,Rubus deliciosus,59,flow,8:50,Bombus centralis,,38.90885202,-105.01567,2748.482178,9017.330269
2020,GPS3,864,6/30/2020,6,30,18,,Asclepias viridiflora,2,clust,11:25,Bombus griseocollis,,38.85673704,-104.932512,2023.337769,6638.247486
2020,GPS2,1093,6/30/2020,6,30,11,,Rosa acicularis subsp. sayi,8,flow,10:44,Bombus centralis,,38.90436804,-104.992582,2643.726074,8673.642253
2020,GPS1,1961,7/1/2020,7,1,7,,Mertensia ciliata,130,flow,12:23,Bombus nevadensis,,38.842,-105.02656,3620.77246,11879.17512
2020,GPS1,1961,7/1/2020,7,1,11,,Mertensia ciliata,180,flow,12:44,Bombus flavifrons,,38.842,-105.02656,3620.77246,11879.17512
2020,GPS1,1961,7/1/2020,7,1,12,D,Mertensia ciliata,250,flow,12:45,Bombus flavifrons,,38.842,-105.02656,3620.77246,11879.17512
2020,GPS3,902,7/1/2020,7,1,21,,Mertensia ciliata,100,flow,12:25,Bombus flavifrons,,38.84200701,-105.026702,3621.724854,11882.29977
2020,GPS3,902,7/1/2020,7,1,22,,Mertensia ciliata,100,flow,12:28,Bombus bifarius,,38.84200701,-105.026702,3621.724854,11882.29977
2020,GPS3,902,7/1/2020,7,1,23,B,Mertensia ciliata,100,flow,12:33,Bombus flavifrons,,38.84200701,-105.026702,3621.724854,11882.29977
2020,GPS3,902,7/1/2020,7,1,25,,Mertensia ciliata,100,flow,12:43,Bombus flavifrons,,38.84200701,-105.026702,3621.724854,11882.29977
2020,GPS3,902,7/1/2020,7,1,26,,Mertensia ciliata,100,flow,12:44,Bombus insularis,,38.84200701,-105.026702,3621.724854,11882.29977
2020,GPS2,1125,7/1/2020,7,1,15,,Mertensia lanceolata,600,flow,12:25,Bombus appositus,,38.842047,-105.026837,3623.940186,11889.56792
2020,GPS2,1125,7/1/2020,7,1,17,,Mertensia lanceolata,600,flow,12:33,Bombus melanopygus,,38.842047,-105.026837,3623.940186,11889.56792
2020,GPS3,913,7/2/2020,7,2,38,,Geranium caespitosum,25,flow,13:17,Bombus centralis,,38.85639396,-104.957312,2647.212646,8685.081138
2020,GPS2,1138,7/2/2020,7,2,12,B,Rubus idaeus var. strigosus,100,flow,10:09,Bombus bifarius,,38.85579097,-104.960604,2709.517822,8889.494451
2020,GPS1,1972,7/3/2020,7,3,29,,Penstemon glaber,150,flow,9:47,Bombus rufocinctus,,38.888792,-104.98461,2851.74805,9356.129072
2020,GPS3,926,7/3/2020,7,3,4,B,Geranium caespitosum,50,flow,8:08,Bombus centralis,,38.88888499,-104.978215,2713.120605,8901.314606
2020,GPS2,1144,7/3/2020,7,3,1,,Chamerion angustifolium,12,flow,7:20,Bombus centralis,,38.88873403,-104.979293,2744.387939,9003.897726
2020,GPS2,1146,7/3/2020,7,3,2,,Penstemon glaber,75,flow,7:54,Bombus appositus,,38.88906101,-104.984134,2833.192871,9295.252499
2020,GPS2,1145,7/3/2020,7,3,14,,Penstemon glaber,153,flow,8:35,Bombus rufocinctus,,38.88906201,-104.984077,2835.673096,9303.38972
2020,GPS2,1145,7/3/2020,7,3,19,,Penstemon glaber,153,flow,8:47,Bombus rufocinctus,,38.88906201,-104.984077,2835.673096,9303.38972
2020,GPS2,1145,7/3/2020,7,3,22,,Penstemon glaber,153,flow,8:59,Bombus rufocinctus,,38.88906201,-104.984077,2835.673096,9303.38972
2020,GPS2,1145,7/3/2020,7,3,35,A,Penstemon glaber,153,flow,9:59,Bombus appositus,,38.88906201,-104.984077,2835.673096,9303.38972
2020,GPS1,1994,7/6/2020,7,6,13,,Sedum lanceolatum var. lanceolatum,32,clust,10:43,Bombus bifarius,,38.910745,-105.00023,2719.30933,8921.618822
2020,GPS1,1994,7/6/2020,7,6,15,,Sedum lanceolatum var. lanceolatum,46,clust,10:47,Bombus centralis,,38.910745,-105.00023,2719.30933,8921.618822
2020,GPS1,1998,7/6/2020,7,6,18,,Mertensia ciliata,95,clust,12:24,Bombus flavifrons,,38.905006,-104.99351,2646.2981,8682.080658
2020,GPS1,2000,7/6/2020,7,6,19,,Mertensia ciliata,200,clust,12:38,Bombus flavifrons,,38.904843,-104.99332,2646.63916,8683.199622
2020,GPS1,6,7/6/2020,7,6,23,,Mertensia ciliata,79,flow,13:19,Bombus californicus,,38.904317,-104.9929,2646.88281,8683.998998
2020,GPS1,6,7/6/2020,7,6,24,,Mertensia ciliata,79,flow,13:20,Bombus centralis,,38.904317,-104.9929,2646.88281,8683.998998
2020,GPS1,8,7/6/2020,7,6,25,,Hydrophyllum fendleri var. fendleri,1,clust,13:28,Bombus rufocinctus,,38.90424,-104.99273,2651.58228,8699.417208
2020,GPS1,9,7/6/2020,7,6,27,,Mertensia ciliata,200,flow,13:36,Bombus centralis,,38.904137,-104.99259,2641.96729,8667.871964
2020,GPS3,937,7/6/2020,7,6,4,,Mertensia ciliata,200,flow,9:03,Bombus flavifrons,,38.90556003,-104.994006,2646.841064,8683.862036
2020,GPS3,944,7/6/2020,7,6,8,,Geranium caespitosum,5,flow,9:50,Bombus rufocinctus,,38.90975098,-104.997072,2688.906738,8821.872782
2020,GPS3,961,7/6/2020,7,6,17,,Rubus idaeus var. strigosus,100,flow,11:54,Bombus centralis,,38.90233702,-104.992462,2608.167725,8556.980999
2020,GPS3,961,7/6/2020,7,6,18,,Rubus idaeus var. strigosus,100,flow,11:58,Bombus centralis,,38.90233702,-104.992462,2608.167725,8556.980999
2020,GPS3,961,7/6/2020,7,6,24,,Rubus idaeus var. strigosus,100,flow,12:20,Bombus flavifrons,,38.90233702,-104.992462,2608.167725,8556.980999
2020,GPS3,961,7/6/2020,7,6,25,,Rubus idaeus var. strigosus,100,flow,12:27,Bombus bifarius,,38.90233702,-104.992462,2608.167725,8556.980999
2020,GPS3,961,7/6/2020,7,6,29,,Rubus idaeus var. strigosus,100,flow,12:48,Bombus centralis,,38.90233702,-104.992462,2608.167725,8556.980999
2020,GPS3,961,7/6/2020,7,6,30,,Rubus idaeus var. strigosus,100,flow,12:53,Bombus bifarius,,38.90233702,-104.992462,2608.167725,8556.980999
2020,GPS3,961,7/6/2020,7,6,32,,Rubus idaeus var. strigosus,100,flow,13:02,Bombus bifarius,,38.90233702,-104.992462,2608.167725,8556.980999
2020,GPS3,961,7/6/2020,7,6,33,,Rubus idaeus var. strigosus,100,flow,13:10,Bombus rufocinctus,,38.90233702,-104.992462,2608.167725,8556.980999
2020,GPS3,961,7/6/2020,7,6,37,,Rubus idaeus var. strigosus,100,flow,13:23,Bombus centralis,,38.90233702,-104.992462,2608.167725,8556.980999
2020,GPS3,961,7/6/2020,7,6,38,,Rubus idaeus var. strigosus,100,flow,13:29,Bombus centralis,,38.90233702,-104.992462,2608.167725,8556.980999
2020,GPS3,961,7/6/2020,7,6,41,A,Rubus idaeus var. strigosus,100,flow,13:43,Bombus centralis,,38.90233702,-104.992462,2608.167725,8556.980999
2020,GPS2,1171,7/6/2020,7,6,3,,Geranium caespitosum,2,flow,9:29,Bombus centralis,,38.90912502,-104.995386,2684.088867,8806.066118
2020,GPS2,1171,7/6/2020,7,6,4,,Geranium caespitosum,2,flow,9:30,Bombus centralis,,38.90912502,-104.995386,2684.088867,8806.066118
2020,GPS2,1189,7/6/2020,7,6,19,,Rubus idaeus var. strigosus,100,flow,11:53,Bombus centralis,,38.90225898,-104.992427,2623.441895,8607.093107
2020,GPS2,1189,7/6/2020,7,6,23,,Rubus idaeus var. strigosus,100,flow,12:26,Bombus centralis,,38.90225898,-104.992427,2623.441895,8607.093107
2020,GPS2,1189,7/6/2020,7,6,24,,Rubus idaeus var. strigosus,100,flow,12:29,Bombus bifarius,,38.90225898,-104.992427,2623.441895,8607.093107
2020,GPS2,1189,7/6/2020,7,6,26,,Rubus idaeus var. strigosus,100,flow,12:34,Bombus centralis,,38.90225898,-104.992427,2623.441895,8607.093107
2020,GPS2,1189,7/6/2020,7,6,29,A,Rubus idaeus var. strigosus,100,flow,12:44,Bombus centralis,,38.90225898,-104.992427,2623.441895,8607.093107
2020,GPS2,1189,7/6/2020,7,6,29,C,Rubus idaeus var. strigosus,100,flow,12:46,Bombus bifarius,,38.90225898,-104.992427,2623.441895,8607.093107
2020,GPS2,1189,7/6/2020,7,6,31,,Rubus idaeus var. strigosus,100,flow,12:47,Bombus bifarius,,38.90225898,-104.992427,2623.441895,8607.093107
2020,GPS2,1189,7/6/2020,7,6,30,,Geranium richardsonii,5,flow,12:49,Bombus bifarius,,38.90225898,-104.992427,2623.441895,8607.093107
2020,GPS2,1189,7/6/2020,7,6,32,A,Rubus idaeus var. strigosus,100,flow,12:52,Bombus centralis,,38.90225898,-104.992427,2623.441895,8607.093107
2020,GPS2,1189,7/6/2020,7,6,32,B,Rubus idaeus var. strigosus,100,flow,12:56,Bombus centralis,,38.90225898,-104.992427,2623.441895,8607.093107
2020,GPS2,1189,7/6/2020,7,6,37,,Rubus idaeus var. strigosus,100,flow,13:17,Bombus centralis,,38.90225898,-104.992427,2623.441895,8607.093107
2020,GPS2,1189,7/6/2020,7,6,38,,Rubus idaeus var. strigosus,100,flow,13:22,Bombus bifarius,,38.90225898,-104.992427,2623.441895,8607.093107
2020,GPS2,1189,7/6/2020,7,6,43,,Rubus idaeus var. strigosus,100,flow,13:42,Bombus centralis,,38.90225898,-104.992427,2623.441895,8607.093107
2020,GPS2,1189,7/6/2020,7,6,44,A,Rubus idaeus var. strigosus,100,flow,13:46,Bombus frigidus,f,38.90225898,-104.992427,2623.441895,8607.093107
2020,GPS2,1189,7/6/2020,7,6,45,,Rubus idaeus var. strigosus,100,flow,13:50,Bombus centralis,,38.90225898,-104.992427,2623.441895,8607.093107
2020,GPS1,42,7/7/2020,7,7,9,,Senecio bigelovii var. hallii,52,flow,12:33,Bombus bifarius,,38.889707,-104.97826,2692.50488,8833.67771
2020,GPS1,44,7/7/2020,7,7,11,,Chamerion angustifolium,72,flow,14:12,Bombus centralis,,38.888733,-104.97811,2720.95435,8927.01587
2020,GPS1,44,7/7/2020,7,7,12,,Chamerion angustifolium,72,flow,14:18,Bombus centralis,,38.888733,-104.97811,2720.95435,8927.01587
2020,GPS1,44,7/7/2020,7,7,13,,Chamerion angustifolium,72,flow,14:29,Bombus mixtus,,38.888733,-104.97811,2720.95435,8927.01587
2020,GPS1,44,7/7/2020,7,7,14,,Chamerion angustifolium,72,flow,14:41,Bombus centralis,,38.888733,-104.97811,2720.95435,8927.01587
2020,GPS1,44,7/7/2020,7,7,16,,Senecio bigelovii var. hallii,35,flow,15:25,Bombus mixtus,,38.888733,-104.97811,2720.95435,8927.01587
2020,GPS3,977,7/7/2020,7,7,5,,Senecio bigelovii var. hallii,7,flow,11:13,Bombus centralis,,38.892512,-104.973008,2455.448486,8055.933611
2020,GPS3,981,7/7/2020,7,7,7,,Senecio bigelovii var. hallii,26,flow,11:33,Bombus centralis,,38.89156703,-104.974374,2521.712158,8273.334116
2020,GPS3,989,7/7/2020,7,7,12,A,Sedum lanceolatum var. lanceolatum,12,clust,12:11,Bombus centralis,,38.89044603,-104.977133,2629.758301,8627.816224
2020,GPS3,994,7/7/2020,7,7,18,,Penstemon glaber,150,flow,13:50,Bombus appositus,,38.88889999,-104.984217,2831.511719,9289.736908
2020,GPS3,994,7/7/2020,7,7,29,,Penstemon glaber,150,flow,14:20,Bombus flavifrons,,38.88889999,-104.984217,2831.511719,9289.736908
2020,GPS3,994,7/7/2020,7,7,32,,Penstemon glaber,150,flow,14:30,Bombus flavifrons,,38.88889999,-104.984217,2831.511719,9289.736908
2020,GPS3,994,7/7/2020,7,7,38,,Penstemon glaber,150,flow,14:53,Bombus flavifrons,,38.88889999,-104.984217,2831.511719,9289.736908
2020,GPS2,1235,7/7/2020,7,7,16,,Solidago missouriensis,27,clust,12:23,Bombus bifarius,,38.88829096,-104.98068,2754.649414,9037.563983
2020,GPS2,1236,7/7/2020,7,7,45,,Penstemon glaber,143,flow,14:42,Bombus appositus,,38.889016,-104.984047,2824.979736,9268.306517
2020,GPS2,1236,7/7/2020,7,7,46,,Penstemon glaber,143,flow,14:45,Bombus appositus,,38.889016,-104.984047,2824.979736,9268.306517
2020,GPS2,1236,7/7/2020,7,7,50,,Penstemon glaber,143,flow,15:00,Bombus flavifrons,,38.889016,-104.984047,2824.979736,9268.306517
2020,GPS1,47,7/8/2020,7,8,2,,Senecio fremontii var. blitoides,4,flow,9:03,Bombus bifarius,,38.840723,-105.04147,4258.31641,13970.85481
2020,GPS1,66,7/8/2020,7,8,12,,Telesonix jamesii,20,flow,11:10,Bombus bifarius,,38.844495,-105.02762,3742.35498,12278.06791
2020,GPS1,70,7/8/2020,7,8,14,,Mertensia ciliata,70,clust,12:18,Bombus flavifrons,,38.842038,-105.02675,3629.37964,11907.4139
2020,GPS1,70,7/8/2020,7,8,16,,Rhodiola rhodantha,18,clust,12:27,Bombus bifarius,,38.842038,-105.02675,3629.37964,11907.4139
2020,GPS1,70,7/8/2020,7,8,17,,Rhodiola rhodantha,30,clust,12:34,Bombus bifarius,,38.842038,-105.02675,3629.37964,11907.4139
2020,GPS3,1005,7/8/2020,7,8,11,A,Monarda fistulosa var. menthifolia,50,clust,9:54,Bombus centralis,,38.85478799,-104.924143,2036.106934,6680.141073
2020,GPS2,1266,7/8/2020,7,8,20,,Rhodiola integrifolia,8,clust,12:25,Bombus bifarius,,38.841932,-105.026387,3613.878906,11856.55847
2020,GPS2,1272,7/8/2020,7,8,26 (25 DNE),,Mertensia ciliata,100,flow,12:49,Bombus bifarius,,38.84199503,-105.026585,3617.885498,11869.70346
2020,GPS1,77,7/9/2020,7,9,1,,Mertensia ciliata,90,clust,8:22,Bombus centralis,,38.90464,-104.99318,2644.68042,8676.773309
2020,GPS1,77,7/9/2020,7,9,2,,Mertensia ciliata,90,clust,8:23,Bombus centralis,,38.90464,-104.99318,2644.68042,8676.773309
2020,GPS1,77,7/9/2020,7,9,3,,Mertensia ciliata,90,clust,8:24,Bombus bifarius,,38.90464,-104.99318,2644.68042,8676.773309
2020,GPS1,77,7/9/2020,7,9,4,,Geum rivale,5,flow,8:26,Bombus flavifrons,,38.90464,-104.99318,2644.68042,8676.773309
2020,GPS1,81,7/9/2020,7,9,6,,Aconitum columbianum,5,flow,8:55,Bombus flavifrons,,38.905349,-104.99382,2655.96069,8713.78207
2020,GPS1,83,7/9/2020,7,9,7,,Aconitum columbianum,6,flow,9:02,Bombus fervidus,,38.905695,-104.99412,2658.82715,8723.186467
2020,GPS1,87,7/9/2020,7,9,19,,Delphinium ramosum,12,flow,12:09,Bombus flavifrons,,38.905203,-104.99385,2650.69946,8696.520816
2020,GPS3,1015,7/9/2020,7,9,2,,Aconitum columbianum,11,flow,8:50,Bombus appositus,,38.90304596,-104.992127,2636.293213,8649.256225
2020,GPS3,1018,7/9/2020,7,9,3,,Cirsium scariosum/scopulorum,1,flow,8:56,Bombus insularis,,38.90270197,-104.992432,2641.379395,8665.943174
2020,GPS3,1019,7/9/2020,7,9,4,,Rubus idaeus var. strigosus,93,flow,9:06,Bombus centralis,,38.90226401,-104.992376,2654.04541,8707.498343
2020,GPS3,1019,7/9/2020,7,9,7,,Rubus idaeus var. strigosus,93,flow,9:21,Bombus centralis,,38.90226401,-104.992376,2654.04541,8707.498343
2020,GPS3,1019,7/9/2020,7,9,10,,Rubus idaeus var. strigosus,93,flow,9:28,Bombus centralis,,38.90226401,-104.992376,2654.04541,8707.498343
2020,GPS3,1019,7/9/2020,7,9,15,,Rubus idaeus var. strigosus,93,flow,9:56,Bombus bifarius,,38.90226401,-104.992376,2654.04541,8707.498343
2020,GPS3,1019,7/9/2020,7,9,18,,Rubus idaeus var. strigosus,93,flow,10:14,Bombus centralis,,38.90226401,-104.992376,2654.04541,8707.498343
2020,GPS3,1019,7/9/2020,7,9,21,,Rubus idaeus var. strigosus,93,flow,10:39,Bombus insularis,,38.90226401,-104.992376,2654.04541,8707.498343
2020,GPS3,1022,7/9/2020,7,9,27,,Cirsium scariosum/scopulorum,3,flow,12:35,Bombus flavifrons,,38.90562298,-104.994212,2654.399414,8708.659773
2020,GPS4,175,7/9/2020,7,9,4,,Rubus idaeus var. strigosus,100,flow,8:43,Bombus centralis,,38.90165297,-104.992034,2618.209961,8589.927968
2020,GPS4,175,7/9/2020,7,9,5,,Rubus idaeus var. strigosus,100,flow,8:44,Bombus bifarius,,38.90165297,-104.992034,2618.209961,8589.927968
2020,GPS4,175,7/9/2020,7,9,6,A,Rubus idaeus var. strigosus,100,flow,8:50,Bombus centralis,,38.90165297,-104.992034,2618.209961,8589.927968
2020,GPS4,175,7/9/2020,7,9,6,B,Rubus idaeus var. strigosus,100,flow,8:52,Bombus centralis,,38.90165297,-104.992034,2618.209961,8589.927968
2020,GPS4,175,7/9/2020,7,9,7,,Rubus idaeus var. strigosus,100,flow,8:57,Bombus centralis,,38.90165297,-104.992034,2618.209961,8589.927968
2020,GPS4,175,7/9/2020,7,9,,,Rubus idaeus var. strigosus,100,flow,9:01,Bombus centralis,,38.90165297,-104.992034,2618.209961,8589.927968
2020,GPS4,175,7/9/2020,7,9,,,Rubus idaeus var. strigosus,100,flow,9:02,Bombus centralis,,38.90165297,-104.992034,2618.209961,8589.927968
2020,GPS4,175,7/9/2020,7,9,,,Rubus idaeus var. strigosus,100,flow,9:03,Bombus centralis,,38.90165297,-104.992034,2618.209961,8589.927968
2020,GPS4,175,7/9/2020,7,9,,,Rubus idaeus var. strigosus,100,flow,9:05,Bombus centralis,,38.90165297,-104.992034,2618.209961,8589.927968
2020,GPS4,175,7/9/2020,7,9,,,Rubus idaeus var. strigosus,100,flow,9:07,Bombus centralis,,38.90165297,-104.992034,2618.209961,8589.927968
2020,GPS4,175,7/9/2020,7,9,,,Rubus idaeus var. strigosus,100,flow,9:12,Bombus centralis,,38.90165297,-104.992034,2618.209961,8589.927968
2020,GPS4,175,7/9/2020,7,9,8,,Rubus idaeus var. strigosus,100,flow,9:13,Bombus centralis,,38.90165297,-104.992034,2618.209961,8589.927968
2020,GPS4,175,7/9/2020,7,9,,,Rubus idaeus var. strigosus,100,flow,9:14,Bombus centralis,,38.90165297,-104.992034,2618.209961,8589.927968
2020,GPS4,175,7/9/2020,7,9,9,,Rubus idaeus var. strigosus,100,flow,9:20,Bombus bifarius,,38.90165297,-104.992034,2618.209961,8589.927968
2020,GPS4,175,7/9/2020,7,9,,,Rubus idaeus var. strigosus,100,flow,9:23,Bombus centralis,,38.90165297,-104.992034,2618.209961,8589.927968
2020,GPS4,175,7/9/2020,7,9,,,Rubus idaeus var. strigosus,100,flow,9:25,Bombus centralis,,38.90165297,-104.992034,2618.209961,8589.927968
2020,GPS4,175,7/9/2020,7,9,,,Rubus idaeus var. strigosus,100,flow,9:32,Bombus centralis,,38.90165297,-104.992034,2618.209961,8589.927968
2020,GPS4,175,7/9/2020,7,9,,,Rubus idaeus var. strigosus,100,flow,9:34,Bombus centralis,,38.90165297,-104.992034,2618.209961,8589.927968
2020,GPS4,175,7/9/2020,7,9,,,Rubus idaeus var. strigosus,100,flow,9:39,Bombus centralis,,38.90165297,-104.992034,2618.209961,8589.927968
2020,GPS4,175,7/9/2020,7,9,,,Rubus idaeus var. strigosus,100,flow,9:40,Bombus centralis,,38.90165297,-104.992034,2618.209961,8589.927968
2020,GPS4,175,7/9/2020,7,9,,,Rubus idaeus var. strigosus,100,flow,9:43,Bombus centralis,,38.90165297,-104.992034,2618.209961,8589.927968
2020,GPS4,175,7/9/2020,7,9,,,Rubus idaeus var. strigosus,100,flow,9:46,Bombus centralis,,38.90165297,-104.992034,2618.209961,8589.927968
2020,GPS4,175,7/9/2020,7,9,,,Rubus idaeus var. strigosus,100,flow,9:51,Bombus centralis,,38.90165297,-104.992034,2618.209961,8589.927968
2020,GPS4,175,7/9/2020,7,9,,,Rubus idaeus var. strigosus,100,flow,9:55,Bombus centralis,,38.90165297,-104.992034,2618.209961,8589.927968
2020,GPS4,175,7/9/2020,7,9,,,Rubus idaeus var. strigosus,100,flow,9:56,Bombus centralis,,38.90165297,-104.992034,2618.209961,8589.927968
2020,GPS4,175,7/9/2020,7,9,,,Rubus idaeus var. strigosus,100,flow,9:58,Bombus centralis,,38.90165297,-104.992034,2618.209961,8589.927968
2020,GPS4,175,7/9/2020,7,9,,,Rubus idaeus var. strigosus,100,flow,10:00,Bombus centralis,,38.90165297,-104.992034,2618.209961,8589.927968
2020,GPS4,175,7/9/2020,7,9,,,Rubus idaeus var. strigosus,100,flow,10:04,Bombus centralis,,38.90165297,-104.992034,2618.209961,8589.927968
2020,GPS4,175,7/9/2020,7,9,,,Rubus idaeus var. strigosus,100,flow,10:12,Bombus centralis,,38.90165297,-104.992034,2618.209961,8589.927968
2020,GPS4,175,7/9/2020,7,9,,,Rubus idaeus var. strigosus,100,flow,10:13,Bombus centralis,,38.90165297,-104.992034,2618.209961,8589.927968
2020,GPS4,175,7/9/2020,7,9,,,Rubus idaeus var. strigosus,100,flow,10:18,Bombus centralis,,38.90165297,-104.992034,2618.209961,8589.927968
2020,GPS4,175,7/9/2020,7,9,,,Rubus idaeus var. strigosus,100,flow,10:19,Bombus centralis,,38.90165297,-104.992034,2618.209961,8589.927968
2020,GPS4,175,7/9/2020,7,9,,,Rubus idaeus var. strigosus,100,flow,10:21,Bombus centralis,,38.90165297,-104.992034,2618.209961,8589.927968
2020,GPS4,175,7/9/2020,7,9,,,Rubus idaeus var. strigosus,100,flow,10:25,Bombus centralis,,38.90165297,-104.992034,2618.209961,8589.927968
2020,GPS4,175,7/9/2020,7,9,,,Rubus idaeus var. strigosus,100,flow,10:26,Bombus centralis,,38.90165297,-104.992034,2618.209961,8589.927968
2020,GPS4,175,7/9/2020,7,9,,,Rubus idaeus var. strigosus,100,flow,10:27,Bombus centralis,,38.90165297,-104.992034,2618.209961,8589.927968
2020,GPS4,175,7/9/2020,7,9,,,Rubus idaeus var. strigosus,100,flow,10:28,Bombus centralis,,38.90165297,-104.992034,2618.209961,8589.927968
2020,GPS4,175,7/9/2020,7,9,,,Rubus idaeus var. strigosus,100,flow,10:29,Bombus centralis,,38.90165297,-104.992034,2618.209961,8589.927968
2020,GPS4,175,7/9/2020,7,9,,,Rubus idaeus var. strigosus,100,flow,10:34,Bombus centralis,,38.90165297,-104.992034,2618.209961,8589.927968
2020,GPS4,175,7/9/2020,7,9,,,Rubus idaeus var. strigosus,100,flow,10:35,Bombus centralis,,38.90165297,-104.992034,2618.209961,8589.927968
2020,GPS4,177,7/9/2020,7,9,,,Delphinium ramosum,12,flow,12:32,Bombus appositus,,38.90278,-104.992421,2623.64209,8607.749915
2020,GPS4,177,7/9/2020,7,9,34,,Delphinium ramosum,12,flow,13:02,Bombus flavifrons,,38.90278,-104.992421,2623.64209,8607.749915
2020,GPS4,177,7/9/2020,7,9,35,,Delphinium ramosum,12,flow,13:03,Bombus appositus,,38.90278,-104.992421,2623.64209,8607.749915
2020,GPS4,180,7/9/2020,7,9,38,,Aconitum columbianum,10,flow,13:21,Bombus flavifrons,,38.90307999,-104.992196,2633.088379,8638.741677
2020,GPS4,177,7/9/2020,7,9,,,Rudbeckia hirta var. pulcherrima,1,flow,13:28,Bombus flavifrons,,38.90278,-104.992421,2623.64209,8607.749915
2020,GPS2,1284,7/9/2020,7,9,5,,Allium cernuum,3,clust,9:15,Bombus centralis,,38.90960002,-104.996002,2671.519043,8764.826537
2020,GPS2,1287,7/9/2020,7,9,8,,Geranium richardsonii,3,flow,9:30,Bombus centralis,,38.910962,-105.001901,2717.478516,8915.612214
2020,GPS2,1288,7/9/2020,7,9,13,,Rudbeckia hirta var. pulcherrima,7,flow,10:21,Bombus bifarius,,38.91043796,-104.999151,2718.764404,8919.831007
2020,GPS2,1291,7/9/2020,7,9,18,,Aconitum columbianum,8,flow,13:20,Bombus centralis,,38.90305803,-104.992277,2631.502441,8633.538469
2020,GPS1,88,7/10/2020,7,10,7,,Penstemon glaber,101,flow,9:25,Bombus centralis,,38.843936,-105.03448,3932.99072,12903.51327
2020,GPS1,88,7/10/2020,7,10,12,,Penstemon glaber,101,flow,9:26,Bombus flavifrons,,38.843936,-105.03448,3932.99072,12903.51327
2020,GPS3,1054,7/10/2020,7,10,12,,Penstemon glaber,100,flow,9:43,Bombus flavifrons,,38.88904902,-104.984136,2826.344971,9272.785635
2020,GPS3,1054,7/10/2020,7,10,20,B,Penstemon glaber,100,flow,10:05,Bombus flavifrons,,38.88904902,-104.984136,2826.344971,9272.785635
2020,GPS3,1054,7/10/2020,7,10,27,,Penstemon glaber,100,flow,10:27,Bombus flavifrons,,38.88904902,-104.984136,2826.344971,9272.785635
2020,GPS1,114,7/13/2020,7,13,2,,Senecio bigelovii var. hallii,90,flow,8:58,Bombus centralis,,38.891018,-104.97505,2548.66772,8361.771002
2020,GPS1,118,7/13/2020,7,13,3,,Allium cernuum,6,clust,9:11,Bombus centralis,,38.890429,-104.97629,2600.11816,8530.571664
2020,GPS1,119,7/13/2020,7,13,4,,Senecio bigelovii var. hallii,120,flow,9:14,Bombus centralis,,38.890705,-104.97699,2613.91431,8575.834625
2020,GPS1,127,7/13/2020,7,13,15,,Geranium caespitosum,25,flow,10:51,Bombus centralis,,38.8883,-104.98036,2754.40283,9036.754981
2020,GPS1,127,7/13/2020,7,13,22,,Geranium caespitosum,25,flow,11:00,Bombus centralis,,38.8883,-104.98036,2754.40283,9036.754981
2020,GPS1,127,7/13/2020,7,13,40,,Geranium caespitosum,25,flow,11:49,Bombus centralis,,38.8883,-104.98036,2754.40283,9036.754981
2020,GPS3,1069,7/13/2020,7,13,5,,Senecio bigelovii var. hallii,100,flow,9:21,Bombus centralis,,38.89020799,-104.977623,2643.228027,8672.00824
2020,GPS3,1072,7/13/2020,7,13,8,B,Penstemon glaber,83,flow,10:06,Bombus flavifrons,,38.888988,-104.984176,2828.995605,9281.481941
2020,GPS3,1073,7/13/2020,7,13,28,A,Solidago missouriensis,50,clust,11:41,Bombus bifarius,,38.888297,-104.980588,2762.906006,9064.652541
2020,GPS3,1073,7/13/2020,7,13,31,C,Solidago missouriensis,50,clust,11:45,Bombus sylvicola,,38.888297,-104.980588,2762.906006,9064.652541
2020,GPS2,1297,7/13/2020,7,13,6,B,Senecio bigelovii var. hallii,200,flow,9:21,Bombus centralis,,38.89029801,-104.977596,2642.544434,8669.765481
2020,GPS2,1298,7/13/2020,7,13,7,,Verbascum thapsus,5,flow,9:33,Bombus bifarius,,38.88966501,-104.977857,2672.62915,8768.46862
2020,GPS2,1299,7/13/2020,7,13,8,,Allium cernuum,4,clust,9:39,Bombus centralis,,38.88976098,-104.978349,2688.208252,8819.581161
2020,GPS2,1301,7/13/2020,7,13,10,,Geranium caespitosum,26,flow,9:51,Bombus frigidus,f,38.88876102,-104.978187,2719.114258,8920.978822
2020,GPS2,1308,7/13/2020,7,13,25,,Senecio bigelovii var. hallii,3,flow,11:42,Bombus centralis,,38.88830898,-104.979524,2759.366943,9053.041441
2020,GPS2,1309,7/13/2020,7,13,26,,Corydalis aurea subsp. aurea,30,flow,11:44,Bombus flavifrons,,38.88829398,-104.979565,2757.931396,9048.331641
2020,GPS2,1310,7/13/2020,7,13,28,,Corydalis aurea subsp. aurea,50,flow,11:49,Bombus appositus,,38.88842599,-104.979754,2751.544922,9027.378642
2020,GPS1,129,7/14/2020,7,14,1,,Allium cernuum,1,clust,8:24,Bombus centralis,,38.922852,-105.0214,2785.48047,9138.715745
2020,GPS1,130,7/14/2020,7,14,2,,Allium cernuum,3,clust,8:30,Bombus centralis,,38.923043,-105.02137,2792.31372,9161.134545
2020,GPS1,134,7/14/2020,7,14,5,,Geranium caespitosum,39,flow,9:03,Bombus centralis,,38.925287,-105.02191,2770.06421,9088.137463
2020,GPS1,134,7/14/2020,7,14,6,,Geranium caespitosum,39,flow,9:04,Bombus centralis,,38.925287,-105.02191,2770.06421,9088.137463
2020,GPS1,134,7/14/2020,7,14,8,,Geranium caespitosum,39,flow,9:11,Bombus centralis,,38.925287,-105.02191,2770.06421,9088.137463
2020,GPS1,134,7/14/2020,7,14,11,,Geranium caespitosum,39,flow,9:16,Bombus centralis,,38.925287,-105.02191,2770.06421,9088.137463
2020,GPS1,134,7/14/2020,7,14,12,,Geranium caespitosum,39,flow,9:17,Bombus flavifrons,,38.925287,-105.02191,2770.06421,9088.137463
2020,GPS1,134,7/14/2020,7,14,13,,Geranium caespitosum,39,flow,9:19,Bombus centralis,,38.925287,-105.02191,2770.06421,9088.137463
2020,GPS1,134,7/14/2020,7,14,23,,Geranium caespitosum,39,flow,9:56,Bombus centralis,,38.925287,-105.02191,2770.06421,9088.137463
2020,GPS1,134,7/14/2020,7,14,24,,Geranium caespitosum,39,flow,9:58,Bombus flavifrons,,38.925287,-105.02191,2770.06421,9088.137463
2020,GPS1,134,7/14/2020,7,14,27,,Geranium caespitosum,39,flow,9:59,Bombus flavifrons,,38.925287,-105.02191,2770.06421,9088.137463
2020,GPS3,1074,7/14/2020,7,14,1,A,Allium cernuum,7,clust,8:23,Bombus centralis,,38.92289104,-105.021437,2792.45166,9161.587104
2020,GPS3,1075,7/14/2020,7,14,2,,Frasera speciosa,1,flow,8:37,Bombus centralis,,38.923416,-105.020238,2816.439697,9240.288016
2020,GPS3,1076,7/14/2020,7,14,3,,Geranium caespitosum,40,flow,9:02,Bombus centralis,,38.92533797,-105.021878,2760.283447,9056.048344
2020,GPS3,1076,7/14/2020,7,14,7,,Geranium caespitosum,40,flow,9:09,Bombus centralis,,38.92533797,-105.021878,2760.283447,9056.048344
2020,GPS3,1076,7/14/2020,7,14,14,,Geranium caespitosum,40,flow,9:22,Bombus centralis,,38.92533797,-105.021878,2760.283447,9056.048344
2020,GPS3,1076,7/14/2020,7,14,24,,Geranium caespitosum,40,flow,9:44,Bombus centralis,,38.92533797,-105.021878,2760.283447,9056.048344
2020,GPS3,1076,7/14/2020,7,14,26,A,Geranium caespitosum,40,flow,9:47,Bombus centralis,,38.92533797,-105.021878,2760.283447,9056.048344
2020,GPS3,1076,7/14/2020,7,14,27,A,Geranium caespitosum,40,flow,9:49,Bombus centralis,,38.92533797,-105.021878,2760.283447,9056.048344
2020,GPS3,1076,7/14/2020,7,14,30,,Geranium caespitosum,40,flow,9:55,Bombus insularis,,38.92533797,-105.021878,2760.283447,9056.048344
2020,GPS3,1076,7/14/2020,7,14,32,C,Geranium caespitosum,40,flow,9:58,Bombus centralis,,38.92533797,-105.021878,2760.283447,9056.048344
2020,GPS2,1315,7/14/2020,7,14,4,,Rosa acicularis subsp. sayi,49,flow,9:15,Bombus centralis,,38.92405998,-105.02189,2780.86792,9123.582707
2020,GPS2,1315,7/14/2020,7,14,6,,Rosa acicularis subsp. sayi,49,flow,9:19,Bombus centralis,,38.92405998,-105.02189,2780.86792,9123.582707
2020,GPS2,1315,7/14/2020,7,14,9,,Rosa acicularis subsp. sayi,49,flow,9:27,Bombus centralis,,38.92405998,-105.02189,2780.86792,9123.582707
2020,GPS2,1315,7/14/2020,7,14,12,,Rosa acicularis subsp. sayi,49,flow,9:32,Bombus bifarius,,38.92405998,-105.02189,2780.86792,9123.582707
2020,GPS2,1315,7/14/2020,7,14,17,,Rosa acicularis subsp. sayi,49,flow,9:56,Bombus centralis,,38.92405998,-105.02189,2780.86792,9123.582707
2020,GPS2,1319,7/14/2020,7,14,28,A,Melilotus officinalis,500,clust,10:44,Bombus bifarius,,38.92172797,-105.02526,2813.990234,9232.251719
2020,GPS2,1319,7/14/2020,7,14,28,B,Melilotus officinalis,500,clust,10:44,Bombus bifarius,,38.92172797,-105.02526,2813.990234,9232.251719
2020,GPS2,1319,7/14/2020,7,14,28,C,Melilotus officinalis,500,clust,10:44,Bombus centralis,,38.92172797,-105.02526,2813.990234,9232.251719
2020,GPS1,135,7/15/2020,7,15,1,,Cirsium scariosum/scopulorum,2,clust,8:40,Bombus fervidus,,38.876241,-105.06546,3603.87329,11823.73164
2020,GPS1,155,7/15/2020,7,15,9,,Telesonix jamesii,110,flow,10:00,Bombus bifarius,,38.869302,-105.05849,3534.87036,11597.34407
2020,GPS1,159,7/15/2020,7,15,11,,Cirsium scariosum/scopulorum,1,clust,10:54,Bombus insularis,,38.870841,-105.06155,3548.54639,11642.21294
2020,GPS2,1325,7/15/2020,7,15,6,,Cirsium scariosum/scopulorum,5,flow,9:05,Bombus nevadensis,,38.87461698,-105.0633,3557.949219,11673.06212
2020,GPS2,1334,7/15/2020,7,15,10,,Cirsium scariosum/scopulorum,7,flow,9:55,Bombus sylvicola,,38.869674,-105.059151,3536.819092,11603.73755
2020,GPS2,1337,7/15/2020,7,15,12,,Telesonix jamesii,19,clust,10:13,Bombus melanopygus,,38.86897302,-105.056837,3518.10376,11542.33554
2020,GPS2,1347,7/15/2020,7,15,21,,Cirsium scariosum/scopulorum,8,flow,11:36,Bombus nevadensis,,38.87576597,-105.064158,3582.741211,11754.40067
2020,GPS1,174,7/16/2020,7,16,3,,Centaurea diffusa,4,flow,8:26,Bombus appositus,,38.85992,-104.93544,2113.81055,6935.074205
2020,GPS1,201,7/16/2020,7,16,12,,Nepeta cataria,45,clust,10:28,Bombus centralis,,38.867935,-104.94335,2202.75513,7226.887141
2020,GPS1,201,7/16/2020,7,16,13,,Nepeta cataria,65,clust,10:30,Bombus centralis,,38.867935,-104.94335,2202.75513,7226.887141
2020,GPS2,1377,7/16/2020,7,16,12,,Dalea purpurea,50,clust,10:40,Bombus rufocinctus,,38.87039702,-104.943365,2206.325928,7238.602358
2020,GPS2,1377,7/16/2020,7,16,13,A,Dalea purpurea,50,clust,10:41,Bombus centralis,,38.87039702,-104.943365,2206.325928,7238.602358
2020,GPS2,1377,7/16/2020,7,16,15,,Dalea purpurea,50,clust,10:43,Bombus rufocinctus,,38.87039702,-104.943365,2206.325928,7238.602358
2020,GPS1,209,7/17/2020,7,17,1,,Cirsium scariosum/scopulorum,6,clust,8:41,Bombus bifarius,,38.876421,-105.06545,3593.25684,11788.90077
2020,GPS1,219,7/17/2020,7,17,6,,Solidago multiradiata var. scopulorum,6,clust,9:25,Bombus bifarius,,38.870889,-105.06162,3545.12695,11630.9943
2020,GPS3,1149,7/17/2020,7,17,1,,Lupinus argenteus subsp. argenteus,25,clust,8:16,Bombus bifarius,,38.92137702,-105.025154,2814.166504,9232.830033
2020,GPS3,1150,7/17/2020,7,17,3,,Rubus idaeus var. strigosus,100,flow,8:41,Bombus centralis,,38.922898,-105.02169,2784.599121,9135.82418
2020,GPS3,1150,7/17/2020,7,17,4,A,Rubus idaeus var. strigosus,100,flow,8:45,Bombus flavifrons,,38.922898,-105.02169,2784.599121,9135.82418
2020,GPS3,1155,7/17/2020,7,17,6,,Allium cernuum,4,clust,8:57,Bombus centralis,,38.92293999,-105.021427,2799.063965,9183.281019
2020,GPS3,1158,7/17/2020,7,17,11,,Chamerion angustifolium,10,flow,9:37,Bombus centralis,,38.924193,-105.022234,2776.729492,9110.005187
2020,GPS3,1158,7/17/2020,7,17,13,,Chamerion angustifolium,10,flow,9:53,Bombus flavifrons,,38.924193,-105.022234,2776.729492,9110.005187
2020,GPS3,1159,7/17/2020,7,17,18,,Rosa acicularis subsp. sayi,10,flow,11:08,Bombus centralis,,38.92408202,-105.021884,2794.617676,9168.693456
2020,GPS3,1161,7/17/2020,7,17,20,A,Cirsium scariosum/scopulorum,16,flow,11:18,Bombus appositus,,38.92407197,-105.022401,2782.641357,9129.40107
2020,GPS3,1164,7/17/2020,7,17,26,,Geranium caespitosum,25,flow,12:05,Bombus flavifrons,,38.92533101,-105.021909,2761.229492,9059.152167
2020,GPS3,1164,7/17/2020,7,17,31,,Geranium caespitosum,25,flow,12:14,Bombus centralis,,38.92533101,-105.021909,2761.229492,9059.152167
2020,GPS3,1164,7/17/2020,7,17,35,,Geranium caespitosum,25,flow,12:22,Bombus centralis,,38.92533101,-105.021909,2761.229492,9059.152167
2020,GPS3,1164,7/17/2020,7,17,38,,Geranium caespitosum,25,flow,12:29,Bombus insularis,,38.92533101,-105.021909,2761.229492,9059.152167
2020,GPS3,1164,7/17/2020,7,17,39,,Geranium caespitosum,25,flow,12:31,Bombus centralis,,38.92533101,-105.021909,2761.229492,9059.152167
2020,GPS3,1164,7/17/2020,7,17,50,,Geranium caespitosum,25,flow,12:53,Bombus centralis,,38.92533101,-105.021909,2761.229492,9059.152167
2020,GPS4,195,7/17/2020,7,17,7,,Penstemon whippleanus,10,flow,10:03,Bombus sylvicola,,38.87629,-105.06459,3591.663574,11783.67352
2020,GPS2,1379,7/17/2020,7,17,1,A,Lupinus argenteus subsp. argenteus,65,clust,8:16,Bombus bifarius,,38.92144097,-105.02524,2828.32373,9279.277626
2020,GPS2,1379,7/17/2020,7,17,1,B,Lupinus argenteus subsp. argenteus,65,clust,8:17,Bombus bifarius,,38.92144097,-105.02524,2828.32373,9279.277626
2020,GPS2,1379,7/17/2020,7,17,2,A,Lupinus argenteus subsp. argenteus,65,clust,8:19,Bombus bifarius,,38.92144097,-105.02524,2828.32373,9279.277626
2020,GPS2,1379,7/17/2020,7,17,2,B,Lupinus argenteus subsp. argenteus,65,clust,8:20,Bombus bifarius,,38.92144097,-105.02524,2828.32373,9279.277626
2020,GPS2,1381,7/17/2020,7,17,3,,Allium cernuum,10,clust,8:35,Bombus centralis,,38.92290303,-105.021523,2786.472168,9141.969348
2020,GPS2,1391,7/17/2020,7,17,12,,Chamerion angustifolium,10,flow,10:30,Bombus centralis,,38.92419803,-105.022257,2779.301758,9118.44438
2020,GPS2,1391,7/17/2020,7,17,13,,Chamerion angustifolium,10,flow,10:40,Bombus flavifrons,,38.92419803,-105.022257,2779.301758,9118.44438
2020,GPS2,1392,7/17/2020,7,17,24,,Geranium caespitosum,29,flow,12:00,Bombus centralis,,38.92529899,-105.021892,2766.016113,9074.856304
2020,GPS2,1392,7/17/2020,7,17,27,,Geranium caespitosum,29,flow,12:05,Bombus centralis,,38.92529899,-105.021892,2766.016113,9074.856304
2020,GPS2,1392,7/17/2020,7,17,28,A,Geranium caespitosum,29,flow,12:14,Bombus centralis,,38.92529899,-105.021892,2766.016113,9074.856304
2020,GPS2,1392,7/17/2020,7,17,31,,Geranium caespitosum,29,flow,12:21,Bombus centralis,,38.92529899,-105.021892,2766.016113,9074.856304
2020,GPS2,1392,7/17/2020,7,17,35,,Geranium caespitosum,29,flow,12:40,Bombus centralis,,38.92529899,-105.021892,2766.016113,9074.856304
2020,GPS2,1392,7/17/2020,7,17,38,,Geranium caespitosum,29,flow,12:47,Bombus centralis,,38.92529899,-105.021892,2766.016113,9074.856304
2020,GPS3,1165,7/17/2020,7,17,40,B,Melilotus officinalis,500,clust,13:05,Bombus bifarius,,38.92388698,-105.022619,2776.851562,9110.405679
2020,GPS3,1165,7/17/2020,7,17,40,A,Melilotus officinalis,500,clust,13:05,Bombus centralis,,38.92388698,-105.022619,2776.851562,9110.405679
2020,GPS1,253,7/20/2020,7,20,4,,Allium cernuum,1,clust,12:32,Bombus centralis,,38.922951,-105.02139,2793.83545,9166.127098
2020,GPS1,254,7/20/2020,7,20,5,,Allium cernuum,3,clust,12:35,Bombus centralis,,38.922808,-105.02135,2792.59497,9162.057281
2020,GPS1,257,7/20/2020,7,20,6,,Allium cernuum,9,clust,12:49,Bombus centralis,,38.922846,-105.02148,2787.42041,9145.080378
2020,GPS1,258,7/20/2020,7,20,8,,Phacelia hastata,13,clust,13:10,Bombus centralis,,38.921799,-105.02234,2786.46533,9141.946913
2020,GPS1,259,7/20/2020,7,20,10,,Rubus idaeus var. strigosus,12,flow,13:19,Bombus centralis,,38.921544,-105.02239,2795.82642,9172.659152
2020,GPS1,260,7/20/2020,7,20,11,,Aliciella pinnatifida,70,flow,13:26,Bombus centralis,,38.921416,-105.02247,2795.51636,9171.641895
2020,GPS3,1172,7/20/2020,7,20,,,Cirsium scariosum/scopulorum,10,flow,9:33,Bombus nevadensis,,38.87561803,-105.064046,3579.855713,11744.93382
2020,GPS3,1180,7/20/2020,7,20,28,A,Lupinus argenteus subsp. argenteus,17,clust,13:25,Bombus centralis,,38.92152504,-105.025318,2812.669189,9227.917582
2020,GPS3,1180,7/20/2020,7,20,29,,Lupinus argenteus subsp. argenteus,17,clust,13:30,Bombus bifarius,,38.92152504,-105.025318,2812.669189,9227.917582
2020,GPS2,1396,7/20/2020,7,20,3,,Chamerion angustifolium,10,flow,9:01,Bombus centralis,,38.92555104,-105.021803,2767.116211,9078.46555
2020,GPS2,1396,7/20/2020,7,20,5,,Chamerion angustifolium,10,flow,9:06,Bombus centralis,,38.92555104,-105.021803,2767.116211,9078.46555
2020,GPS2,1396,7/20/2020,7,20,8,,Chamerion angustifolium,10,flow,9:20,Bombus centralis,,38.92555104,-105.021803,2767.116211,9078.46555
2020,GPS2,1396,7/20/2020,7,20,10,,Chamerion angustifolium,10,flow,9:24,Bombus centralis,,38.92555104,-105.021803,2767.116211,9078.46555
2020,GPS2,1396,7/20/2020,7,20,11,A,Chamerion angustifolium,10,flow,9:34,Bombus centralis,,38.92555104,-105.021803,2767.116211,9078.46555
2020,GPS2,1396,7/20/2020,7,20,11,B,Chamerion angustifolium,10,flow,9:35,Bombus centralis,,38.92555104,-105.021803,2767.116211,9078.46555
2020,GPS2,1396,7/20/2020,7,20,12,A,Chamerion angustifolium,10,flow,9:40,Bombus centralis,,38.92555104,-105.021803,2767.116211,9078.46555
2020,GPS2,1397,7/20/2020,7,20,15,A,Chamerion angustifolium,12,flow,10:17,Bombus centralis,,38.92566101,-105.021857,2758.13623,9049.003669
2020,GPS2,1397,7/20/2020,7,20,22,,Chamerion angustifolium,12,flow,10:39,Bombus centralis,,38.92566101,-105.021857,2758.13623,9049.003669
2020,GPS2,1397,7/20/2020,7,20,23,,Chamerion angustifolium,12,flow,10:51,Bombus centralis,,38.92566101,-105.021857,2758.13623,9049.003669
2020,GPS2,1402,7/20/2020,7,20,30,,Allium cernuum,2,clust,12:29,Bombus flavifrons,,38.92312104,-105.021365,2795.121582,9170.346691
2020,GPS2,1408,7/20/2020,7,20,32,,Allium cernuum,1,clust,12:43,Bombus centralis,,38.92254696,-105.021187,2789.318604,9151.308049
2020,GPS2,1414,7/20/2020,7,20,36,,Allium cernuum,1,clust,13:07,Bombus centralis,,38.92163501,-105.022331,2788.563232,9148.829794
2020,GPS2,1416,7/20/2020,7,20,38,A,Phacelia hastata,45,flow,13:18,Bombus centralis,,38.92160199,-105.022378,2789.60376,9152.2436
2020,GPS2,1416,7/20/2020,7,20,38,C,Phacelia hastata,45,flow,13:18,Bombus flavifrons,,38.92160199,-105.022378,2789.60376,9152.2436
2020,GPS2,1416,7/20/2020,7,20,39,A,Aliciella pinnatifida,50,flow,13:25,Bombus flavifrons,,38.92160199,-105.022378,2789.60376,9152.2436
2020,GPS2,1416,7/20/2020,7,20,39,B,Aliciella pinnatifida,50,flow,13:25,Bombus flavifrons,,38.92160199,-105.022378,2789.60376,9152.2436
2020,GPS2,1418,7/20/2020,7,20,40,,Cirsium canescens,2,flow,13:35,Bombus nevadensis,,38.92152001,-105.025302,2814.759766,9234.776431
2020,GPS1,263,7/21/2020,7,21,2,,Chamerion angustifolium,10,flow,9:00,Bombus centralis,,38.924023,-105.02176,2789.0332,9150.371684
2020,GPS1,263,7/21/2020,7,21,3,A,Chamerion angustifolium,10,flow,9:36,Bombus bifarius,,38.924023,-105.02176,2789.0332,9150.371684
2020,GPS1,263,7/21/2020,7,21,4,,Chamerion angustifolium,10,flow,9:46,Bombus flavifrons,,38.924023,-105.02176,2789.0332,9150.371684
2020,GPS1,274,7/21/2020,7,21,7,,Allium cernuum,1,clust,10:55,Bombus centralis,,38.901298,-104.99192,2619.41968,8593.896863
2020,GPS1,281,7/21/2020,7,21,9,,Delphinium ramosum,135,flow,11:42,Bombus appositus,,38.90271,-104.99242,2631.25122,8632.714253
2020,GPS1,281,7/21/2020,7,21,12,,Aconitum columbianum,5,flow,11:52,Bombus flavifrons,,38.90271,-104.99242,2631.25122,8632.714253
2020,GPS1,283,7/21/2020,7,21,13,,Aconitum columbianum,139,flow,11:58,Bombus centralis,,38.903104,-104.99225,2636.35889,8649.471701
2020,GPS1,283,7/21/2020,7,21,15,,Aconitum columbianum,139,flow,12:07,Bombus flavifrons,,38.903104,-104.99225,2636.35889,8649.471701
2020,GPS1,287,7/21/2020,7,21,18,,Geranium caespitosum,4,flow,12:24,Bombus bifarius,,38.902881,-104.9924,2635.33545,8646.113958
2020,GPS2,1421,7/21/2020,7,21,4,,Chamerion angustifolium,10,flow,9:04,Bombus centralis,,38.92571297,-105.021775,2761.768066,9060.919142
2020,GPS2,1421,7/21/2020,7,21,7,,Chamerion angustifolium,10,flow,9:51,Bombus centralis,,38.92571297,-105.021775,2761.768066,9060.919142
2020,GPS2,1438,7/21/2020,7,21,15,A,Aconitum columbianum,10,flow,11:52,Bombus flavifrons,,38.90264598,-104.992412,2634.615967,8643.753449
2020,GPS2,1438,7/21/2020,7,21,15,B,Aconitum columbianum,10,flow,11:52,Bombus flavifrons,,38.90264598,-104.992412,2634.615967,8643.753449
2020,GPS1,297,7/22/2020,7,22,2,,Chamerion angustifolium,10,flow,8:25,Bombus flavifrons,,38.922952,-105.02203,2780.44214,9122.185791
2020,GPS1,297,7/22/2020,7,22,3,,Chamerion angustifolium,10,flow,8:30,Bombus huntii,,38.922952,-105.02203,2780.44214,9122.185791
2020,GPS3,1181,7/22/2020,7,22,2,,Chamerion angustifolium,10,flow,8:18,Bombus centralis,,38.92569898,-105.021821,2760.851318,9057.911438
2020,GPS3,1181,7/22/2020,7,22,6,,Chamerion angustifolium,10,flow,8:32,Bombus centralis,,38.92569898,-105.021821,2760.851318,9057.911438
2020,GPS3,1181,7/22/2020,7,22,7,,Chamerion angustifolium,10,flow,8:37,Bombus centralis,,38.92569898,-105.021821,2760.851318,9057.911438
2020,GPS3,1181,7/22/2020,7,22,9,,Chamerion angustifolium,10,flow,8:46,Bombus centralis,,38.92569898,-105.021821,2760.851318,9057.911438
2020,GPS3,1181,7/22/2020,7,22,11,,Chamerion angustifolium,10,flow,9:03,Bombus centralis,,38.92569898,-105.021821,2760.851318,9057.911438
2020,GPS3,1181,7/22/2020,7,22,19,,Chamerion angustifolium,10,flow,10:09,Bombus flavifrons,,38.92569898,-105.021821,2760.851318,9057.911438
2020,GPS2,1445,7/22/2020,7,22,2,,Chamerion angustifolium,10,flow,8:37,Bombus centralis,,38.92596904,-105.022175,2691.121582,8829.139331
2020,GPS2,1445,7/22/2020,7,22,3,,Chamerion angustifolium,10,flow,8:45,Bombus centralis,,38.92596904,-105.022175,2691.121582,8829.139331
2020,GPS2,1445,7/22/2020,7,22,4,,Chamerion angustifolium,10,flow,9:06,Bombus centralis,,38.92596904,-105.022175,2691.121582,8829.139331
2020,GPS2,1445,7/22/2020,7,22,7,,Chamerion angustifolium,10,flow,9:21,Bombus centralis,,38.92596904,-105.022175,2691.121582,8829.139331
2020,GPS2,1445,7/22/2020,7,22,10,,Chamerion angustifolium,10,flow,10:00,Bombus centralis,,38.92596904,-105.022175,2691.121582,8829.139331
2020,GPS2,1445,7/22/2020,7,22,,,Chamerion angustifolium,10,flow,10:07,Bombus centralis,,38.92596904,-105.022175,2691.121582,8829.139331
2020,GPS1,304,7/23/2020,7,23,2,,Senecio bigelovii var. hallii,80,flow,8:47,Bombus centralis,,38.891895,-104.97396,2501.45654,8206.878675
2020,GPS1,312,7/23/2020,7,23,5,,Allium cernuum,5,clust,9:31,Bombus centralis,,38.89042,-104.97609,2599.85156,8529.696992
2020,GPS1,314,7/23/2020,7,23,8,,Allium cernuum,1,clust,9:50,Bombus centralis,,38.890728,-104.97666,2604.5874,8545.234525
2020,GPS1,316,7/23/2020,7,23,10,,Senecio bigelovii var. hallii,250,flow,10:10,Bombus centralis,,38.890329,-104.97704,2625.58813,8614.13456
2020,GPS1,320,7/23/2020,7,23,13,,Senecio bigelovii var. hallii,500,flow,10:33,Bombus centralis,,38.889699,-104.97806,2685.46265,8810.573281
2020,GPS3,1192,7/23/2020,7,23,3,,Senecio bigelovii var. hallii,100,flow,10:13,Bombus bifarius,,38.89037102,-104.9774,2635.024902,8645.095099
2020,GPS4,224,7/23/2020,7,23,8,,Senecio bigelovii var. hallii,350,flow,9:38,Bombus rufocinctus,,38.890498,-104.975969,2586.368652,8485.461728
2020,GPS4,225,7/23/2020,7,23,10,,Solidago multiradiata var. scopulorum,2,clust,9:41,Bombus appositus,,38.89056397,-104.976064,2591.156738,8501.170672
2020,GPS4,229,7/23/2020,7,23,12,,Allium cernuum,3,clust,9:51,Bombus centralis,,38.890513,-104.976158,2597.55542,8522.163724
2020,GPS2,1480,7/23/2020,7,23,10,,Senecio bigelovii var. hallii,50,flow,10:05,Bombus centralis,,38.89047897,-104.977157,2621.002441,8599.089649
2020,GPS2,1481,7/23/2020,7,23,11,,Senecio bigelovii var. hallii,100,flow,10:12,Bombus centralis,,38.89037898,-104.977261,2638.692139,8657.126717
2020,GPS2,1482,7/23/2020,7,23,12,A,Senecio bigelovii var. hallii,600,flow,10:20,Bombus sylvicola,,38.89017899,-104.977575,2659.362061,8724.941424
2020,GPS1,323,7/24/2020,7,24,1,,Aconitum columbianum,65,flow,8:45,Bombus centralis,,38.903144,-104.99226,2628.0332,8622.156444
2020,GPS1,323,7/24/2020,7,24,,,Aconitum columbianum,65,flow,8:47,Bombus centralis,,38.903144,-104.99226,2628.0332,8622.156444
2020,GPS1,323,7/24/2020,7,24,2,,Aconitum columbianum,65,flow,9:09,Bombus flavifrons,,38.903144,-104.99226,2628.0332,8622.156444
2020,GPS1,325,7/24/2020,7,24,5,,Geranium caespitosum,22,flow,9:48,Bombus flavifrons,,38.924993,-105.02208,2782.07227,9127.533986
2020,GPS1,325,7/24/2020,7,24,13,,Geranium caespitosum,22,flow,10:39,Bombus flavifrons,,38.924993,-105.02208,2782.07227,9127.533986
2020,GPS3,1198,7/24/2020,7,24,2,,Aconitum columbianum,50,flow,9:02,Bombus flavifrons,,38.90567,-104.994007,2587.542725,8489.313674
2020,GPS3,1198,7/24/2020,7,24,,,Aconitum columbianum,50,flow,9:07,Bombus flavifrons,,38.90567,-104.994007,2587.542725,8489.313674
2020,GPS3,1199,7/24/2020,7,24,6,,Geranium caespitosum,26,flow,9:51,Bombus bifarius,,38.92536102,-105.021951,2786.807129,9143.068301
2020,GPS3,1199,7/24/2020,7,24,12,,Geranium caespitosum,26,flow,10:02,Bombus centralis,,38.92536102,-105.021951,2786.807129,9143.068301
2020,GPS3,1199,7/24/2020,7,24,14,,Geranium caespitosum,26,flow,10:09,Bombus centralis,,38.92536102,-105.021951,2786.807129,9143.068301
2020,GPS3,1199,7/24/2020,7,24,17,,Geranium caespitosum,26,flow,10:15,Bombus centralis,,38.92536102,-105.021951,2786.807129,9143.068301
2020,GPS3,1199,7/24/2020,7,24,20,A,Geranium caespitosum,26,flow,10:21,Bombus bifarius,,38.92536102,-105.021951,2786.807129,9143.068301
2020,GPS3,1199,7/24/2020,7,24,26,,Geranium caespitosum,26,flow,10:38,Bombus insularis,,38.92536102,-105.021951,2786.807129,9143.068301
2020,GPS3,1200,7/24/2020,7,24,31,,Penstemon glaber,75,flow,11:37,Bombus centralis,,38.87988701,-105.072881,3418.911621,11216.902
2020,GPS2,1488,7/24/2020,7,24,1,,Aconitum columbianum,60,flow,8:46,Bombus bifarius,,38.90335802,-104.991746,2549.346436,8363.997761
2020,GPS2,1488,7/24/2020,7,24,2,,Aconitum columbianum,60,flow,8:48,Bombus appositus,,38.90335802,-104.991746,2549.346436,8363.997761
2020,GPS2,1488,7/24/2020,7,24,3,,Aconitum columbianum,60,flow,8:54,Bombus flavifrons,,38.90335802,-104.991746,2549.346436,8363.997761
2020,GPS2,1488,7/24/2020,7,24,4,,Aconitum columbianum,60,flow,8:55,Bombus centralis,,38.90335802,-104.991746,2549.346436,8363.997761
2020,GPS2,1488,7/24/2020,7,24,5,,Aconitum columbianum,60,flow,8:58,Bombus centralis,,38.90335802,-104.991746,2549.346436,8363.997761
2020,GPS2,1488,7/24/2020,7,24,7,,Aconitum columbianum,60,flow,9:11,Bombus bifarius,,38.90335802,-104.991746,2549.346436,8363.997761
2020,GPS2,1489,7/24/2020,7,24,9,,Geranium caespitosum,24,flow,9:44,Bombus centralis,,38.92513496,-105.022014,2777.216064,9111.601551
2020,GPS2,1489,7/24/2020,7,24,11,,Geranium caespitosum,24,flow,9:52,Bombus insularis,,38.92513496,-105.022014,2777.216064,9111.601551
2020,GPS2,1489,7/24/2020,7,24,16,,Geranium caespitosum,24,flow,10:12,Bombus flavifrons,,38.92513496,-105.022014,2777.216064,9111.601551
2020,GPS2,1489,7/24/2020,7,24,17,,Geranium caespitosum,24,flow,10:31,Bombus centralis,,38.92513496,-105.022014,2777.216064,9111.601551
2020,GPS2,1489,7/24/2020,7,24,19,,Geranium caespitosum,24,flow,10:41,Bombus centralis,,38.92513496,-105.022014,2777.216064,9111.601551
2020,GPS1,338,7/27/2020,7,27,5,,Cirsium scariosum/scopulorum,4,clust,12:36,Bombus insularis,,38.904059,-104.99235,2640.00269,8661.426425
2020,GPS1,345,7/27/2020,7,27,11,,Cirsium scariosum/scopulorum,6,clust,13:05,Bombus centralis,,38.904894,-104.99336,2649.17822,8691.529871
2020,GPS1,351,7/27/2020,7,27,15,,Campanula rotundifolia,8,flow,13:30,Bombus rufocinctus,,38.906165,-104.99384,2652.99683,8704.05812
2020,GPS1,352,7/27/2020,7,27,16,,Calochortus gunnisonii,1,flow,13:33,Bombus bifarius,,38.906487,-104.99395,2659.93164,8726.810122
2020,GPS3,1201,7/27/2020,7,27,2,,Aconitum columbianum,10,flow,11:45,Bombus bifarius,,38.90297899,-104.992309,2602.615234,8538.764164
2020,GPS3,1217,7/27/2020,7,27,6,,Allium cernuum,4,clust,14:15,Bombus centralis,,38.91079101,-104.998884,2700.34668,8859.405402
2020,GPS2,1494,7/27/2020,7,27,1,,Aconitum columbianum,11,flow,11:17,Bombus flavifrons,,38.903039,-104.992416,2636.173584,8648.863741
2020,GPS2,1500,7/27/2020,7,27,12,,Geranium caespitosum,3,flow,12:57,Bombus centralis,,38.904175,-104.992372,2624.243408,8609.722743
2020,GPS2,1511,7/27/2020,7,27,26,,Anemone canadensis,2,flow,13:58,Bombus bifarius,,38.905655,-104.994138,2655.829834,8713.352753
2020,GPS2,1514,7/27/2020,7,27,29,,Campanula rotundifolia,25,flow,14:12,Bombus rufocinctus,,38.90586899,-104.994115,2664.665527,8742.341248
2020,GPS2,1519,7/27/2020,7,27,32,,Calochortus gunnisonii,1,flow,14:34,Bombus bifarius,,38.90601802,-104.993816,2656.810303,8716.569514
2020,GPS2,1520,7/27/2020,7,27,33,,Aconitum columbianum,200,flow,14:43,Bombus appositus,,38.90297899,-104.992154,2632.43042,8636.583019
2020,GPS1,359,7/28/2020,7,28,1,,Aconitum columbianum,25,flow,9:20,Bombus bifarius,,38.903116,-104.9924,2618.23926,8590.024094
2020,GPS1,359,7/28/2020,7,28,2,,Aconitum columbianum,25,flow,10:08,Bombus centralis,,38.903116,-104.9924,2618.23926,8590.024094
2020,GPS1,359,7/28/2020,7,28,3,A,Aconitum columbianum,25,flow,10:31,Bombus bifarius,,38.903116,-104.9924,2618.23926,8590.024094
2020,GPS1,359,7/28/2020,7,28,4,,Aconitum columbianum,25,flow,10:47,Bombus flavifrons,,38.903116,-104.9924,2618.23926,8590.024094
2020,GPS2,1521,7/28/2020,7,28,1,,Delphinium ramosum,90,flow,9:04,Bombus flavifrons,,38.90520598,-104.993832,2652.79248,8703.38768
2020,GPS2,1521,7/28/2020,7,28,2,,Delphinium ramosum,90,flow,9:17,Bombus flavifrons,,38.90520598,-104.993832,2652.79248,8703.38768
2020,GPS2,1524,7/28/2020,7,28,5,,Rubus idaeus var. strigosus,25,flow,10:50,Bombus bifarius,,38.90277699,-104.992325,2629.77832,8627.881903
2020,GPS1,377,7/29/2020,7,29,11,,Calochortus gunnisonii,1,flow,12:59,Bombus rufocinctus,,38.906439,-104.99396,2663.02319,8736.953003
2020,GPS1,377,7/29/2020,7,29,12,,Campanula rotundifolia,4,flow,13:00,Bombus rufocinctus,,38.906439,-104.99396,2663.02319,8736.953003
2020,GPS1,379,7/29/2020,7,29,15,,Cirsium scariosum/scopulorum,5,clust,13:14,Bombus insularis,,38.907161,-104.99432,2670.97632,8763.04595
2020,GPS1,379,7/29/2020,7,29,16,,Cirsium scariosum/scopulorum,5,clust,13:15,Bombus insularis,,38.907161,-104.99432,2670.97632,8763.04595
2020,GPS1,390,7/29/2020,7,29,25,,Allium cernuum,2,clust,14:22,Bombus centralis,,38.909195,-104.99544,2681.50781,8797.598083
2020,GPS1,391,7/29/2020,7,29,26,,Allium cernuum,1,clust,14:27,Bombus centralis,,38.90843,-104.99483,2670.75415,8762.317045
2020,GPS1,393,7/29/2020,7,29,28,,Erigeron subtrinervis,26,flow,14:38,Bombus bifarius,,38.905977,-104.99379,2656.50049,8715.553068
2020,GPS3,1224,7/29/2020,7,29,1,,Aconitum columbianum,9,flow,11:13,Bombus bifarius,,38.90253802,-104.992243,2619.787109,8595.102339
2020,GPS3,1224,7/29/2020,7,29,2,,Aconitum columbianum,9,flow,11:17,Bombus mixtus,,38.90253802,-104.992243,2619.787109,8595.102339
2020,GPS3,1230,7/29/2020,7,29,15,,Aconitum columbianum,10,flow,15:29,Bombus centralis,,38.90260801,-104.992209,2645.09375,8678.129379
2020,GPS2,1552,7/29/2020,7,29,33,,Allium cernuum,1,clust,14:21,Bombus bifarius,,38.90321603,-104.99225,2631.386719,8633.158803
2020,GPS2,1559,7/29/2020,7,29,38,,Aconitum columbianum,25,flow,15:22,Bombus appositus,,38.903024,-104.992281,2662.755371,8736.074331
2020,GPS2,1559,7/29/2020,7,29,39,,Aconitum columbianum,25,flow,15:23,Bombus appositus,,38.903024,-104.992281,2662.755371,8736.074331
2020,GPS2,1559,7/29/2020,7,29,41,,Aconitum columbianum,25,flow,15:49,Bombus centralis,,38.903024,-104.992281,2662.755371,8736.074331
2020,GPS1,411,7/30/2020,7,30,13,,Gentianella acuta,26,flow,11:52,Bombus sylvicola,,38.864571,-105.0529,3375.40039,11074.14862
2020,GPS3,1245,7/30/2020,7,30,,,Cirsium scariosum/scopulorum,6,flow,9:42,Bombus occidentalis,,38.86966998,-105.059155,3534.094482,11594.79854
2020,GPS3,1249,7/30/2020,7,30,3,B,Cirsium scariosum/scopulorum,9,flow,9:53,Bombus bifarius,,38.86901502,-105.058109,3528.166016,11575.34819
2020,GPS4,242,7/30/2020,7,30,,,Cirsium scariosum/scopulorum,7,flow,9:11,Bombus occidentalis,,38.87166697,-105.062616,3553.518311,11658.52502
2020,GPS2,1571,7/30/2020,7,30,10,,Cirsium scariosum/scopulorum,8,flow,9:52,Bombus sylvicola,,38.86887303,-105.057396,3526.500244,11569.88306
2020,GPS4,253,7/30/2020,7,30,11,,Telesonix jamesii,14,flow,12:44,Bombus bifarius,,38.86897101,-105.056801,3515.66333,11534.32888
2020,GPS4,243,7/30/2020,7,30,4,,Cirsium scariosum/scopulorum,6,flow,9:24,Bombus sylvicola,,38.87101301,-105.061869,3548.765137,11642.93061
2020,GPS1,444,7/31/2020,7,31,12,,Gentianella acuta,9,flow,11:21,Bombus flavifrons,,38.846931,-105.00735,3109.72363,10202.50567
2020,GPS1,454,7/31/2020,7,31,17,,Erigeron speciosus,24,flow,13:31,Bombus insularis,,38.856541,-104.9582,2660.03149,8727.137714
2020,GPS1,455,7/31/2020,7,31,18,,Erigeron speciosus,120,flow,13:42,Bombus insularis,,38.856497,-104.95756,2655.30054,8711.616224
2020,GPS3,1269,7/31/2020,7,31,4,,Gentianella acuta,57,flow,9:12,Bombus bifarius,,38.85743299,-105.017319,3158.747314,10363.34454
2020,GPS3,1299,7/31/2020,7,31,9,,Rudbeckia laciniata var. ampla,4,flow,13:30,Bombus bifarius,,38.856788,-104.957844,2661.532227,8732.061392
2020,GPS1,457,8/3/2020,8,3,1,,Aconitum columbianum,9,flow,11:09,Bombus flavifrons,,38.903088,-104.99239,2629.10376,8625.66878
2020,GPS1,459,8/4/2020,8,4,1,,Allium cernuum,4,clust,8:11,Bombus centralis,,38.894728,-104.97262,2305.6272,7564.393943
2020,GPS1,464,8/4/2020,8,4,2,,Senecio bigelovii var. hallii,11,flow,8:31,Bombus centralis,,38.89363,-104.97361,2388.12817,7835.066425
2020,GPS1,465,8/4/2020,8,4,3,,Senecio bigelovii var. hallii,19,flow,8:39,Bombus bifarius,,38.893259,-104.97318,2412.74683,7915.83631
2020,GPS1,470,8/4/2020,8,4,6,,Senecio bigelovii var. hallii,50,flow,9:08,Bombus huntii,,38.891774,-104.97411,2508.64966,8230.478151
2020,GPS1,480,8/4/2020,8,4,14,,Allium cernuum,1,clust,9:58,Bombus centralis,,38.890806,-104.97682,2610.15845,8563.512249
2020,GPS1,483,8/4/2020,8,4,15,,Allium cernuum,3,clust,10:22,Bombus centralis,,38.88957,-104.97775,2683.49194,8804.107696
2020,GPS1,499,8/4/2020,8,4,29,,Solidago simplex var. simplex,6,clust,12:42,Bombus bifarius,,38.888538,-104.98507,2848.49976,9345.471953
2020,GPS3,1310,8/4/2020,8,4,1,,Allium cernuum,2,clust,9:05,Bombus centralis,,38.89200599,-104.973859,2496.252441,8189.804859
2020,GPS3,1313,8/4/2020,8,4,2,,Dieteria bigelovii,8,flow,9:13,Bombus centralis,,38.89169401,-104.974241,2511.178955,8238.776363
2020,GPS3,1319,8/4/2020,8,4,4,,Campanula rotundifolia,11,flow,10:20,Bombus rufocinctus,,38.88984304,-104.97774,2659.378662,8724.995889
2020,GPS2,1692,8/4/2020,8,4,30,,Allium cernuum,4,clust,12:47,Bombus rufocinctus,,38.88781001,-104.984375,2834.56665,9299.759648
2020,GPS2,1692,8/4/2020,8,4,32,,Allium cernuum,4,clust,12:52,Bombus centralis,,38.88781001,-104.984375,2834.56665,9299.759648
2020,GPS1,502,8/5/2020,8,5,1,,Chamerion angustifolium,130,flow,9:00,Bombus bifarius,,38.927718,-105.04779,2781.89331,9126.946847
2020,GPS1,502,8/5/2020,8,5,2,,Chamerion angustifolium,130,flow,9:01,Bombus occidentalis,,38.927718,-105.04779,2781.89331,9126.946847
2020,GPS1,502,8/5/2020,8,5,3,,Chamerion angustifolium,130,flow,9:02,Bombus bifarius,,38.927718,-105.04779,2781.89331,9126.946847
2020,GPS1,502,8/5/2020,8,5,4,A,Chamerion angustifolium,130,flow,9:03,Bombus bifarius,,38.927718,-105.04779,2781.89331,9126.946847
2020,GPS1,502,8/5/2020,8,5,4,B,Chamerion angustifolium,130,flow,9:03,Bombus bifarius,,38.927718,-105.04779,2781.89331,9126.946847
2020,GPS1,502,8/5/2020,8,5,5,,Chamerion angustifolium,130,flow,9:04,Bombus occidentalis,,38.927718,-105.04779,2781.89331,9126.946847
2020,GPS1,502,8/5/2020,8,5,6,,Chamerion angustifolium,130,flow,9:05,Bombus bifarius,,38.927718,-105.04779,2781.89331,9126.946847
2020,GPS1,502,8/5/2020,8,5,7,,Chamerion angustifolium,130,flow,9:06,Bombus bifarius,,38.927718,-105.04779,2781.89331,9126.946847
2020,GPS1,502,8/5/2020,8,5,8,,Chamerion angustifolium,130,flow,9:07,Bombus bifarius,,38.927718,-105.04779,2781.89331,9126.946847
2020,GPS1,502,8/5/2020,8,5,9,,Chamerion angustifolium,130,flow,9:08,Bombus occidentalis,,38.927718,-105.04779,2781.89331,9126.946847
2020,GPS1,502,8/5/2020,8,5,10,,Chamerion angustifolium,130,flow,9:09,Bombus bifarius,,38.927718,-105.04779,2781.89331,9126.946847
2020,GPS1,502,8/5/2020,8,5,11,,Chamerion angustifolium,130,flow,9:10,Bombus occidentalis,,38.927718,-105.04779,2781.89331,9126.946847
2020,GPS1,502,8/5/2020,8,5,12,,Chamerion angustifolium,130,flow,9:11,Bombus bifarius,,38.927718,-105.04779,2781.89331,9126.946847
2020,GPS1,502,8/5/2020,8,5,13,,Chamerion angustifolium,130,flow,9:12,Bombus bifarius,,38.927718,-105.04779,2781.89331,9126.946847
2020,GPS1,502,8/5/2020,8,5,14,,Chamerion angustifolium,130,flow,9:13,Bombus bifarius,,38.927718,-105.04779,2781.89331,9126.946847
2020,GPS1,502,8/5/2020,8,5,15,,Chamerion angustifolium,130,flow,9:14,Bombus huntii,,38.927718,-105.04779,2781.89331,9126.946847
2020,GPS1,502,8/5/2020,8,5,16,,Chamerion angustifolium,130,flow,9:15,Bombus flavifrons,,38.927718,-105.04779,2781.89331,9126.946847
2020,GPS1,502,8/5/2020,8,5,17,,Chamerion angustifolium,130,flow,9:16,Bombus bifarius,,38.927718,-105.04779,2781.89331,9126.946847
2020,GPS1,502,8/5/2020,8,5,18,A,Chamerion angustifolium,130,flow,9:17,Bombus bifarius,,38.927718,-105.04779,2781.89331,9126.946847
2020,GPS1,502,8/5/2020,8,5,19,,Chamerion angustifolium,130,flow,9:19,Bombus bifarius,,38.927718,-105.04779,2781.89331,9126.946847
2020,GPS1,502,8/5/2020,8,5,20,,Chamerion angustifolium,130,flow,9:24,Bombus centralis,,38.927718,-105.04779,2781.89331,9126.946847
2020,GPS1,502,8/5/2020,8,5,21,,Chamerion angustifolium,130,flow,9:28,Bombus centralis,,38.927718,-105.04779,2781.89331,9126.946847
2020,GPS1,502,8/5/2020,8,5,22,,Chamerion angustifolium,130,flow,9:30,Bombus bifarius,,38.927718,-105.04779,2781.89331,9126.946847
2020,GPS1,502,8/5/2020,8,5,23,,Chamerion angustifolium,130,flow,9:31,Bombus bifarius,,38.927718,-105.04779,2781.89331,9126.946847
2020,GPS1,502,8/5/2020,8,5,24,,Chamerion angustifolium,130,flow,9:33,Bombus bifarius,,38.927718,-105.04779,2781.89331,9126.946847
2020,GPS1,502,8/5/2020,8,5,25,,Chamerion angustifolium,130,flow,9:35,Bombus bifarius,,38.927718,-105.04779,2781.89331,9126.946847
2020,GPS1,502,8/5/2020,8,5,26,,Chamerion angustifolium,130,flow,9:37,Bombus bifarius,,38.927718,-105.04779,2781.89331,9126.946847
2020,GPS1,502,8/5/2020,8,5,27,,Chamerion angustifolium,130,flow,9:41,Bombus bifarius,,38.927718,-105.04779,2781.89331,9126.946847
2020,GPS1,502,8/5/2020,8,5,29,,Chamerion angustifolium,130,flow,9:47,Bombus bifarius,,38.927718,-105.04779,2781.89331,9126.946847
2020,GPS1,502,8/5/2020,8,5,30,,Chamerion angustifolium,130,flow,9:50,Bombus occidentalis,,38.927718,-105.04779,2781.89331,9126.946847
2020,GPS1,502,8/5/2020,8,5,32,,Chamerion angustifolium,130,flow,9:55,Bombus bifarius,,38.927718,-105.04779,2781.89331,9126.946847
2020,GPS1,502,8/5/2020,8,5,34,,Chamerion angustifolium,130,flow,10:00,Bombus occidentalis,,38.927718,-105.04779,2781.89331,9126.946847
2020,GPS1,502,8/5/2020,8,5,40,,Chamerion angustifolium,130,flow,10:28,Bombus bifarius,,38.927718,-105.04779,2781.89331,9126.946847
2020,GPS1,502,8/5/2020,8,5,44,,Chamerion angustifolium,130,flow,10:41,Bombus occidentalis,,38.927718,-105.04779,2781.89331,9126.946847
2020,GPS1,502,8/5/2020,8,5,45,,Chamerion angustifolium,130,flow,10:44,Bombus centralis,,38.927718,-105.04779,2781.89331,9126.946847
2020,GPS1,502,8/5/2020,8,5,46,,Chamerion angustifolium,130,flow,10:51,Bombus occidentalis,,38.927718,-105.04779,2781.89331,9126.946847
2020,GPS1,502,8/5/2020,8,5,48,,Chamerion angustifolium,130,flow,10:56,Bombus occidentalis,,38.927718,-105.04779,2781.89331,9126.946847
2020,GPS1,502,8/5/2020,8,5,52,,Chamerion angustifolium,130,flow,11:32,Bombus bifarius,,38.927718,-105.04779,2781.89331,9126.946847
2020,GPS1,502,8/5/2020,8,5,55,,Chamerion angustifolium,130,flow,11:41,Bombus occidentalis,,38.927718,-105.04779,2781.89331,9126.946847
2020,GPS3,1331,8/5/2020,8,5,1,B,Chamerion angustifolium,125,flow,9:00,Bombus centralis,,38.92418697,-105.022245,2783.268066,9131.457202
2020,GPS3,1331,8/5/2020,8,5,5,,Chamerion angustifolium,125,flow,9:19,Bombus centralis,,38.92418697,-105.022245,2783.268066,9131.457202
2020,GPS3,1331,8/5/2020,8,5,7,,Chamerion angustifolium,125,flow,9:25,Bombus centralis,,38.92418697,-105.022245,2783.268066,9131.457202
2020,GPS3,1331,8/5/2020,8,5,9,,Chamerion angustifolium,125,flow,9:32,Bombus bifarius,,38.92418697,-105.022245,2783.268066,9131.457202
2020,GPS3,1331,8/5/2020,8,5,14,,Chamerion angustifolium,125,flow,9:50,Bombus bifarius,,38.92418697,-105.022245,2783.268066,9131.457202
2020,GPS3,1332,8/5/2020,8,5,20,,Chamerion angustifolium,125,flow,10:13,Bombus centralis,,38.92418697,-105.022239,2780.940918,9123.822201
2020,GPS3,1332,8/5/2020,8,5,22,,Chamerion angustifolium,125,flow,10:20,Bombus centralis,,38.92418697,-105.022239,2780.940918,9123.822201
2020,GPS3,1332,8/5/2020,8,5,24,,Chamerion angustifolium,125,flow,10:24,Bombus centralis,,38.92418697,-105.022239,2780.940918,9123.822201
2020,GPS3,1332,8/5/2020,8,5,31,,Chamerion angustifolium,125,flow,10:47,Bombus centralis,,38.92418697,-105.022239,2780.940918,9123.822201
2020,GPS3,1332,8/5/2020,8,5,35,,Chamerion angustifolium,125,flow,11:00,Bombus insularis,,38.92418697,-105.022239,2780.940918,9123.822201
2020,GPS3,1333,8/5/2020,8,5,45,,Chamerion angustifolium,120,flow,11:34,Bombus flavifrons,,38.92418303,-105.022258,2782.296631,9128.270079
2020,GPS3,1334,8/5/2020,8,5,49,,Geranium caespitosum,25,flow,12:15,Bombus insularis,,38.925271,-105.021919,2758.218018,9049.272002
2020,GPS2,1700,8/5/2020,8,5,6,,Cirsium canescens,3,flow,9:18,Bombus centralis,,38.92747301,-105.048697,2806.815186,9208.711535
2020,GPS2,1702,8/5/2020,8,5,11,,Colutea arborescens,16,flow,9:36,Bombus insularis,,38.927515,-105.04824,2799.730713,9185.468512
2020,GPS2,1702,8/5/2020,8,5,14,,Colutea arborescens,40,flow,9:44,Bombus insularis,,38.927515,-105.04824,2799.730713,9185.468512
2020,GPS2,1712,8/5/2020,8,5,25,,Linaria vulgaris,200,flow,11:35,Bombus bifarius,,38.92752497,-105.047975,2783.314453,9131.60939
2020,GPS3,1345,8/6/2020,8,6,5,,Gentiana algida,7,flow,11:21,Bombus sylvicola,,38.83910503,-105.036906,4028.556396,13217.04897
2020,GPS3,1348,8/6/2020,8,6,6,,Cirsium scariosum/scopulorum,13,flow,11:34,Bombus bifarius,,38.83844898,-105.036572,4045.352539,13272.15442
2020,GPS1,574,8/10/2020,8,10,8,,Aconitum columbianum,21,flow,10:30,Bombus flavifrons,,38.856469,-104.95748,2655.94043,8713.7156
2020,GPS3,1403,8/10/2020,8,10,10,,Aconitum columbianum,29,flow,11:14,Bombus flavifrons,,38.856428,-104.957458,2654.086914,8707.634511
2020,GPS3,1403,8/10/2020,8,10,11,,Aconitum columbianum,29,flow,11:24,Bombus flavifrons,,38.856428,-104.957458,2654.086914,8707.634511
2020,GPS3,1403,8/10/2020,8,10,12,,Aconitum columbianum,29,flow,11:28,Bombus centralis,,38.856428,-104.957458,2654.086914,8707.634511
2020,GPS3,1404,8/10/2020,8,10,13,,Rudbeckia laciniata var. ampla,4,flow,11:57,Bombus bifarius,,38.85674701,-104.958228,2665.604004,8745.42024
2020,GPS2,1731,8/10/2020,8,10,9,,Rudbeckia laciniata var. ampla,17,flow,11:04,Bombus bifarius,,38.85676302,-104.957978,2658.459229,8721.979377
2020,GPS1,586,8/11/2020,8,11,3,,Geranium caespitosum,50,flow,9:32,Bombus centralis,,38.92473,-105.02226,2776.85962,9110.432116
2020,GPS1,586,8/11/2020,8,11,13,,Geranium caespitosum,50,flow,9:51,Bombus centralis,,38.92473,-105.02226,2776.85962,9110.432116
2020,GPS1,586,8/11/2020,8,11,14,,Geranium caespitosum,50,flow,9:53,Bombus insularis,,38.92473,-105.02226,2776.85962,9110.432116
2020,GPS1,586,8/11/2020,8,11,19,,Geranium caespitosum,50,flow,10:13,Bombus centralis,,38.92473,-105.02226,2776.85962,9110.432116
2020,GPS1,584,8/11/2020,8,11,30,,Chamerion angustifolium,50,flow,12:10,Bombus centralis,,38.924104,-105.02222,2761.21802,9059.114529
2020,GPS3,1407,8/11/2020,8,11,28,,Chamerion angustifolium,24,flow,11:24,Bombus centralis,,38.92411496,-105.022247,2775.049072,9104.491997
2020,GPS3,1407,8/11/2020,8,11,37,,Chamerion angustifolium,24,flow,12:08,Bombus centralis,,38.92411496,-105.022247,2775.049072,9104.491997
2020,GPS2,1738,8/11/2020,8,11,4,,Chamerion angustifolium,25,flow,9:51,Bombus centralis,,38.92419602,-105.022222,2778.648438,9116.300941
2020,GPS2,1738,8/11/2020,8,11,7,,Chamerion angustifolium,25,flow,9:56,Bombus centralis,,38.92419602,-105.022222,2778.648438,9116.300941
2020,GPS2,1738,8/11/2020,8,11,14,,Chamerion angustifolium,25,flow,10:29,Bombus centralis,,38.92419602,-105.022222,2778.648438,9116.300941
2020,GPS2,1738,8/11/2020,8,11,15,,Chamerion angustifolium,25,flow,10:32,Bombus bifarius,,38.92419602,-105.022222,2778.648438,9116.300941
2020,GPS2,1740,8/11/2020,8,11,23,,Geranium caespitosum,50,flow,11:34,Bombus centralis,,38.92529204,-105.021894,2769.092529,9084.949533
2020,GPS2,1740,8/11/2020,8,11,24,,Geranium caespitosum,50,flow,11:51,Bombus centralis,,38.92529204,-105.021894,2769.092529,9084.949533
2020,GPS2,1740,8/11/2020,8,11,25,,Geranium caespitosum,50,flow,11:52,Bombus centralis,,38.92529204,-105.021894,2769.092529,9084.949533
2020,GPS2,1740,8/11/2020,8,11,26,,Geranium caespitosum,50,flow,11:54,Bombus centralis,,38.92529204,-105.021894,2769.092529,9084.949533
2020,GPS2,1745,8/12/2020,8,12,1,,Verbascum thapsus,5,flow,9:41,Bombus bifarius,,38.86546997,-104.9404,2209.917725,7250.386469
2020,GPS4,261,8/13/2020,8,13,2,,Cirsium arvense,4,flow,8:54,Bombus insularis,,38.92424304,-105.02238,2777.405518,9112.22312
2020,GPS4,273,8/13/2020,8,13,14,,Geranium caespitosum,50,flow,10:15,Bombus bifarius,,38.92507302,-105.021893,2767.793701,9080.688286
2020,GPS4,273,8/13/2020,8,13,15,,Geranium caespitosum,50,flow,10:19,Bombus centralis,,38.92507302,-105.021893,2767.793701,9080.688286
2020,GPS4,273,8/13/2020,8,13,17,,Geranium caespitosum,50,flow,10:29,Bombus insularis,,38.92507302,-105.021893,2767.793701,9080.688286
2020,GPS4,273,8/13/2020,8,13,19,,Geranium caespitosum,50,flow,10:38,Bombus centralis,,38.92507302,-105.021893,2767.793701,9080.688286
2020,GPS2,1773,8/13/2020,8,13,14,,Cirsium arvense,13,flow,10:16,Bombus bifarius,,38.92426601,-105.022362,2781.057861,9124.205873
2020,GPS3,1416,8/14/2020,8,14,8,,Geranium caespitosum,50,flow,10:46,Bombus bifarius,,38.92526203,-105.021858,2776.970459,9110.795761
2020,GPS3,1416,8/14/2020,8,14,1,,Geranium caespitosum,50,flow,10:15,Bombus bifarius,,38.92526203,-105.021858,2776.970459,9110.795761
2020,GPS3,1416,8/14/2020,8,14,21,,Geranium caespitosum,50,flow,10:55,Bombus centralis,,38.92526203,-105.021858,2776.970459,9110.795761
2021,GPS1,52,5/25/2021,5,25,1,,Mertensia lanceolata,250,flow,8:58,Bombus centralis,,38.851841,-104.938733,2108.256348,6916.851757
2021,GPS1,64,5/25/2021,5,25,32,,Ribes cereum,75,flow,13:01,Bombus flavifrons,,38.85303299,-104.936744,2071.981445,6797.839604
2021,GPS1,73,5/26/2021,5,26,12,,Prunus pensylvanica,80,clust,11:16,Bombus centralis,,38.85204401,-104.938075,2110.5,6924.21282
2021,GPS2,1826,6/2/2021,6,2,7,,Mertensia lanceolata,300,flow,11:30,Bombus bifarius,,38.89033296,-104.977131,2630.498291,8630.244013
2021,GPS1,112,6/3/2021,6,3,8,,Mertensia lanceolata,65,flow,10:48,Bombus centralis,,38.85242899,-104.937997,2093.840088,6869.554314
2021,GPS2,1864,6/4/2021,6,4,1,,Mertensia lanceolata,100,flow,10:50,Bombus centralis,,38.89289103,-104.973926,2451.877686,8044.218387
2021,GPS2,1886,6/8/2021,6,8,6,,Rosa acicularis subsp. sayi,20,flow,9:15,Bombus bifarius,,38.85243301,-104.937929,2097.137207,6880.371634
2021,GPS2,1886,6/8/2021,6,8,12,,Rubus deliciosus,16,flow,9:55,Bombus bifarius,,38.85243301,-104.937929,2097.137207,6880.371634
2021,GPS2,1895,6/8/2021,6,8,16,,Penstemon virens,400,flow,12:52,Bombus bifarius,,38.85708396,-104.942631,2376.387939,7796.548606
2021,GPS3,44,6/10/2021,6,10,1,,Mertensia lanceolata,110,flow,9:36,Bombus centralis,,38.89309597,-104.97409,2430.61499,7974.458884
2021,GPS2,1944,6/11/2021,6,11,1,,Pedicularis canadensis subsp. fluviatilis,19,clust,8:41,Bombus centralis,f,38.87775499,-104.977493,2635.625732,8647.066327
2021,GPS2,1962,6/11/2021,6,11,2,,Penstemon virens,8,clust,11:52,Bombus centralis,f,38.85652397,-104.955393,2633.998291,8641.726953
2021,GPS2,1963,6/11/2021,6,11,3,,Penstemon virens,40,flow,11:56,Bombus centralis,f,38.85610102,-104.953686,2604.450928,8544.786783
2021,GPS1,197,6/14/2021,6,14,22,,Rubus deliciosus,100,flow,12:16,Bombus bifarius,q,38.90333204,-105.008589,2677.313232,8783.836344
2021,GPS1,197,6/14/2021,6,14,34,,Rubus deliciosus,100,flow,13:21,Bombus bifarius,f,38.90333204,-105.008589,2677.313232,8783.836344
2021,GPS1,211,6/16/2021,6,16,6,,Mertensia lanceolata,140,flow,9:34,Bombus centralis,f,38.89280998,-104.974444,2432.309326,7980.017729
2021,GPS1,267,6/22/2021,6,22,8,,Hydrophyllum fendleri var. fendleri,120,clust,14:14,Bombus rufocinctus,f,38.90077698,-104.991539,2608.851074,8559.222958
2021,GPS1,267,6/22/2021,6,22,9,,Hydrophyllum fendleri var. fendleri,120,clust,14:17,Bombus centralis,f,38.90077698,-104.991539,2608.851074,8559.222958
2021,GPS1,267,6/22/2021,6,22,13,,Hydrophyllum fendleri var. fendleri,120,clust,14:33,Bombus rufocinctus,f,38.90077698,-104.991539,2608.851074,8559.222958
2021,GPS1,277,6/23/2021,6,23,2,,Rubus deliciosus,65,flow,8:49,Bombus rufocinctus,f,38.90224398,-104.99246,2620.61499,8597.818484
2021,GPS1,277,6/23/2021,6,23,,,Rubus deliciosus,65,flow,8:50,Bombus rufocinctus,,38.90224398,-104.99246,2620.61499,8597.818484
2021,GPS1,277,6/23/2021,6,23,4,,Rubus deliciosus,65,flow,8:59,Bombus bifarius,f,38.90224398,-104.99246,2620.61499,8597.818484
2021,GPS1,277,6/23/2021,6,23,5,,Rubus deliciosus,65,flow,9:01,Bombus bifarius,f,38.90224398,-104.99246,2620.61499,8597.818484
2021,GPS1,277,6/23/2021,6,23,6,,Rubus deliciosus,65,flow,9:03,Bombus rufocinctus,f,38.90224398,-104.99246,2620.61499,8597.818484
2021,GPS1,277,6/23/2021,6,23,10,,Rubus deliciosus,65,flow,9:24,Bombus centralis,f,38.90224398,-104.99246,2620.61499,8597.818484
2021,GPS1,279,6/23/2021,6,23,12,,Mertensia ciliata,180,flow,10:03,Bombus bifarius,f,38.90307798,-104.992193,2634.137207,8642.182714
2021,GPS1,288,6/23/2021,6,23,18,,Penstemon virens,500,flow,11:43,Bombus flavifrons,f,38.90915302,-104.995213,2682.637451,8801.304255
2021,GPS1,299,6/23/2021,6,23,24,,Hydrophyllum fendleri var. fendleri,55,clust,12:28,Bombus bifarius,f,38.90265101,-104.992404,2623.196533,8606.288113
2021,GPS1,300,6/23/2021,6,23,25,,Rubus idaeus var. strigosus,60,flow,12:35,Bombus rufocinctus,f,38.90231799,-104.992366,2613.310547,8573.853775
2021,GPS1,278,6/23/2021,6,23,3,,Rubus deliciosus,65,flow,8:41,Bombus bifarius,f,38.90113899,-104.991464,2615.224365,8580.132706
2021,GPS1,278,6/23/2021,6,23,7,,Rubus deliciosus,65,flow,8:57,Bombus centralis,f,38.90113899,-104.991464,2615.224365,8580.132706
2021,GPS1,278,6/23/2021,6,23,8,,Rubus deliciosus,65,flow,9:01,Bombus bifarius,f,38.90113899,-104.991464,2615.224365,8580.132706
2021,GPS1,278,6/23/2021,6,23,11,,Rubus deliciosus,65,flow,9:18,Bombus centralis,f,38.90113899,-104.991464,2615.224365,8580.132706
2021,GPS3,101,6/23/2021,6,23,14,,Mertensia lanceolata,5,flow,10:10,Bombus centralis,f,38.902822,-104.99235,2630.005127,8628.626021
2021,GPS3,101,6/23/2021,6,23,15,,Mertensia ciliata,50,flow,10:15,Bombus centralis,,38.902822,-104.99235,2630.005127,8628.626021
2021,GPS1,314,6/24/2021,6,24,3,,Rubus deliciosus,160,flow,8:57,Bombus bifarius,q,38.90372104,-104.992018,2642.277832,8668.890802
2021,GPS1,314,6/24/2021,6,24,4,,Rubus deliciosus,160,flow,8:58,Bombus centralis,f,38.90372104,-104.992018,2642.277832,8668.890802
2021,GPS1,314,6/24/2021,6,24,5,,Rubus deliciosus,160,flow,8:59,Bombus centralis,f,38.90372104,-104.992018,2642.277832,8668.890802
2021,GPS1,326,6/24/2021,6,24,19,,Hydrophyllum fendleri var. fendleri,1,clust,12:55,Bombus rufocinctus,f,38.90185397,-104.99235,2613.015137,8572.884582
2021,GPS4,56,6/24/2021,6,24,3,,Hydrophyllum fendleri var. fendleri,3,flow,8:35,Bombus centralis,f,38.90287497,-104.992404,2633.541016,8640.226707
2021,GPS4,77,6/24/2021,6,24,15,,Mertensia lanceolata,11,flow,11:24,Bombus centralis,f,38.90756004,-104.99448,2670.746094,8762.290615
2021,GPS4,79,6/24/2021,6,24,16,,Frasera speciosa,5,flow,12:18,Bombus bifarius,q,38.907769,-104.994539,2662.172119,8734.160775
2021,GPS2,4,6/24/2021,6,24,1,,Hydrophyllum fendleri var. fendleri,20,flow,8:50,Bombus centralis,q,38.90270096,-104.99236,2636.526367,8650.021166
2021,GPS2,4,6/24/2021,6,24,2,,Dodecatheon pulchellum var. pulchellum,35,flow,8:55,Bombus huntii,,38.90270096,-104.99236,2636.526367,8650.021166
2021,GPS2,12,6/24/2021,6,24,7,,Thermopsis rhombifolia,5,flow,10:26,Bombus centralis,q,38.90528804,-104.993422,2650.104736,8694.569622
2021,GPS2,15,6/24/2021,6,24,8,,Mertensia ciliata,6,flow,10:36,Bombus centralis,q,38.90464196,-104.993073,2649.349365,8692.091371
2021,GPS2,30,6/25/2021,6,25,2,,Penstemon glaber,32,flow,8:21,Bombus flavifrons,f,38.88899102,-104.983931,2832.847656,9294.119904
2021,GPS2,35,6/28/2021,6,28,12,,Mertensia ciliata,15,flow,13:18,Bombus flavifrons,f,38.93077003,-105.045577,2821.8479,9258.031464
2021,GPS2,35,6/28/2021,6,28,13,,Mertensia ciliata,60,flow,13:28,Bombus centralis,f,38.93077003,-105.045577,2821.8479,9258.031464
2021,GPS3,132,6/28/2021,6,28,15,,Penstemon glaber,172,flow,13:46,Bombus melanopygus,,38.92815404,-105.048854,2817.105957,9242.473908
2021,GPS3,132,6/28/2021,6,28,19,,Penstemon glaber,172,flow,14:09,Bombus melanopygus,f,38.92815404,-105.048854,2817.105957,9242.473908
2021,GPS2,32,6/28/2021,6,28,1,,Penstemon virens,120,flow,10:53,Bombus huntii,f,38.90100799,-104.991637,2613.898682,8575.783352
2021,GPS2,33,6/28/2021,6,28,2,,Penstemon virens,200,flow,11:02,Bombus centralis,f,38.90101704,-104.991289,2607.956787,8556.288945
2021,GPS2,33,6/28/2021,6,28,3,,Penstemon virens,200,flow,11:07,Bombus flavifrons,f,38.90101704,-104.991289,2607.956787,8556.288945
2021,GPS2,33,6/28/2021,6,28,,,Penstemon virens,200,flow,11:08,Bombus huntii,,38.90101704,-104.991289,2607.956787,8556.288945
2021,GPS2,35,6/28/2021,6,28,8,,Potentilla fruticosa,120,flow,13:18,Bombus huntii,f,38.93077003,-105.045577,2821.8479,9258.031464
2021,GPS2,35,6/28/2021,6,28,,,Rudbeckia hirta var. pulcherrima,7,flow,13:19,Bombus huntii,,38.93077003,-105.045577,2821.8479,9258.031464
2021,GPS2,35,6/28/2021,6,28,9,,Potentilla fruticosa,29,flow,13:31,Bombus centralis,q,38.93077003,-105.045577,2821.8479,9258.031464
2021,GPS2,35,6/28/2021,6,28,10,,Dodecatheon pulchellum var. pulchellum,3,flow,13:33,Bombus centralis,q,38.93077003,-105.045577,2821.8479,9258.031464
2021,GPS2,37,6/28/2021,6,28,12,,Penstemon glaber,172,flow,13:56,Bombus appositus,q,38.92568196,-105.044081,2822.851807,9261.325122
2021,GPS2,37,6/28/2021,6,28,14,A,Penstemon glaber,172,flow,14:06,Bombus bifarius,f,38.92568196,-105.044081,2822.851807,9261.325122
2021,GPS2,37,6/28/2021,6,28,14,B,Penstemon glaber,172,flow,14:10,Bombus bifarius,f,38.92568196,-105.044081,2822.851807,9261.325122
2021,GPS2,37,6/28/2021,6,28,15,A,Penstemon glaber,172,flow,14:18,Bombus bifarius,f,38.92568196,-105.044081,2822.851807,9261.325122
2021,GPS2,37,6/28/2021,6,28,15,B,Penstemon glaber,172,flow,14:19,Bombus flavifrons,f,38.92568196,-105.044081,2822.851807,9261.325122
2021,GPS2,37,6/28/2021,6,28,16,B,Penstemon glaber,172,flow,14:40,Bombus bifarius,,38.92568196,-105.044081,2822.851807,9261.325122
2021,GPS2,37,6/28/2021,6,28,,,Penstemon glaber,172,flow,14:45,Bombus bifarius,,38.92568196,-105.044081,2822.851807,9261.325122
2021,GPS2,37,6/28/2021,6,28,,,Penstemon glaber,172,flow,14:58,Bombus bifarius,,38.92568196,-105.044081,2822.851807,9261.325122
2021,GPS3,132,6/29/2021,6,29,2,,Penstemon glaber,150,flow,8:29,Bombus bifarius,f,38.92815404,-105.048854,2817.105957,9242.473908
2021,GPS3,132,6/29/2021,6,29,3,,Penstemon glaber,150,flow,8:30,Bombus bifarius,f,38.92815404,-105.048854,2817.105957,9242.473908
2021,GPS3,132,6/29/2021,6,29,5,,Penstemon glaber,150,flow,8:41,Bombus bifarius,f,38.92815404,-105.048854,2817.105957,9242.473908
2021,GPS3,132,6/29/2021,6,29,7,,Penstemon glaber,150,flow,9:05,Bombus melanopygus,,38.92815404,-105.048854,2817.105957,9242.473908
2021,GPS3,135,6/29/2021,6,29,17,,Penstemon virens,600,flow,13:05,Bombus rufocinctus,q,38.90102701,-104.991298,2614.650879,8578.25119
2021,GPS2,40,6/29/2021,6,29,1,,Caragana arborescens,2000,flow,8:56,Bombus rufocinctus,q,38.92479801,-105.022178,2700.872559,8861.130726
2021,GPS2,40,6/29/2021,6,29,2,,Caragana arborescens,2000,flow,8:58,Bombus centralis,f,38.92479801,-105.022178,2700.872559,8861.130726
2021,GPS2,40,6/29/2021,6,29,3,,Caragana arborescens,2000,flow,9:08,Bombus flavifrons,f,38.92479801,-105.022178,2700.872559,8861.130726
2021,GPS2,40,6/29/2021,6,29,4,,Caragana arborescens,2000,flow,9:12,Bombus flavifrons,f,38.92479801,-105.022178,2700.872559,8861.130726
2021,GPS2,40,6/29/2021,6,29,5,,Caragana arborescens,2000,flow,9:14,Bombus centralis,f,38.92479801,-105.022178,2700.872559,8861.130726
2021,GPS2,40,6/29/2021,6,29,6,,Caragana arborescens,2000,flow,9:15,Bombus nevadensis,f,38.92479801,-105.022178,2700.872559,8861.130726
2021,GPS2,40,6/29/2021,6,29,7,,Caragana arborescens,2000,flow,9:27,Bombus appositus,q,38.92479801,-105.022178,2700.872559,8861.130726
2021,GPS2,40,6/29/2021,6,29,8,,Caragana arborescens,2000,flow,9:30,Bombus appositus,f,38.92479801,-105.022178,2700.872559,8861.130726
2021,GPS2,40,6/29/2021,6,29,9,,Caragana arborescens,500,flow,9:35,Bombus flavifrons,q,38.92479801,-105.022178,2700.872559,8861.130726
2021,GPS2,41,6/29/2021,6,29,10,,Cymopterus lemmonii,2,clust,9:41,Bombus flavifrons,f,38.923791,-105.021552,2789.068604,9150.487839
2021,GPS2,43,6/29/2021,6,29,11,,Frasera speciosa,10,flow,9:48,Bombus centralis,f,38.92303202,-105.021397,2788.707275,9149.302376
2021,GPS2,45,6/29/2021,6,29,12,,Penstemon glaber,5,flow,10:27,Bombus bifarius,f,38.92369302,-105.022511,2796.135254,9173.672387
2021,GPS2,52,6/29/2021,6,29,13,,Rubus idaeus var. strigosus,100,flow,11:16,Bombus rufocinctus,q,38.90162297,-104.992246,2616.95459,8585.809297
2021,GPS2,52,6/29/2021,6,29,14,,Rubus idaeus var. strigosus,100,flow,11:21,Bombus huntii,q,38.90162297,-104.992246,2616.95459,8585.809297
2021,GPS2,52,6/29/2021,6,29,15,,Rubus idaeus var. strigosus,100,flow,11:25,Bombus centralis,f,38.90162297,-104.992246,2616.95459,8585.809297
2021,GPS2,52,6/29/2021,6,29,17,,Rubus idaeus var. strigosus,100,flow,11:28,Bombus huntii,q,38.90162297,-104.992246,2616.95459,8585.809297
2021,GPS2,52,6/29/2021,6,29,30,,Rubus idaeus var. strigosus,100,flow,12:47,Bombus rufocinctus,q,38.90162297,-104.992246,2616.95459,8585.809297
2021,GPS2,52,6/29/2021,6,29,36,,Rubus idaeus var. strigosus,100,flow,13:11,Bombus centralis,f,38.90162297,-104.992246,2616.95459,8585.809297
2021,GPS3,138,6/30/2021,6,30,17,,Potentilla fruticosa,20,flow,13:05,Bombus bifarius,f,38.90064597,-104.991062,2616.142334,8583.144415
2021,GPS2,53,6/30/2021,6,30,1,,Penstemon glaber,100,flow,10:37,Bombus bifarius,f,38.90854097,-105.013753,2745.727051,9008.291138
2021,GPS2,53,6/30/2021,6,30,2,,Penstemon glaber,100,flow,10:41,Bombus bifarius,f,38.90854097,-105.013753,2745.727051,9008.291138
2021,GPS2,53,6/30/2021,6,30,4,,Penstemon glaber,100,flow,10:49,Bombus bifarius,f,38.90854097,-105.013753,2745.727051,9008.291138
2021,GPS2,52,6/30/2021,6,30,14,,Rubus idaeus var. strigosus,100,flow,12:09,Bombus centralis,,38.90162297,-104.992246,2616.95459,8585.809297
2021,GPS2,52,6/30/2021,6,30,15,,Rubus idaeus var. strigosus,100,flow,12:11,Bombus bifarius,f,38.90162297,-104.992246,2616.95459,8585.809297
2021,GPS2,52,6/30/2021,6,30,,,Rubus idaeus var. strigosus,100,flow,12:32,Bombus bifarius,,38.90162297,-104.992246,2616.95459,8585.809297
2021,GPS2,52,6/30/2021,6,30,18,,Rubus idaeus var. strigosus,100,flow,12:45,Bombus centralis,f,38.90162297,-104.992246,2616.95459,8585.809297
2021,GPS2,52,6/30/2021,6,30,,,Rubus idaeus var. strigosus,100,flow,12:51,Bombus bifarius,,38.90162297,-104.992246,2616.95459,8585.809297
2021,GPS2,52,6/30/2021,6,30,20,,Rubus idaeus var. strigosus,100,flow,13:04,Bombus centralis,f,38.90162297,-104.992246,2616.95459,8585.809297
2021,GPS2,52,6/30/2021,6,30,21,,Rubus idaeus var. strigosus,100,flow,13:09,Bombus centralis,f,38.90162297,-104.992246,2616.95459,8585.809297
2021,GPS2,52,6/30/2021,6,30,26,,Rubus idaeus var. strigosus,100,flow,13:42,Bombus bifarius,f,38.90162297,-104.992246,2616.95459,8585.809297
2021,GPS2,52,6/30/2021,6,30,,,Rubus idaeus var. strigosus,100,flow,13:52,Bombus bifarius,,38.90162297,-104.992246,2616.95459,8585.809297
2021,GPS2,52,6/30/2021,6,30,,,Rubus idaeus var. strigosus,100,flow,14:02,Bombus bifarius,,38.90162297,-104.992246,2616.95459,8585.809297
2021,GPS2,52,6/30/2021,6,30,,,Rubus idaeus var. strigosus,100,flow,14:05,Bombus bifarius,,38.90162297,-104.992246,2616.95459,8585.809297
2021,GPS3,140,7/1/2021,7,1,7,,Geranium caespitosum,4,flow,11:03,Bombus centralis,f,38.90889896,-105.013418,2636.645264,8650.411248
2021,GPS2,55,7/1/2021,7,1,1,,Penstemon glaber,100,flow,9:19,Bombus bifarius,f,38.92774601,-105.048208,2793.486816,9164.983285
2021,GPS2,55,7/1/2021,7,1,2,,Penstemon glaber,100,flow,9:25,Bombus flavifrons,f,38.92774601,-105.048208,2793.486816,9164.983285
2021,GPS2,55,7/1/2021,7,1,3,,Penstemon glaber,100,flow,9:31,Bombus bifarius,f,38.92774601,-105.048208,2793.486816,9164.983285
2021,GPS2,55,7/1/2021,7,1,5,,Penstemon glaber,100,flow,9:44,Bombus bifarius,f,38.92774601,-105.048208,2793.486816,9164.983285
2021,GPS2,55,7/1/2021,7,1,10,,Melilotus officinalis,3,clust,10:19,Bombus flavifrons,f,38.92774601,-105.048208,2793.486816,9164.983285
2021,GPS2,55,7/1/2021,7,1,11,,Penstemon glaber,100,flow,10:43,Bombus bifarius,f,38.92774601,-105.048208,2793.486816,9164.983285
2021,GPS2,57,7/1/2021,7,1,14,,Rubus idaeus var. strigosus,100,flow,11:24,Bombus bifarius,f,38.90159204,-104.992223,2617.826904,8588.67122
2021,GPS2,57,7/1/2021,7,1,15,,Hydrophyllum fendleri var. fendleri,4,clust,11:29,Bombus centralis,f,38.90159204,-104.992223,2617.826904,8588.67122
2021,GPS2,57,7/1/2021,7,1,,,Hydrophyllum fendleri var. fendleri,4,clust,11:45,Bombus centralis,,38.90159204,-104.992223,2617.826904,8588.67122
2021,GPS2,57,7/1/2021,7,1,18,,Rubus idaeus var. strigosus,100,flow,12:14,Bombus centralis,f,38.90159204,-104.992223,2617.826904,8588.67122
2021,GPS2,57,7/1/2021,7,1,23,A,Rubus idaeus var. strigosus,100,flow,13:00,Bombus centralis,f,38.90159204,-104.992223,2617.826904,8588.67122
2021,GPS3,148,7/2/2021,7,2,12,,Penstemon virens,100,flow,12:07,Bombus centralis,f,38.90103003,-104.991659,2601.454102,8534.954676
2021,GPS4,89,7/2/2021,7,2,2,,Frasera speciosa,15,flow,8:41,Bombus centralis,f,38.90607803,-104.993574,2660.037842,8727.158554
2021,GPS4,96,7/2/2021,7,2,,,Rubus idaeus var. strigosus,100,flow,10:04,Bombus flavifrons,,38.90165197,-104.992241,2620.632324,8597.875354
2021,GPS4,96,7/2/2021,7,2,7,,Rubus idaeus var. strigosus,100,flow,10:07,Bombus centralis,f,38.90165197,-104.992241,2620.632324,8597.875354
2021,GPS4,96,7/2/2021,7,2,8,,Rubus idaeus var. strigosus,100,flow,10:09,Bombus huntii,f,38.90165197,-104.992241,2620.632324,8597.875354
2021,GPS4,100,7/2/2021,7,2,14,,Frasera speciosa,20,flow,11:48,Bombus bifarius,q,38.90596597,-104.993613,2653.721924,8706.437037
2021,GPS4,100,7/2/2021,7,2,15,,Frasera speciosa,20,flow,11:49,Bombus bifarius,f,38.90596597,-104.993613,2653.721924,8706.437037
2021,GPS4,100,7/2/2021,7,2,,,Frasera speciosa,20,flow,11:54,Bombus flavifrons,,38.90596597,-104.993613,2653.721924,8706.437037
2021,GPS4,100,7/2/2021,7,2,,,Frasera speciosa,20,flow,11:57,Bombus flavifrons,,38.90596597,-104.993613,2653.721924,8706.437037
2021,GPS4,100,7/2/2021,7,2,18,,Frasera speciosa,20,flow,12:06,Bombus bifarius,f,38.90596597,-104.993613,2653.721924,8706.437037
2021,GPS2,67,7/2/2021,7,2,2,,Rubus idaeus var. strigosus,100,flow,9:42,Bombus bifarius,f,38.90158801,-104.992217,2623.506836,8607.306168
2021,GPS2,67,7/2/2021,7,2,,,Rubus idaeus var. strigosus,100,flow,10:00,Bombus bifarius,,38.90158801,-104.992217,2623.506836,8607.306168
2021,GPS2,69,7/2/2021,7,2,7,,Hydrophyllum fendleri var. fendleri,30,clust,11:22,Bombus flavifrons,f,38.90108602,-104.991654,2606.676758,8552.089375
2021,GPS2,70,7/2/2021,7,2,8,,Geranium caespitosum,3,flow,11:36,Bombus centralis,f,38.90108401,-104.991658,2603.814209,8542.697809
2021,GPS2,69,7/2/2021,7,2,9,,Hydrophyllum fendleri var. fendleri,30,clust,11:40,Bombus centralis,f,38.90108602,-104.991654,2606.676758,8552.089375
2021,GPS2,69,7/2/2021,7,2,11,,Hydrophyllum fendleri var. fendleri,30,clust,11:50,Bombus bifarius,f,38.90108602,-104.991654,2606.676758,8552.089375
2021,GPS2,69,7/2/2021,7,2,13,,Hydrophyllum fendleri var. fendleri,30,clust,11:57,Bombus bifarius,f,38.90108602,-104.991654,2606.676758,8552.089375
2021,GPS2,69,7/2/2021,7,2,15,,Hydrophyllum fendleri var. fendleri,30,clust,12:10,Bombus bifarius,f,38.90108602,-104.991654,2606.676758,8552.089375
2021,GPS2,69,7/2/2021,7,2,16,,Hydrophyllum fendleri var. fendleri,30,clust,12:18,Bombus centralis,f,38.90108602,-104.991654,2606.676758,8552.089375
2021,GPS2,69,7/2/2021,7,2,17,,Hydrophyllum fendleri var. fendleri,30,clust,12:20,Bombus centralis,f,38.90108602,-104.991654,2606.676758,8552.089375
2021,GPS2,69,7/2/2021,7,2,18,,Hydrophyllum fendleri var. fendleri,30,clust,12:23,Bombus bifarius,f,38.90108602,-104.991654,2606.676758,8552.089375
2021,GPS2,71,7/2/2021,7,2,19,,Thlaspi arvense,100,clust,12:28,Bombus rufocinctus,f,38.90117898,-104.991549,2613.86792,8575.682427
2021,GPS2,71,7/2/2021,7,2,20,,Thlaspi arvense,100,clust,12:31,Bombus bifarius,f,38.90117898,-104.991549,2613.86792,8575.682427
2021,GPS2,71,7/2/2021,7,2,21,,Thlaspi arvense,100,clust,12:32,Bombus bifarius,f,38.90117898,-104.991549,2613.86792,8575.682427
2021,GPS1,331,7/6/2021,7,6,1,,Frasera speciosa,12,flow,8:58,Bombus rufocinctus,q,38.855279,-104.878767,1872.46,6143.241666
2021,GPS1,332,7/6/2021,7,6,2,a,Campanula rotundifolia,21,flow,9:03,Bombus rufocinctus,f,38.92337099,-105.022444,2789.622559,9152.305276
2021,GPS1,332,7/6/2021,7,6,2,b,Campanula rotundifolia,21,flow,9:03,Bombus rufocinctus,f,38.92337099,-105.022444,2789.622559,9152.305276
2021,GPS1,333,7/6/2021,7,6,4,,Frasera speciosa,14,flow,9:34,Bombus centralis,f,38.92392201,-105.022888,2786.578125,9142.316976
2021,GPS1,333,7/6/2021,7,6,8,,Frasera speciosa,14,flow,10:12,Bombus bifarius,f,38.92392201,-105.022888,2786.578125,9142.316976
2021,GPS1,333,7/6/2021,7,6,9,,Frasera speciosa,14,flow,10:34,Bombus rufocinctus,f,38.92392201,-105.022888,2786.578125,9142.316976
2021,GPS1,333,7/6/2021,7,6,12,,Frasera speciosa,14,flow,11:01,Bombus flavifrons,f,38.92392201,-105.022888,2786.578125,9142.316976
2021,GPS1,338,7/6/2021,7,6,18,,Linaria dalmatica subsp. dalmatica,3,flow,13:42,Bombus centralis,f,38.85525503,-104.924568,2025.562256,6645.545672
2021,GPS3,152,7/6/2021,7,6,1,,Rubus deliciosus,65,flow,8:35,Bombus bifarius,f,38.92923899,-105.043068,2795.905029,9172.917055
2021,GPS3,152,7/6/2021,7,6,3,,Rubus deliciosus,65,flow,8:40,Bombus centralis,f,38.92923899,-105.043068,2795.905029,9172.917055
2021,GPS3,152,7/6/2021,7,6,5,,Rubus deliciosus,65,flow,8:45,Bombus centralis,f,38.92923899,-105.043068,2795.905029,9172.917055
2021,GPS3,152,7/6/2021,7,6,6,,Rubus deliciosus,65,flow,8:46,Bombus centralis,f,38.92923899,-105.043068,2795.905029,9172.917055
2021,GPS3,152,7/6/2021,7,6,8,,Rubus deliciosus,65,flow,8:48,Bombus centralis,f,38.92923899,-105.043068,2795.905029,9172.917055
2021,GPS3,152,7/6/2021,7,6,9,,Rubus deliciosus,65,flow,8:53,Bombus bifarius,f,38.92923899,-105.043068,2795.905029,9172.917055
2021,GPS3,152,7/6/2021,7,6,11,,Rubus deliciosus,65,flow,9:01,Bombus centralis,f,38.92923899,-105.043068,2795.905029,9172.917055
2021,GPS3,152,7/6/2021,7,6,13,,Rubus deliciosus,65,flow,9:10,Bombus centralis,f,38.92923899,-105.043068,2795.905029,9172.917055
2021,GPS3,152,7/6/2021,7,6,15,,Rubus deliciosus,65,flow,9:19,Bombus centralis,f,38.92923899,-105.043068,2795.905029,9172.917055
2021,GPS3,152,7/6/2021,7,6,16,,Rubus deliciosus,65,flow,9:21,Bombus centralis,f,38.92923899,-105.043068,2795.905029,9172.917055
2021,GPS2,81,7/6/2021,7,6,20,,Potentilla fruticosa,40,flow,10:08,Bombus centralis,f,38.930678,-105.045815,2778.174561,9114.746227
2021,GPS2,85,7/6/2021,7,6,25,,Cirsium undulatum,1,flow,11:10,Bombus centralis,f,38.92193601,-105.0251,2816.651611,9240.983271
2021,GPS1,334,7/6/2021,7,6,26,,Arnica fulgens,40,flow,12:33,Bombus flavifrons,f,38.85611803,-104.925216,2017.608643,6619.45114
2021,GPS2,72,7/6/2021,7,6,1,,Aliciella pinnatifida,30,flow,8:50,Bombus centralis,f,38.92267504,-105.023837,2781.197021,9124.662434
2021,GPS2,73,7/6/2021,7,6,2,,Sedum lanceolatum var. lanceolatum,20,flow,8:52,Bombus bifarius,f,38.922524,-105.022795,2790.530029,9155.28254
2021,GPS2,73,7/6/2021,7,6,3,,Sedum lanceolatum var. lanceolatum,10,flow,8:54,Bombus bifarius,f,38.922524,-105.022795,2790.530029,9155.28254
2021,GPS2,74,7/6/2021,7,6,4,,Potentilla fruticosa,100,flow,9:04,Bombus bifarius,f,38.92335003,-105.02244,2786.374268,9141.648153
2021,GPS2,75,7/6/2021,7,6,5,,Caragana arborescens,500,flow,9:15,Bombus appositus,f,38.92466901,-105.022311,2777.93335,9113.954852
2021,GPS2,77,7/6/2021,7,6,7,,Frasera speciosa,10,flow,9:30,Bombus rufocinctus,f,38.92382897,-105.022607,2784.231201,9134.617093
2021,GPS2,79,7/6/2021,7,6,9,,Penstemon glaber,6,flow,9:43,Bombus appositus,f,38.92197498,-105.024906,2813.573486,9230.884436
2021,GPS2,81,7/6/2021,7,6,10,,Jamesia americana var. americana,300,flow,10:11,Bombus centralis,f,38.930678,-105.045815,2778.174561,9114.746227
2021,GPS2,84,7/6/2021,7,6,11,,Lupinus argenteus subsp. argenteus,4,clust,10:34,Bombus centralis,f,38.92177801,-105.025335,2816.69458,9241.124246
2021,GPS2,84,7/6/2021,7,6,13,,Lupinus argenteus subsp. argenteus,20,clust,10:52,Bombus centralis,f,38.92177801,-105.025335,2816.69458,9241.124246
2021,GPS2,86,7/6/2021,7,6,14,,Potentilla fruticosa,60,flow,11:10,Bombus bifarius,f,38.92207598,-105.025148,2816.358643,9240.02209
2021,GPS2,87,7/6/2021,7,6,15,,Lupinus argenteus subsp. argenteus,10,clust,11:12,Bombus nevadensis,,38.921963,-105.024971,2809.825439,9218.587693
2021,GPS2,91,7/6/2021,7,6,16,B,Erigeron subtrinervis,22,flow,12:38,Bombus bifarius,f,38.85556298,-104.934233,2048.67627,6721.379054
2021,GPS1,339,7/7/2021,7,7,1,,Rubus deliciosus,65,flow,8:32,Bombus centralis,,38.92920798,-105.042995,2791.996094,9160.092465
2021,GPS1,339,7/7/2021,7,7,2,,Rubus deliciosus,65,flow,8:40,Bombus bifarius,f,38.92920798,-105.042995,2791.996094,9160.092465
2021,GPS1,339,7/7/2021,7,7,3,,Rubus deliciosus,65,flow,8:48,Bombus centralis,f,38.92920798,-105.042995,2791.996094,9160.092465
2021,GPS1,339,7/7/2021,7,7,4,,Rubus deliciosus,65,flow,9:01,Bombus bifarius,f,38.92920798,-105.042995,2791.996094,9160.092465
2021,GPS1,339,7/7/2021,7,7,5,,Rubus deliciosus,65,flow,9:07,Bombus centralis,,38.92920798,-105.042995,2791.996094,9160.092465
2021,GPS1,339,7/7/2021,7,7,6,,Rubus deliciosus,65,flow,9:15,Bombus flavifrons,f,38.92920798,-105.042995,2791.996094,9160.092465
2021,GPS1,339,7/7/2021,7,7,8,,Potentilla fruticosa,33,flow,9:38,Bombus centralis,f,38.92920798,-105.042995,2791.996094,9160.092465
2021,GPS1,341,7/7/2021,7,7,10,a,Potentilla fruticosa,20,flow,9:51,Bombus bifarius,f,38.92925902,-105.042903,2793.180908,9163.97965
2021,GPS1,341,7/7/2021,7,7,12,,Rubus idaeus var. strigosus,41,flow,9:56,Bombus melanopygus,,38.92925902,-105.042903,2793.180908,9163.97965
2021,GPS1,344,7/7/2021,7,7,15,,Rubus idaeus var. strigosus,20,flow,10:12,Bombus bifarius,f,38.92927201,-105.043015,2796.130615,9173.657167
2021,GPS1,344,7/7/2021,7,7,16,,Potentilla fruticosa,12,flow,10:13,Bombus centralis,f,38.92927201,-105.043015,2796.130615,9173.657167
2021,GPS1,347,7/7/2021,7,7,20,,Rosa acicularis subsp. sayi,20,flow,10:49,Bombus melanopygus,f,38.92829896,-105.046711,2780.859131,9123.553871
2021,GPS1,347,7/7/2021,7,7,21,,Rosa acicularis subsp. sayi,20,flow,10:59,Bombus centralis,f,38.92829896,-105.046711,2780.859131,9123.553871
2021,GPS1,347,7/7/2021,7,7,22,,Rosa acicularis subsp. sayi,20,flow,11:03,Bombus melanopygus,f,38.92829896,-105.046711,2780.859131,9123.553871
2021,GPS1,347,7/7/2021,7,7,29,,Rosa acicularis subsp. sayi,20,flow,11:43,Bombus centralis,f,38.92829896,-105.046711,2780.859131,9123.553871
2021,GPS3,151,7/7/2021,7,7,1,,Rubus deliciosus,16,flow,8:25,Bombus centralis,f,38.90050801,-104.991395,2609.24,8560.498962
2021,GPS3,151,7/7/2021,7,7,2,,Rubus deliciosus,16,flow,8:35,Bombus centralis,f,38.90050801,-104.991395,2609.24,8560.498962
2021,GPS3,151,7/7/2021,7,7,3,,Rubus deliciosus,16,flow,8:41,Bombus bifarius,f,38.90050801,-104.991395,2609.24,8560.498962
2021,GPS3,151,7/7/2021,7,7,4,,Rubus deliciosus,16,flow,8:48,Bombus centralis,f,38.90050801,-104.991395,2609.24,8560.498962
2021,GPS3,151,7/7/2021,7,7,5,,Physocarpus monogynus,150,clust,8:54,Bombus centralis,f,38.90050801,-104.991395,2609.24,8560.498962
2021,GPS3,151,7/7/2021,7,7,6,,Physocarpus monogynus,150,clust,9:20,Bombus bifarius,f,38.90050801,-104.991395,2609.24,8560.498962
2021,GPS3,151,7/7/2021,7,7,7,,Physocarpus monogynus,150,clust,9:30,Bombus centralis,f,38.90050801,-104.991395,2609.24,8560.498962
2021,GPS3,151,7/7/2021,7,7,8,,Physocarpus monogynus,150,clust,9:40,Bombus centralis,f,38.90050801,-104.991395,2609.24,8560.498962
2021,GPS3,153,7/7/2021,7,7,12,A,Rosa acicularis subsp. sayi,10,flow,10:55,Bombus melanopygus,f,38.92822897,-105.046952,2784.049072,9134.019557
2021,GPS3,153,7/7/2021,7,7,17,,Rosa acicularis subsp. sayi,10,flow,11:15,Bombus centralis,f,38.92822897,-105.046952,2784.049072,9134.019557
2021,GPS3,153,7/7/2021,7,7,21,B,Rosa acicularis subsp. sayi,10,flow,11:38,Bombus rufocinctus,q,38.92822897,-105.046952,2784.049072,9134.019557
2021,GPS3,153,7/7/2021,7,7,23,,Rosa acicularis subsp. sayi,10,flow,12:05,Bombus rufocinctus,f,38.92822897,-105.046952,2784.049072,9134.019557
2021,GPS3,153,7/7/2021,7,7,27,,Rosa acicularis subsp. sayi,10,flow,12:26,Bombus centralis,,38.92822897,-105.046952,2784.049072,9134.019557
2021,GPS2,102,7/7/2021,7,7,1,,Linum lewisii,50,flow,8:29,Bombus rufocinctus,f,38.928191,-105.04703,2782.04248,9127.43625
2021,GPS2,102,7/7/2021,7,7,2,,Linum lewisii,50,flow,8:30,Bombus rufocinctus,f,38.928191,-105.04703,2782.04248,9127.43625
2021,GPS2,102,7/7/2021,7,7,3,A,Linum lewisii,50,flow,8:37,Bombus flavifrons,f,38.928191,-105.04703,2782.04248,9127.43625
2021,GPS2,102,7/7/2021,7,7,5,,Linum lewisii,50,flow,8:45,Bombus centralis,f,38.928191,-105.04703,2782.04248,9127.43625
2021,GPS2,102,7/7/2021,7,7,6,,Linum lewisii,50,flow,8:49,Bombus rufocinctus,f,38.928191,-105.04703,2782.04248,9127.43625
2021,GPS2,102,7/7/2021,7,7,7,,Linum lewisii,50,flow,8:52,Bombus centralis,f,38.928191,-105.04703,2782.04248,9127.43625
2021,GPS2,102,7/7/2021,7,7,8,,Linum lewisii,50,flow,8:56,Bombus rufocinctus,f,38.928191,-105.04703,2782.04248,9127.43625
2021,GPS2,102,7/7/2021,7,7,9,,Linum lewisii,50,flow,9:00,Bombus rufocinctus,f,38.928191,-105.04703,2782.04248,9127.43625
2021,GPS2,102,7/7/2021,7,7,12,,Linum lewisii,50,flow,9:18,Bombus flavifrons,f,38.928191,-105.04703,2782.04248,9127.43625
2021,GPS2,102,7/7/2021,7,7,,,Phacelia hastata,3,clust,9:21,Bombus flavifrons,,38.928191,-105.04703,2782.04248,9127.43625
2021,GPS2,102,7/7/2021,7,7,16,,Rosa acicularis subsp. sayi,42,flow,9:45,Bombus melanopygus,f,38.928191,-105.04703,2782.04248,9127.43625
2021,GPS2,102,7/7/2021,7,7,17,,Rosa acicularis subsp. sayi,42,flow,9:49,Bombus centralis,f,38.928191,-105.04703,2782.04248,9127.43625
2021,GPS2,102,7/7/2021,7,7,20,A,Rosa acicularis subsp. sayi,42,flow,10:00,Bombus centralis,f,38.928191,-105.04703,2782.04248,9127.43625
2021,GPS2,102,7/7/2021,7,7,20,B,Rosa acicularis subsp. sayi,42,flow,10:01,Bombus melanopygus,f,38.928191,-105.04703,2782.04248,9127.43625
2021,GPS2,102,7/7/2021,7,7,22,,Rosa acicularis subsp. sayi,10,flow,10:43,Bombus bifarius,f,38.928191,-105.04703,2782.04248,9127.43625
2021,GPS2,102,7/7/2021,7,7,23,,Rosa acicularis subsp. sayi,10,flow,10:45,Bombus rufocinctus,f,38.928191,-105.04703,2782.04248,9127.43625
2021,GPS2,102,7/7/2021,7,7,24,,Rosa acicularis subsp. sayi,10,flow,10:47,Bombus rufocinctus,f,38.928191,-105.04703,2782.04248,9127.43625
2021,GPS2,102,7/7/2021,7,7,,,Rosa acicularis subsp. sayi,10,flow,11:05,Bombus bifarius,,38.928191,-105.04703,2782.04248,9127.43625
2021,GPS2,102,7/7/2021,7,7,28,,Rosa acicularis subsp. sayi,10,flow,11:14,Bombus rufocinctus,f,38.928191,-105.04703,2782.04248,9127.43625
2021,GPS2,102,7/7/2021,7,7,32,,Rosa acicularis subsp. sayi,10,flow,11:43,Bombus centralis,f,38.928191,-105.04703,2782.04248,9127.43625
2021,GPS2,102,7/7/2021,7,7,33,,Rosa acicularis subsp. sayi,10,flow,11:45,Bombus rufocinctus,f,38.928191,-105.04703,2782.04248,9127.43625
2021,GPS2,102,7/7/2021,7,7,34,,Rosa acicularis subsp. sayi,10,flow,11:50,Bombus centralis,f,38.928191,-105.04703,2782.04248,9127.43625
2021,GPS2,102,7/7/2021,7,7,,,Rosa acicularis subsp. sayi,10,flow,12:00,Bombus bifarius,,38.928191,-105.04703,2782.04248,9127.43625
2021,GPS1,352,7/8/2021,7,8,5,,Geum rossii var. turbinatum,200,flow,10:26,Bombus bifarius,f,38.83976502,-105.040344,4168.839355,13677.29491
2021,GPS1,353,7/8/2021,7,8,6,,Geum rossii var. turbinatum,500,flow,10:30,Bombus bifarius,f,38.84022804,-105.040108,4162.775391,13657.40001
2021,GPS1,363,7/8/2021,7,8,14,,Potentilla fruticosa,43,flow,12:11,Bombus bifarius,f,38.84386604,-105.026624,3690.532471,12108.04655
2021,GPS1,365,7/8/2021,7,8,16,,Mertensia ciliata,200,flow,12:25,Bombus melanopygus,f,38.84214104,-105.026655,3632.056885,11916.19751
2021,GPS1,365,7/8/2021,7,8,19,,Mertensia ciliata,300,flow,12:51,Bombus bifarius,f,38.84214104,-105.026655,3632.056885,11916.19751
2021,GPS1,365,7/8/2021,7,8,20,,Mertensia ciliata,300,flow,12:52,Bombus bifarius,f,38.84214104,-105.026655,3632.056885,11916.19751
2021,GPS1,365,7/8/2021,7,8,21,,Mertensia ciliata,300,flow,12:53,Bombus bifarius,q,38.84214104,-105.026655,3632.056885,11916.19751
2021,GPS1,371,7/8/2021,7,8,23,,Allium geyeri,1,clust,14:16,Bombus bifarius,f,38.84677397,-105.007433,3106.957031,10193.42891
2021,GPS1,377,7/8/2021,7,8,25,,Rubus idaeus var. strigosus,80,flow,15:54,Bombus flavifrons,f,38.85545402,-104.960942,2704.10376,8871.73178
2021,GPS1,377,7/8/2021,7,8,26,,Rubus idaeus var. strigosus,60,flow,15:56,Bombus bifarius,f,38.85545402,-104.960942,2704.10376,8871.73178
2021,GPS3,155,7/8/2021,7,8,5,,Monarda fistulosa var. menthifolia,50,flow,12:50,Bombus centralis,f,38.85553599,-104.933792,2062.299805,6766.075692
2021,GPS3,155,7/8/2021,7,8,7,,Monarda fistulosa var. menthifolia,50,flow,13:00,Bombus centralis,f,38.85553599,-104.933792,2062.299805,6766.075692
2021,GPS3,155,7/8/2021,7,8,12,,Monarda fistulosa var. menthifolia,50,flow,13:39,Bombus centralis,f,38.85553599,-104.933792,2062.299805,6766.075692
2021,GPS3,155,7/8/2021,7,8,17,,Monarda fistulosa var. menthifolia,50,flow,14:04,Bombus melanopygus,f,38.85553599,-104.933792,2062.299805,6766.075692
2021,GPS2,106,7/8/2021,7,8,4,,Geum rossii var. turbinatum,30,flow,10:28,Bombus melanopygus,f,38.83885399,-105.038358,4102.080566,13458.27
2021,GPS2,107,7/8/2021,7,8,5,,Telesonix jamesii,10,flow,11:40,Bombus balteatus,q,38.844305,-105.027678,3738.587646,12265.70789
2021,GPS2,108,7/8/2021,7,8,6,,Potentilla fruticosa,20,flow,12:05,Bombus bifarius,f,38.84312298,-105.026834,3665.715576,12026.62629
2021,GPS2,110,7/8/2021,7,8,13,,Mertensia ciliata,200,flow,12:37,Bombus sylvicola,q,38.84204096,-105.026589,3618.609863,11872.07998
2021,GPS2,109,7/8/2021,7,8,9,,Penstemon whippleanus,30,clust,12:21,Bombus flavifrons,q,38.84221698,-105.026607,3637.209473,11933.10233
2021,GPS2,109,7/8/2021,7,8,10,,Penstemon whippleanus,30,clust,12:22,Bombus appositus,q,38.84221698,-105.026607,3637.209473,11933.10233
2021,GPS2,109,7/8/2021,7,8,11,,Penstemon whippleanus,30,clust,12:24,Bombus bifarius,f,38.84221698,-105.026607,3637.209473,11933.10233
2021,GPS2,109,7/8/2021,7,8,8,,Penstemon whippleanus,30,clust,12:19,Bombus sylvicola,f,38.84221698,-105.026607,3637.209473,11933.10233
2021,GPS2,110,7/8/2021,7,8,16,A,Mertensia ciliata,400,flow,12:48,Bombus balteatus,q,38.84204096,-105.026589,3618.609863,11872.07998
2021,GPS2,110,7/8/2021,7,8,16,B,Mertensia ciliata,400,flow,12:50,Bombus melanopygus,f,38.84204096,-105.026589,3618.609863,11872.07998
2021,GPS2,114,7/8/2021,7,8,28,,Rosa acicularis subsp. sayi,2,flow,14:51,Bombus melanopygus,f,38.84698897,-105.002968,3069.662598,10071.07184
2021,GPS2,115,7/8/2021,7,8,29,,Frasera speciosa,10,flow,15:10,Bombus mixtus,f,38.84947202,-104.986571,2924.833984,9595.912328
2021,GPS2,123,7/8/2021,7,8,31,,Holodiscus dumosus,30,clust,16:21,Bombus centralis,,38.855106,-104.948807,2562.152832,8406.013497
2021,GPS1,379,7/9/2021,7,9,7,,Melilotus officinalis,25,clust,10:32,Bombus flavifrons,,38.90114796,-105.065209,3021.275635,9912.321954
2021,GPS2,129,7/10/2021,7,10,1,,Telesonix jamesii,30,clust,12:11,Bombus flavifrons,f,38.87484999,-105.063516,3559.969971,11679.69188
2021,GPS2,130,7/10/2021,7,10,2,,Telesonix jamesii,6,clust,12:33,Bombus sylvicola,f,38.87107604,-105.06196,3545.973389,11633.77133
2021,GPS2,132,7/10/2021,7,10,3,,Penstemon whippleanus,60,flow,13:24,Bombus flavifrons,f,38.86384497,-105.05347,3371.838867,11062.46383
2021,GPS2,132,7/10/2021,7,10,4,,Penstemon whippleanus,60,flow,13:26,Bombus bifarius,f,38.86384497,-105.05347,3371.838867,11062.46383
2021,GPS2,132,7/10/2021,7,10,5,,Penstemon whippleanus,60,flow,13:33,Bombus flavifrons,f,38.86384497,-105.05347,3371.838867,11062.46383
2021,GPS2,132,7/10/2021,7,10,6,,Penstemon whippleanus,60,flow,13:34,Bombus bifarius,f,38.86384497,-105.05347,3371.838867,11062.46383
2021,GPS2,132,7/10/2021,7,10,7,,Penstemon whippleanus,60,flow,13:38,Bombus bifarius,f,38.86384497,-105.05347,3371.838867,11062.46383
2021,GPS2,132,7/10/2021,7,10,8,,Penstemon whippleanus,60,flow,13:40,Bombus bifarius,f,38.86384497,-105.05347,3371.838867,11062.46383
2021,GPS2,132,7/10/2021,7,10,9,,Penstemon whippleanus,60,flow,13:43,Bombus bifarius,f,38.86384497,-105.05347,3371.838867,11062.46383
2021,GPS2,132,7/10/2021,7,10,10,,Penstemon whippleanus,60,flow,13:45,Bombus bifarius,f,38.86384497,-105.05347,3371.838867,11062.46383
2021,GPS2,133,7/10/2021,7,10,11,,Mertensia ciliata,100,flow,13:53,Bombus flavifrons,f,38.863748,-105.053464,3375.756592,11075.31726
2021,GPS2,133,7/10/2021,7,10,12,,Mertensia ciliata,100,flow,13:59,Bombus bifarius,f,38.863748,-105.053464,3375.756592,11075.31726
2021,GPS2,133,7/10/2021,7,10,13,,Mertensia ciliata,400,flow,14:02,Bombus melanopygus,f,38.863748,-105.053464,3375.756592,11075.31726
2021,GPS2,133,7/10/2021,7,10,14,,Mertensia ciliata,300,flow,14:04,Bombus centralis,f,38.863748,-105.053464,3375.756592,11075.31726
2021,GPS2,134,7/10/2021,7,10,15,,Mertensia ciliata,200,flow,14:09,Bombus melanopygus,f,38.86243204,-105.05426,3389.846191,11121.54298
2021,GPS2,134,7/10/2021,7,10,16,,Mertensia ciliata,200,flow,14:10,Bombus bifarius,f,38.86243204,-105.05426,3389.846191,11121.54298
2021,GPS2,134,7/10/2021,7,10,17,,Mertensia ciliata,200,flow,14:12,Bombus melanopygus,f,38.86243204,-105.05426,3389.846191,11121.54298
2021,GPS2,134,7/10/2021,7,10,18,,Mertensia ciliata,400,flow,14:20,Bombus melanopygus,f,38.86243204,-105.05426,3389.846191,11121.54298
2021,GPS2,134,7/10/2021,7,10,19,,Mertensia ciliata,400,flow,14:21,Bombus melanopygus,f,38.86243204,-105.05426,3389.846191,11121.54298
2021,GPS2,134,7/10/2021,7,10,20,,Telesonix jamesii,10,flow,15:15,Bombus sylvicola,f,38.86243204,-105.05426,3389.846191,11121.54298
2021,GPS1,386,7/12/2021,7,12,5,,Mertensia alpina,47,flow,9:37,Bombus melanopygus,f,38.87689702,-105.064933,3598.759766,11806.95499
2021,GPS1,401,7/12/2021,7,12,6,,Pedicularis parryi,1,clust,9:43,Bombus melanopygus,f,38.87618397,-105.064787,3592.645264,11786.89429
2021,GPS1,402,7/12/2021,7,12,7,,Penstemon hallii,150,flow,10:12,Bombus melanopygus,f,38.86885501,-105.057285,3523.409424,11559.74257
2021,GPS1,402,7/12/2021,7,12,8,,Penstemon hallii,150,flow,10:13,Bombus melanopygus,f,38.86885501,-105.057285,3523.409424,11559.74257
2021,GPS1,402,7/12/2021,7,12,11,,Penstemon hallii,50,flow,11:16,Bombus bifarius,f,38.86885501,-105.057285,3523.409424,11559.74257
2021,GPS1,405,7/12/2021,7,12,12,,Telesonix jamesii,85,flow,11:21,Bombus flavifrons,f,38.86750401,-105.05483,3502.553711,11491.31832
2021,GPS1,410,7/12/2021,7,12,16,,Telesonix jamesii,45,flow,12:13,Bombus flavifrons,f,38.87105701,-105.061906,3544.995361,11630.56258
2021,GPS1,417,7/12/2021,7,12,24,,Pedicularis parryi,3,clust,13:30,Bombus mixtus,q,38.87619001,-105.064805,3593.99707,11791.32935
2021,GPS3,172,7/12/2021,7,12,18,,Penstemon whippleanus,19,flow,12:34,Bombus sylvicola,f,38.87335097,-105.063273,3553.067871,11657.04719
2021,GPS2,139,7/12/2021,7,12,3,,Pedicularis parryi,1,clust,9:40,Bombus melanopygus,f,38.87631398,-105.064688,3584.032715,11758.63789
2021,GPS2,139,7/12/2021,7,12,4,,Pedicularis parryi,1,clust,9:42,Bombus bifarius,f,38.87631398,-105.064688,3584.032715,11758.63789
2021,GPS2,140,7/12/2021,7,12,5,,Telesonix jamesii,4,clust,9:50,Bombus bifarius,f,38.87478,-105.063461,3557.359375,11671.12693
2021,GPS2,141,7/12/2021,7,12,6,,Penstemon hallii,50,flow,10:09,Bombus bifarius,f,38.86887001,-105.057398,3519.339844,11546.39093
2021,GPS2,142,7/12/2021,7,12,11,,Penstemon hallii,50,flow,10:33,Bombus bifarius,f,38.86887202,-105.057408,3524.628418,11563.7419
2021,GPS2,148,7/12/2021,7,12,13,,Penstemon hallii,100,flow,11:21,Bombus bifarius,f,38.868868,-105.057373,3526.784912,11570.81701
2021,GPS2,149,7/12/2021,7,12,14,,Telesonix jamesii,40,flow,11:30,Bombus melanopygus,f,38.87048503,-105.060763,3539.926514,11613.9325
2021,GPS2,151,7/12/2021,7,12,15,,Penstemon hallii,90,flow,11:53,Bombus melanopygus,f,38.87089801,-105.061589,3546.664551,11636.03893
2021,GPS2,158,7/12/2021,7,12,21,,Potentilla fruticosa,70,flow,12:40,Bombus bifarius,f,38.87521796,-105.063774,3571.924072,11718.91137
2021,GPS2,160,7/12/2021,7,12,25,,Pedicularis parryi,3,clust,13:31,Bombus melanopygus,f,38.87606403,-105.064551,3584.8396,11761.28515
2021,GPS1,419,7/13/2021,7,13,1,,Geranium caespitosum,10,flow,8:07,Bombus centralis,f,38.90141803,-105.000673,2639.378174,8659.377488
2021,GPS1,419,7/13/2021,7,13,2,,Geranium caespitosum,10,flow,8:11,Bombus centralis,f,38.90141803,-105.000673,2639.378174,8659.377488
2021,GPS1,420,7/13/2021,7,13,3,,Geranium caespitosum,7,flow,9:06,Bombus centralis,f,38.89966697,-104.99846,2626.486816,8617.083005
2021,GPS1,421,7/13/2021,7,13,4,,Penstemon glaber,4,flow,9:10,Bombus flavifrons,f,38.89894696,-104.998775,2632.641846,8637.276674
2021,GPS1,421,7/13/2021,7,13,5,,Aliciella pinnatifida,13,flow,9:12,Bombus rufocinctus,f,38.89894696,-104.998775,2632.641846,8637.276674
2021,GPS1,424,7/13/2021,7,13,8,,Eremogone fendleri,17,flow,9:20,Bombus melanopygus,,38.89888301,-104.999665,2632.391357,8636.45486
2021,GPS1,425,7/13/2021,7,13,11,,Lupinus argenteus subsp. argenteus,85,clust,9:29,Bombus bifarius,f,38.89882601,-104.999865,2633.015625,8638.502983
2021,GPS1,426,7/13/2021,7,13,13,,Penstemon glaber,100,flow,9:57,Bombus centralis,f,38.89896004,-104.999006,2630.895508,8631.547218
2021,GPS1,426,7/13/2021,7,13,14,,Penstemon glaber,100,flow,10:01,Bombus centralis,f,38.89896004,-104.999006,2630.895508,8631.547218
2021,GPS1,426,7/13/2021,7,13,19,,Penstemon glaber,100,flow,10:23,Bombus flavifrons,f,38.89896004,-104.999006,2630.895508,8631.547218
2021,GPS1,426,7/13/2021,7,13,31,,Penstemon glaber,100,flow,11:09,Bombus centralis,f,38.89896004,-104.999006,2630.895508,8631.547218
2021,GPS3,178,7/13/2021,7,13,1,,Frasera speciosa,50,flow,8:20,Bombus centralis,f,38.925344,-105.040542,2824.387695,9266.364125
2021,GPS3,178,7/13/2021,7,13,2,,Frasera speciosa,50,flow,8:22,Bombus bifarius,f,38.925344,-105.040542,2824.387695,9266.364125
2021,GPS3,178,7/13/2021,7,13,3,,Frasera speciosa,50,flow,8:28,Bombus bifarius,f,38.925344,-105.040542,2824.387695,9266.364125
2021,GPS3,178,7/13/2021,7,13,4,,Frasera speciosa,50,flow,8:29,Bombus bifarius,f,38.925344,-105.040542,2824.387695,9266.364125
2021,GPS3,178,7/13/2021,7,13,6,,Frasera speciosa,50,flow,8:35,Bombus centralis,f,38.925344,-105.040542,2824.387695,9266.364125
2021,GPS3,178,7/13/2021,7,13,8,,Frasera speciosa,50,flow,8:40,Bombus centralis,f,38.925344,-105.040542,2824.387695,9266.364125
2021,GPS3,178,7/13/2021,7,13,9,,Frasera speciosa,50,flow,8:41,Bombus flavifrons,f,38.925344,-105.040542,2824.387695,9266.364125
2021,GPS3,178,7/13/2021,7,13,10,,Frasera speciosa,50,flow,8:42,Bombus flavifrons,f,38.925344,-105.040542,2824.387695,9266.364125
2021,GPS3,178,7/13/2021,7,13,11,,Frasera speciosa,50,flow,8:51,Bombus centralis,f,38.925344,-105.040542,2824.387695,9266.364125
2021,GPS3,178,7/13/2021,7,13,12,,Frasera speciosa,50,flow,9:06,Bombus centralis,f,38.925344,-105.040542,2824.387695,9266.364125
2021,GPS3,178,7/13/2021,7,13,13,,Frasera speciosa,50,flow,9:10,Bombus centralis,f,38.925344,-105.040542,2824.387695,9266.364125
2021,GPS3,178,7/13/2021,7,13,14,,Frasera speciosa,50,flow,9:19,Bombus centralis,f,38.925344,-105.040542,2824.387695,9266.364125
2021,GPS3,178,7/13/2021,7,13,16,,Frasera speciosa,50,flow,9:28,Bombus flavifrons,f,38.925344,-105.040542,2824.387695,9266.364125
2021,GPS3,178,7/13/2021,7,13,17,,Frasera speciosa,50,flow,9:31,Bombus flavifrons,f,38.925344,-105.040542,2824.387695,9266.364125
2021,GPS3,178,7/13/2021,7,13,19,,Frasera speciosa,50,flow,9:40,Bombus flavifrons,f,38.925344,-105.040542,2824.387695,9266.364125
2021,GPS3,178,7/13/2021,7,13,20,,Frasera speciosa,50,flow,9:43,Bombus centralis,f,38.925344,-105.040542,2824.387695,9266.364125
2021,GPS3,178,7/13/2021,7,13,21,,Frasera speciosa,50,flow,9:47,Bombus centralis,f,38.925344,-105.040542,2824.387695,9266.364125
2021,GPS3,179,7/13/2021,7,13,24,,Penstemon glaber,50,flow,10:22,Bombus centralis,f,38.92445401,-105.035444,2853.922852,9363.26425
2021,GPS3,179,7/13/2021,7,13,30,,Penstemon glaber,50,flow,10:45,Bombus bifarius,f,38.92445401,-105.035444,2853.922852,9363.26425
2021,GPS3,178,7/13/2021,7,13,3,,Frasera speciosa,50,flow,8:30,Bombus centralis,f,38.925344,-105.040542,2824.387695,9266.364125
2021,GPS3,178,7/13/2021,7,13,4,,Frasera speciosa,50,flow,8:33,Bombus centralis,f,38.925344,-105.040542,2824.387695,9266.364125
2021,GPS3,178,7/13/2021,7,13,5,,Frasera speciosa,50,flow,8:34,Bombus centralis,,38.925344,-105.040542,2824.387695,9266.364125
2021,GPS3,178,7/13/2021,7,13,6,,Frasera speciosa,50,flow,8:35,Bombus bifarius,f,38.925344,-105.040542,2824.387695,9266.364125
2021,GPS3,178,7/13/2021,7,13,7,,Frasera speciosa,50,flow,8:36,Bombus bifarius,f,38.925344,-105.040542,2824.387695,9266.364125
2021,GPS3,178,7/13/2021,7,13,9,,Frasera speciosa,50,flow,8:42,Bombus sylvicola,m,38.925344,-105.040542,2824.387695,9266.364125
2021,GPS3,178,7/13/2021,7,13,10,,Frasera speciosa,50,flow,8:44,Bombus centralis,f,38.925344,-105.040542,2824.387695,9266.364125
2021,GPS3,178,7/13/2021,7,13,11,,Frasera speciosa,50,flow,8:45,Bombus flavifrons,f,38.925344,-105.040542,2824.387695,9266.364125
2021,GPS3,178,7/13/2021,7,13,,,Frasera speciosa,50,flow,8:53,Bombus flavifrons,,38.925344,-105.040542,2824.387695,9266.364125
2021,GPS3,178,7/13/2021,7,13,14,,Frasera speciosa,50,flow,8:57,Bombus centralis,f,38.925344,-105.040542,2824.387695,9266.364125
2021,GPS3,178,7/13/2021,7,13,15,,Frasera speciosa,50,flow,9:02,Bombus flavifrons,f,38.925344,-105.040542,2824.387695,9266.364125
2021,GPS3,178,7/13/2021,7,13,,,Frasera speciosa,50,flow,9:04,Bombus flavifrons,,38.925344,-105.040542,2824.387695,9266.364125
2021,GPS3,178,7/13/2021,7,13,16,,Frasera speciosa,50,flow,9:07,Bombus flavifrons,f,38.925344,-105.040542,2824.387695,9266.364125
2021,GPS3,178,7/13/2021,7,13,,,Frasera speciosa,50,flow,9:08,Bombus centralis,,38.925344,-105.040542,2824.387695,9266.364125
2021,GPS3,178,7/13/2021,7,13,17,,Frasera speciosa,50,flow,9:10,Bombus huntii,q,38.925344,-105.040542,2824.387695,9266.364125
2021,GPS3,178,7/13/2021,7,13,,,Frasera speciosa,50,flow,9:22,Bombus centralis,,38.925344,-105.040542,2824.387695,9266.364125
2021,GPS3,178,7/13/2021,7,13,,,Frasera speciosa,50,flow,9:25,Bombus centralis,,38.925344,-105.040542,2824.387695,9266.364125
2021,GPS3,178,7/13/2021,7,13,22,,Frasera speciosa,50,flow,9:29,Bombus mixtus,m,38.925344,-105.040542,2824.387695,9266.364125
2021,GPS3,178,7/13/2021,7,13,23,,Frasera speciosa,50,flow,9:35,Bombus centralis,f,38.925344,-105.040542,2824.387695,9266.364125
2021,GPS2,165,7/13/2021,7,13,32,,Penstemon glaber,50,flow,10:49,Bombus flavifrons,f,38.92763704,-105.046957,2800.945068,9189.452617
2021,GPS1,430,7/14/2021,7,14,1,,Potentilla pulcherrima,70,flow,9:07,Bombus bifarius,f,38.90079198,-104.9915,2608.160645,8556.957771
2021,GPS1,431,7/14/2021,7,14,2,,Rosa acicularis subsp. sayi,50,flow,9:16,Bombus centralis,f,38.90188498,-104.992186,2622.528564,8604.096614
2021,GPS1,431,7/14/2021,7,14,3,,Rosa acicularis subsp. sayi,50,flow,9:17,Bombus centralis,f,38.90188498,-104.992186,2622.528564,8604.096614
2021,GPS1,431,7/14/2021,7,14,4,,Rosa acicularis subsp. sayi,50,flow,9:19,Bombus centralis,f,38.90188498,-104.992186,2622.528564,8604.096614
2021,GPS1,431,7/14/2021,7,14,5,,Rosa acicularis subsp. sayi,50,flow,9:23,Bombus centralis,f,38.90188498,-104.992186,2622.528564,8604.096614
2021,GPS1,431,7/14/2021,7,14,6,,Rosa acicularis subsp. sayi,50,flow,9:29,Bombus bifarius,f,38.90188498,-104.992186,2622.528564,8604.096614
2021,GPS1,431,7/14/2021,7,14,7,,Rosa acicularis subsp. sayi,50,flow,9:30,Bombus centralis,f,38.90188498,-104.992186,2622.528564,8604.096614
2021,GPS1,431,7/14/2021,7,14,8,,Rosa acicularis subsp. sayi,50,flow,9:41,Bombus centralis,f,38.90188498,-104.992186,2622.528564,8604.096614
2021,GPS1,431,7/14/2021,7,14,9,,Rosa acicularis subsp. sayi,50,flow,9:46,Bombus centralis,f,38.90188498,-104.992186,2622.528564,8604.096614
2021,GPS1,431,7/14/2021,7,14,11,,Rosa acicularis subsp. sayi,50,flow,9:49,Bombus centralis,f,38.90188498,-104.992186,2622.528564,8604.096614
2021,GPS1,431,7/14/2021,7,14,12,,Rosa acicularis subsp. sayi,50,flow,9:54,Bombus centralis,f,38.90188498,-104.992186,2622.528564,8604.096614
2021,GPS1,431,7/14/2021,7,14,16,,Rosa acicularis subsp. sayi,50,flow,10:04,Bombus centralis,f,38.90188498,-104.992186,2622.528564,8604.096614
2021,GPS1,431,7/14/2021,7,14,20,,Jamesia americana var. americana,120,clust,10:45,Bombus centralis,f,38.90188498,-104.992186,2622.528564,8604.096614
2021,GPS1,431,7/14/2021,7,14,21,,Jamesia americana var. americana,66,clust,10:48,Bombus centralis,f,38.90188498,-104.992186,2622.528564,8604.096614
2021,GPS1,433,7/14/2021,7,14,22,,Geranium richardsonii,18,flow,10:56,Bombus rufocinctus,f,38.90178499,-104.992266,2622.644775,8604.477884
2021,GPS1,434,7/14/2021,7,14,23,,Rubus idaeus var. strigosus,20,flow,11:05,Bombus centralis,f,38.90169203,-104.992299,2635.804443,8647.652649
2021,GPS1,434,7/14/2021,7,14,24,,Frasera speciosa,7,flow,11:09,Bombus centralis,f,38.90169203,-104.992299,2635.804443,8647.652649
2021,GPS1,435,7/14/2021,7,14,27,,Potentilla pulcherrima,43,flow,11:20,Bombus centralis,f,38.90140898,-104.992197,2621.133057,8599.518179
2021,GPS1,435,7/14/2021,7,14,28,,Geranium caespitosum,45,flow,11:25,Bombus rufocinctus,f,38.90140898,-104.992197,2621.133057,8599.518179
2021,GPS3,180,7/14/2021,7,14,1,,Rosa acicularis subsp. sayi,2,flow,8:23,Bombus centralis,f,38.90096096,-104.991231,2555.03418,8382.658339
2021,GPS3,182,7/14/2021,7,14,2,,Geranium caespitosum,10,flow,8:35,Bombus centralis,f,38.90073398,-104.99097,2616.707031,8584.997096
2021,GPS3,183,7/14/2021,7,14,3,,Geranium caespitosum,75,flow,8:46,Bombus rufocinctus,f,38.90073004,-104.991244,2612.938232,8572.632269
2021,GPS3,185,7/14/2021,7,14,6,,Rosa acicularis subsp. sayi,50,flow,9:27,Bombus centralis,f,38.90076399,-104.991299,2610.696289,8565.276813
2021,GPS3,185,7/14/2021,7,14,8,,Rosa acicularis subsp. sayi,50,flow,9:36,Bombus centralis,f,38.90076399,-104.991299,2610.696289,8565.276813
2021,GPS3,185,7/14/2021,7,14,9,,Rosa acicularis subsp. sayi,50,flow,9:45,Bombus centralis,f,38.90076399,-104.991299,2610.696289,8565.276813
2021,GPS3,185,7/14/2021,7,14,15,,Geranium caespitosum,10,flow,10:25,Bombus rufocinctus,f,38.90076399,-104.991299,2610.696289,8565.276813
2021,GPS3,185,7/14/2021,7,14,18,,Geranium caespitosum,25,flow,10:37,Bombus centralis,m,38.90076399,-104.991299,2610.696289,8565.276813
2021,GPS3,185,7/14/2021,7,14,20,,Geranium caespitosum,25,flow,10:45,Bombus centralis,m,38.90076399,-104.991299,2610.696289,8565.276813
2021,GPS3,185,7/14/2021,7,14,21,,Geranium caespitosum,25,flow,10:47,Bombus bifarius,f,38.90076399,-104.991299,2610.696289,8565.276813
2021,GPS3,185,7/14/2021,7,14,22,,Geranium caespitosum,25,flow,10:50,Bombus centralis,m,38.90076399,-104.991299,2610.696289,8565.276813
2021,GPS3,185,7/14/2021,7,14,23,,Geranium caespitosum,25,flow,10:55,Bombus centralis,f,38.90076399,-104.991299,2610.696289,8565.276813
2021,GPS3,185,7/14/2021,7,14,24,,Geranium caespitosum,25,flow,10:56,Bombus rufocinctus,f,38.90076399,-104.991299,2610.696289,8565.276813
2021,GPS3,185,7/14/2021,7,14,25,,Geranium caespitosum,25,flow,11:00,Bombus centralis,m,38.90076399,-104.991299,2610.696289,8565.276813
2021,GPS3,185,7/14/2021,7,14,26,,Geranium caespitosum,25,flow,11:06,Bombus rufocinctus,f,38.90076399,-104.991299,2610.696289,8565.276813
2021,GPS3,185,7/14/2021,7,14,27,,Geranium caespitosum,25,flow,11:14,Bombus centralis,f,38.90076399,-104.991299,2610.696289,8565.276813
2021,GPS3,185,7/14/2021,7,14,28,,Geranium caespitosum,25,flow,11:16,Bombus centralis,m,38.90076399,-104.991299,2610.696289,8565.276813
2021,GPS3,185,7/14/2021,7,14,29,,Geranium caespitosum,25,flow,11:20,Bombus rufocinctus,f,38.90076399,-104.991299,2610.696289,8565.276813
2021,GPS3,185,7/14/2021,7,14,30,,Geranium caespitosum,25,flow,11:22,Bombus centralis,f,38.90076399,-104.991299,2610.696289,8565.276813
2021,GPS2,166,7/14/2021,7,14,1,,Angelica ampla,10,clust,8:19,Bombus centralis,f,38.900766,-104.9914,2605.976562,8549.792144
2021,GPS2,166,7/14/2021,7,14,2,,Angelica ampla,15,clust,8:21,Bombus centralis,f,38.900766,-104.9914,2605.976562,8549.792144
2021,GPS2,166,7/14/2021,7,14,3,,Angelica ampla,15,clust,8:22,Bombus bifarius,f,38.900766,-104.9914,2605.976562,8549.792144
2021,GPS2,166,7/14/2021,7,14,4,,Angelica ampla,15,clust,8:23,Bombus centralis,f,38.900766,-104.9914,2605.976562,8549.792144
2021,GPS2,166,7/14/2021,7,14,5,,Angelica ampla,10,clust,8:44,Bombus flavifrons,f,38.900766,-104.9914,2605.976562,8549.792144
2021,GPS2,166,7/14/2021,7,14,6,,Angelica ampla,10,clust,8:46,Bombus centralis,f,38.900766,-104.9914,2605.976562,8549.792144
2021,GPS2,166,7/14/2021,7,14,7,,Angelica ampla,10,clust,8:47,Bombus centralis,f,38.900766,-104.9914,2605.976562,8549.792144
2021,GPS2,170,7/14/2021,7,14,12,,Potentilla hippiana,5,flow,9:31,Bombus bifarius,f,38.90113296,-104.991358,2611.941406,8569.361842
2021,GPS2,171,7/14/2021,7,14,13,,Geranium caespitosum,10,flow,9:32,Bombus centralis,f,38.901211,-104.99138,2608.712158,8558.767196
2021,GPS2,171,7/14/2021,7,14,14,,Phacelia hastata,15,flow,9:37,Bombus centralis,,38.901211,-104.99138,2608.712158,8558.767196
2021,GPS2,171,7/14/2021,7,14,15,,Geranium caespitosum,20,flow,9:40,Bombus rufocinctus,f,38.901211,-104.99138,2608.712158,8558.767196
2021,GPS2,172,7/14/2021,7,14,16,,Geranium caespitosum,5,flow,9:42,Bombus bifarius,f,38.90133999,-104.99142,2614.44043,8577.56074
2021,GPS2,176,7/14/2021,7,14,19,,Penstemon glaber,100,flow,10:01,Bombus bifarius,f,38.90102601,-104.991614,2621.424561,8600.474557
2021,GPS2,176,7/14/2021,7,14,23,,Penstemon glaber,100,flow,10:07,Bombus balteatus,f,38.90102601,-104.991614,2621.424561,8600.474557
2021,GPS2,176,7/14/2021,7,14,26,,Penstemon glaber,100,flow,10:14,Bombus flavifrons,f,38.90102601,-104.991614,2621.424561,8600.474557
2021,GPS2,176,7/14/2021,7,14,31,,Penstemon glaber,100,flow,10:39,Bombus flavifrons,f,38.90102601,-104.991614,2621.424561,8600.474557
2021,GPS2,176,7/14/2021,7,14,34,,Penstemon glaber,100,flow,10:43,Bombus flavifrons,f,38.90102601,-104.991614,2621.424561,8600.474557
2021,GPS2,176,7/14/2021,7,14,38,,Penstemon glaber,100,flow,11:16,Bombus flavifrons,f,38.90102601,-104.991614,2621.424561,8600.474557
2021,GPS2,176,7/14/2021,7,14,40,,Penstemon glaber,100,flow,11:30,Bombus flavifrons,f,38.90102601,-104.991614,2621.424561,8600.474557
2021,GPS1,437,7/15/2021,7,15,2,,Monarda fistulosa var. menthifolia,80,clust,9:10,Bombus centralis,f,38.85487198,-104.924059,2031.744507,6665.828648
2021,GPS1,437,7/15/2021,7,15,7,,Monarda fistulosa var. menthifolia,80,clust,9:18,Bombus centralis,m,38.85487198,-104.924059,2031.744507,6665.828648
2021,GPS1,437,7/15/2021,7,15,11,,Monarda fistulosa var. menthifolia,80,clust,9:27,Bombus centralis,m,38.85487198,-104.924059,2031.744507,6665.828648
2021,GPS1,437,7/15/2021,7,15,14,,Monarda fistulosa var. menthifolia,80,clust,9:32,Bombus centralis,m,38.85487198,-104.924059,2031.744507,6665.828648
2021,GPS1,437,7/15/2021,7,15,15,,Monarda fistulosa var. menthifolia,80,clust,9:33,Bombus centralis,f,38.85487198,-104.924059,2031.744507,6665.828648
2021,GPS1,437,7/15/2021,7,15,16,,Monarda fistulosa var. menthifolia,80,clust,9:34,Bombus centralis,m,38.85487198,-104.924059,2031.744507,6665.828648
2021,GPS1,437,7/15/2021,7,15,18,,Monarda fistulosa var. menthifolia,80,clust,9:36,Bombus centralis,f,38.85487198,-104.924059,2031.744507,6665.828648
2021,GPS1,437,7/15/2021,7,15,20,,Monarda fistulosa var. menthifolia,80,clust,9:39,Bombus centralis,f,38.85487198,-104.924059,2031.744507,6665.828648
2021,GPS1,437,7/15/2021,7,15,21,,Monarda fistulosa var. menthifolia,80,clust,9:40,Bombus centralis,m,38.85487198,-104.924059,2031.744507,6665.828648
2021,GPS1,437,7/15/2021,7,15,25,,Monarda fistulosa var. menthifolia,80,clust,9:52,Bombus centralis,m,38.85487198,-104.924059,2031.744507,6665.828648
2021,GPS1,437,7/15/2021,7,15,28,,Monarda fistulosa var. menthifolia,80,clust,9:55,Bombus centralis,f,38.85487198,-104.924059,2031.744507,6665.828648
2021,GPS1,437,7/15/2021,7,15,30,,Monarda fistulosa var. menthifolia,80,clust,9:57,Bombus centralis,m,38.85487198,-104.924059,2031.744507,6665.828648
2021,GPS1,437,7/15/2021,7,15,31,,Monarda fistulosa var. menthifolia,80,clust,9:58,Bombus flavifrons,f,38.85487198,-104.924059,2031.744507,6665.828648
2021,GPS1,437,7/15/2021,7,15,34,,Monarda fistulosa var. menthifolia,80,clust,10:01,Bombus centralis,f,38.85487198,-104.924059,2031.744507,6665.828648
2021,GPS1,437,7/15/2021,7,15,38,,Monarda fistulosa var. menthifolia,80,clust,10:05,Bombus centralis,m,38.85487198,-104.924059,2031.744507,6665.828648
2021,GPS3,187,7/15/2021,7,15,3,,Arnica fulgens,15,flow,9:19,Bombus bifarius,f,38.90012504,-104.998328,2636.121094,8648.69153
2021,GPS3,188,7/15/2021,7,15,4,,Geranium caespitosum,3,flow,9:25,Bombus centralis,f,38.89995899,-104.998195,2641.996338,8667.967266
2021,GPS3,190,7/15/2021,7,15,9,,Geranium caespitosum,40,flow,10:15,Bombus centralis,f,38.89896397,-104.99884,2632.932373,8638.229847
2021,GPS3,190,7/15/2021,7,15,10,,Geranium caespitosum,40,flow,10:17,Bombus mixtus,f,38.89896397,-104.99884,2632.932373,8638.229847
2021,GPS3,190,7/15/2021,7,15,11,,Geranium caespitosum,40,flow,10:20,Bombus mixtus,f,38.89896397,-104.99884,2632.932373,8638.229847
2021,GPS3,190,7/15/2021,7,15,12,,Geranium caespitosum,40,flow,10:22,Bombus centralis,f,38.89896397,-104.99884,2632.932373,8638.229847
2021,GPS3,190,7/15/2021,7,15,13,,Geranium caespitosum,40,flow,10:25,Bombus centralis,f,38.89896397,-104.99884,2632.932373,8638.229847
2021,GPS3,190,7/15/2021,7,15,14,,Geranium caespitosum,40,flow,10:27,Bombus flavifrons,f,38.89896397,-104.99884,2632.932373,8638.229847
2021,GPS3,190,7/15/2021,7,15,15,B,Geranium caespitosum,40,flow,10:30,Bombus centralis,f,38.89896397,-104.99884,2632.932373,8638.229847
2021,GPS3,190,7/15/2021,7,15,19,,Geranium caespitosum,40,flow,10:38,Bombus flavifrons,f,38.89896397,-104.99884,2632.932373,8638.229847
2021,GPS3,190,7/15/2021,7,15,20,,Geranium caespitosum,40,flow,10:40,Bombus centralis,f,38.89896397,-104.99884,2632.932373,8638.229847
2021,GPS3,190,7/15/2021,7,15,21,,Geranium caespitosum,40,flow,10:41,Bombus melanopygus,f,38.89896397,-104.99884,2632.932373,8638.229847
2021,GPS3,190,7/15/2021,7,15,23,,Geranium caespitosum,40,flow,10:46,Bombus centralis,f,38.89896397,-104.99884,2632.932373,8638.229847
2021,GPS3,190,7/15/2021,7,15,24,,Geranium caespitosum,40,flow,10:48,Bombus centralis,f,38.89896397,-104.99884,2632.932373,8638.229847
2021,GPS3,190,7/15/2021,7,15,27,,Geranium caespitosum,40,flow,10:55,Bombus rufocinctus,f,38.89896397,-104.99884,2632.932373,8638.229847
2021,GPS3,190,7/15/2021,7,15,28,,Geranium caespitosum,40,flow,10:56,Bombus centralis,f,38.89896397,-104.99884,2632.932373,8638.229847
2021,GPS3,190,7/15/2021,7,15,29,,Geranium caespitosum,40,flow,10:59,Bombus rufocinctus,f,38.89896397,-104.99884,2632.932373,8638.229847
2021,GPS3,190,7/15/2021,7,15,30,,Geranium caespitosum,40,flow,11:00,Bombus centralis,f,38.89896397,-104.99884,2632.932373,8638.229847
2021,GPS3,190,7/15/2021,7,15,31,,Geranium caespitosum,40,flow,11:05,Bombus centralis,f,38.89896397,-104.99884,2632.932373,8638.229847
2021,GPS3,190,7/15/2021,7,15,32,,Geranium caespitosum,40,flow,11:06,Bombus centralis,f,38.89896397,-104.99884,2632.932373,8638.229847
2021,GPS3,190,7/15/2021,7,15,33,,Geranium caespitosum,40,flow,11:08,Bombus centralis,m,38.89896397,-104.99884,2632.932373,8638.229847
2021,GPS3,194,7/15/2021,7,15,38,,Erigeron subtrinervis,15,flow,12:35,Bombus bifarius,f,38.89852401,-105.001979,2635.531494,8646.757147
2021,GPS2,179,7/15/2021,7,15,5,,Arnica fulgens,1,flow,9:27,Bombus flavifrons,f,38.900118,-104.998307,2636.705322,8650.608289
2021,GPS2,181,7/15/2021,7,15,8,,Geranium caespitosum,10,flow,9:43,Bombus centralis,f,38.89999998,-104.998051,2627.455078,8620.259718
2021,GPS2,176,7/15/2021,7,15,20,,Penstemon glaber,100,flow,10:01,Bombus rufocinctus,f,38.90102601,-104.991614,2621.424561,8600.474557
2021,GPS2,185,7/15/2021,7,15,16,,Phacelia hastata,5,clust,10:09,Bombus centralis,f,38.89893799,-104.998923,2630.205322,8629.282829
2021,GPS2,185,7/15/2021,7,15,17,,Aliciella pinnatifida,20,flow,10:12,Bombus bifarius,f,38.89893799,-104.998923,2630.205322,8629.282829
2021,GPS2,185,7/15/2021,7,15,18,,Phacelia hastata,15,clust,10:14,Bombus centralis,f,38.89893799,-104.998923,2630.205322,8629.282829
2021,GPS2,185,7/15/2021,7,15,19,,Phacelia hastata,15,clust,10:16,Bombus centralis,f,38.89893799,-104.998923,2630.205322,8629.282829
2021,GPS2,185,7/15/2021,7,15,20,A,Phacelia hastata,15,clust,10:17,Bombus centralis,f,38.89893799,-104.998923,2630.205322,8629.282829
2021,GPS2,185,7/15/2021,7,15,21,,Phacelia hastata,15,clust,10:19,Bombus centralis,f,38.89893799,-104.998923,2630.205322,8629.282829
2021,GPS2,185,7/15/2021,7,15,22,,Aliciella pinnatifida,40,flow,10:25,Bombus centralis,f,38.89893799,-104.998923,2630.205322,8629.282829
2021,GPS2,185,7/15/2021,7,15,23,,Aliciella pinnatifida,40,flow,10:27,Bombus centralis,f,38.89893799,-104.998923,2630.205322,8629.282829
2021,GPS2,188,7/15/2021,7,15,26,,Geranium caespitosum,40,flow,10:45,Bombus bifarius,f,38.89860297,-105.000502,2629.651123,8627.46459
2021,GPS2,188,7/15/2021,7,15,27,,Geranium caespitosum,40,flow,10:49,Bombus centralis,f,38.89860297,-105.000502,2629.651123,8627.46459
2021,GPS2,188,7/15/2021,7,15,28,,Geranium caespitosum,40,flow,10:50,Bombus centralis,f,38.89860297,-105.000502,2629.651123,8627.46459
2021,GPS2,188,7/15/2021,7,15,29,,Geranium caespitosum,40,flow,10:54,Bombus flavifrons,f,38.89860297,-105.000502,2629.651123,8627.46459
2021,GPS2,188,7/15/2021,7,15,31,,Geranium caespitosum,40,flow,11:01,Bombus rufocinctus,f,38.89860297,-105.000502,2629.651123,8627.46459
2021,GPS2,188,7/15/2021,7,15,32,,Geranium caespitosum,40,flow,11:04,Bombus centralis,f,38.89860297,-105.000502,2629.651123,8627.46459
2021,GPS2,188,7/15/2021,7,15,33,,Geranium caespitosum,40,flow,11:10,Bombus centralis,f,38.89860297,-105.000502,2629.651123,8627.46459
2021,GPS2,188,7/15/2021,7,15,36,,Geranium caespitosum,40,flow,11:23,Bombus rufocinctus,f,38.89860297,-105.000502,2629.651123,8627.46459
2021,GPS2,188,7/15/2021,7,15,37,,Geranium caespitosum,40,flow,11:25,Bombus centralis,f,38.89860297,-105.000502,2629.651123,8627.46459
2021,GPS2,188,7/15/2021,7,15,38,,Geranium caespitosum,40,flow,11:32,Bombus bifarius,,38.89860297,-105.000502,2629.651123,8627.46459
2021,GPS2,188,7/15/2021,7,15,39,,Geranium caespitosum,40,flow,11:35,Bombus centralis,f,38.89860297,-105.000502,2629.651123,8627.46459
2021,GPS2,190,7/15/2021,7,15,42,,Geranium richardsonii,100,flow,12:17,Bombus rufocinctus,m,38.89845402,-105.001415,2628.058838,8622.240558
2021,GPS2,190,7/15/2021,7,15,43,,Geranium richardsonii,50,flow,12:21,Bombus rufocinctus,m,38.89845402,-105.001415,2628.058838,8622.240558
2021,GPS2,190,7/15/2021,7,15,45,,Geranium richardsonii,30,flow,12:27,Bombus flavifrons,f,38.89845402,-105.001415,2628.058838,8622.240558
2021,GPS2,191,7/15/2021,7,15,48,,Geranium caespitosum,50,flow,12:41,Bombus mixtus,f,38.89873196,-105.000346,2630.265381,8629.479873
2021,GPS1,438,7/16/2021,7,16,1,,Geranium caespitosum,40,flow,10:13,Bombus centralis,f,38.92417104,-105.022241,2783.145508,9131.055108
2021,GPS1,438,7/16/2021,7,16,4,,Geranium caespitosum,40,flow,10:19,Bombus rufocinctus,f,38.92417104,-105.022241,2783.145508,9131.055108
2021,GPS1,438,7/16/2021,7,16,6,,Geranium caespitosum,40,flow,10:21,Bombus centralis,f,38.92417104,-105.022241,2783.145508,9131.055108
2021,GPS1,438,7/16/2021,7,16,8,,Geranium caespitosum,40,flow,10:24,Bombus melanopygus,f,38.92417104,-105.022241,2783.145508,9131.055108
2021,GPS1,438,7/16/2021,7,16,9,,Geranium caespitosum,40,flow,10:25,Bombus centralis,f,38.92417104,-105.022241,2783.145508,9131.055108
2021,GPS1,438,7/16/2021,7,16,10,,Geranium caespitosum,40,flow,10:29,Bombus centralis,f,38.92417104,-105.022241,2783.145508,9131.055108
2021,GPS1,438,7/16/2021,7,16,11,,Geranium caespitosum,40,flow,10:31,Bombus mixtus,f,38.92417104,-105.022241,2783.145508,9131.055108
2021,GPS1,438,7/16/2021,7,16,12,,Geranium caespitosum,40,flow,10:35,Bombus flavifrons,f,38.92417104,-105.022241,2783.145508,9131.055108
2021,GPS1,438,7/16/2021,7,16,13,a,Geranium caespitosum,40,flow,10:37,Bombus flavifrons,f,38.92417104,-105.022241,2783.145508,9131.055108
2021,GPS1,438,7/16/2021,7,16,13,b,Geranium caespitosum,40,flow,10:37,Bombus mixtus,f,38.92417104,-105.022241,2783.145508,9131.055108
2021,GPS1,438,7/16/2021,7,16,14,,Geranium caespitosum,40,flow,10:38,Bombus flavifrons,f,38.92417104,-105.022241,2783.145508,9131.055108
2021,GPS1,438,7/16/2021,7,16,19,,Geranium caespitosum,40,flow,10:47,Bombus centralis,m,38.92417104,-105.022241,2783.145508,9131.055108
2021,GPS1,438,7/16/2021,7,16,22,,Geranium caespitosum,40,flow,10:55,Bombus bifarius,f,38.92417104,-105.022241,2783.145508,9131.055108
2021,GPS1,438,7/16/2021,7,16,24,,Geranium caespitosum,40,flow,10:58,Bombus melanopygus,f,38.92417104,-105.022241,2783.145508,9131.055108
2021,GPS1,438,7/16/2021,7,16,25,,Geranium caespitosum,40,flow,11:00,Bombus centralis,f,38.92417104,-105.022241,2783.145508,9131.055108
2021,GPS1,438,7/16/2021,7,16,27,,Geranium caespitosum,40,flow,11:04,Bombus centralis,q,38.92417104,-105.022241,2783.145508,9131.055108
2021,GPS1,438,7/16/2021,7,16,28,,Geranium caespitosum,40,flow,11:05,Bombus centralis,m,38.92417104,-105.022241,2783.145508,9131.055108
2021,GPS1,438,7/16/2021,7,16,29,,Geranium caespitosum,40,flow,11:08,Bombus centralis,f,38.92417104,-105.022241,2783.145508,9131.055108
2021,GPS1,439,7/16/2021,7,16,30,,Hymenoxys hoopesii,100,flow,11:44,Bombus flavifrons,f,38.92323897,-105.022039,2786.859619,9143.240512
2021,GPS1,439,7/16/2021,7,16,31,,Polemonium foliosissimum,8,clust,11:50,Bombus centralis,f,38.92323897,-105.022039,2786.859619,9143.240512
2021,GPS1,439,7/16/2021,7,16,34,,Geranium richardsonii,7,flow,11:58,Bombus centralis,f,38.92323897,-105.022039,2786.859619,9143.240512
2021,GPS3,195,7/16/2021,7,16,1,B,Phacelia hastata,80,clust,9:19,Bombus centralis,f,38.92237597,-105.022307,2789.123779,9150.668859
2021,GPS3,198,7/16/2021,7,16,1,A,Chamerion angustifolium,10,flow,10:15,Bombus flavifrons,f,38.92287604,-105.021822,2787.025146,9143.78358
2021,GPS3,198,7/16/2021,7,16,2,,Chamerion angustifolium,10,flow,10:17,Bombus centralis,f,38.92287604,-105.021822,2787.025146,9143.78358
2021,GPS3,198,7/16/2021,7,16,3,,Chamerion angustifolium,10,flow,10:20,Bombus flavifrons,f,38.92287604,-105.021822,2787.025146,9143.78358
2021,GPS3,198,7/16/2021,7,16,4,,Chamerion angustifolium,10,flow,10:25,Bombus centralis,f,38.92287604,-105.021822,2787.025146,9143.78358
2021,GPS3,198,7/16/2021,7,16,8,,Chamerion angustifolium,10,flow,11:05,Bombus mixtus,f,38.92287604,-105.021822,2787.025146,9143.78358
2021,GPS3,198,7/16/2021,7,16,9,,Chamerion angustifolium,10,flow,11:09,Bombus centralis,f,38.92287604,-105.021822,2787.025146,9143.78358
2021,GPS3,199,7/16/2021,7,16,12,,Aliciella pinnatifida,30,flow,11:58,Bombus centralis,f,38.92340401,-105.022307,2790.130859,9153.972927
2021,GPS3,201,7/16/2021,7,16,14,,Trifolium nanum,2,flow,14:21,Bombus bifarius,f,38.86369804,-105.071861,3936.956299,12916.5237
2021,GPS2,195,7/16/2021,7,16,2,,Chamerion angustifolium,10,flow,9:28,Bombus flavifrons,f,38.922899,-105.021862,2782.623779,9129.343399
2021,GPS2,195,7/16/2021,7,16,3,,Chamerion angustifolium,5,flow,9:29,Bombus flavifrons,f,38.922899,-105.021862,2782.623779,9129.343399
2021,GPS2,195,7/16/2021,7,16,,,Penstemon glaber,5,flow,9:30,Bombus flavifrons,,38.922899,-105.021862,2782.623779,9129.343399
2021,GPS2,198,7/16/2021,7,16,4,,Frasera speciosa,10,flow,9:39,Bombus centralis,q,38.92393802,-105.020663,2817.291992,9243.084259
2021,GPS2,198,7/16/2021,7,16,5,,Frasera speciosa,10,flow,9:40,Bombus centralis,q,38.92393802,-105.020663,2817.291992,9243.084259
2021,GPS2,198,7/16/2021,7,16,6,,Frasera speciosa,10,flow,9:46,Bombus centralis,f,38.92393802,-105.020663,2817.291992,9243.084259
2021,GPS2,198,7/16/2021,7,16,7,,Frasera speciosa,10,flow,9:48,Bombus centralis,f,38.92393802,-105.020663,2817.291992,9243.084259
2021,GPS2,199,7/16/2021,7,16,8,,Jamesia americana var. americana,200,flow,9:51,Bombus centralis,f,38.92371599,-105.020933,2792.914795,9163.106576
2021,GPS2,199,7/16/2021,7,16,9,,Jamesia americana var. americana,200,flow,9:53,Bombus centralis,f,38.92371599,-105.020933,2792.914795,9163.106576
2021,GPS2,199,7/16/2021,7,16,10,,Jamesia americana var. americana,200,flow,9:55,Bombus centralis,m,38.92371599,-105.020933,2792.914795,9163.106576
2021,GPS2,200,7/16/2021,7,16,11,,Eremogone fendleri,10,flow,10:03,Bombus centralis,f,38.92418303,-105.022158,2778.149658,9114.664524
2021,GPS2,200,7/16/2021,7,16,,,Jamesia americana var. americana,50,flow,10:09,Bombus centralis,,38.92418303,-105.022158,2778.149658,9114.664524
2021,GPS2,200,7/16/2021,7,16,13,,Chamerion angustifolium,10,flow,10:11,Bombus mixtus,f,38.92418303,-105.022158,2778.149658,9114.664524
2021,GPS2,200,7/16/2021,7,16,14,,Chamerion angustifolium,10,flow,10:17,Bombus centralis,f,38.92418303,-105.022158,2778.149658,9114.664524
2021,GPS2,200,7/16/2021,7,16,17,,Chamerion angustifolium,10,flow,10:26,Bombus flavifrons,f,38.92418303,-105.022158,2778.149658,9114.664524
2021,GPS2,200,7/16/2021,7,16,18,,Jamesia americana var. americana,30,clust,10:30,Bombus centralis,q,38.92418303,-105.022158,2778.149658,9114.664524
2021,GPS2,200,7/16/2021,7,16,19,,Chamerion angustifolium,10,flow,10:44,Bombus flavifrons,f,38.92418303,-105.022158,2778.149658,9114.664524
2021,GPS2,200,7/16/2021,7,16,21,,Chamerion angustifolium,10,flow,10:52,Bombus flavifrons,f,38.92418303,-105.022158,2778.149658,9114.664524
2021,GPS2,200,7/16/2021,7,16,22,,Chamerion angustifolium,10,flow,11:04,Bombus centralis,f,38.92418303,-105.022158,2778.149658,9114.664524
2021,GPS2,200,7/16/2021,7,16,23,,Mertensia ciliata,100,flow,11:06,Bombus flavifrons,f,38.92418303,-105.022158,2778.149658,9114.664524
2021,GPS2,200,7/16/2021,7,16,24,,Jamesia americana var. americana,30,clust,11:12,Bombus centralis,m,38.92418303,-105.022158,2778.149658,9114.664524
2021,GPS2,201,7/16/2021,7,16,25,,Cirsium scariosum/scopulorum,1,clust,11:19,Bombus flavifrons,f,38.92408697,-105.022308,2780.910156,9123.721276
2021,GPS2,201,7/16/2021,7,16,26,A,Cirsium scariosum/scopulorum,1,clust,11:20,Bombus flavifrons,f,38.92408697,-105.022308,2780.910156,9123.721276
2021,GPS2,201,7/16/2021,7,16,26,B,Cirsium scariosum/scopulorum,1,clust,11:21,Bombus flavifrons,f,38.92408697,-105.022308,2780.910156,9123.721276
2021,GPS2,201,7/16/2021,7,16,27,A,Cirsium scariosum/scopulorum,1,clust,11:22,Bombus centralis,m,38.92408697,-105.022308,2780.910156,9123.721276
2021,GPS2,201,7/16/2021,7,16,27,B,Cirsium scariosum/scopulorum,1,clust,11:22,Bombus flavifrons,f,38.92408697,-105.022308,2780.910156,9123.721276
2021,GPS2,201,7/16/2021,7,16,27,C,Cirsium scariosum/scopulorum,1,clust,11:23,Bombus flavifrons,q,38.92408697,-105.022308,2780.910156,9123.721276
2021,GPS2,201,7/16/2021,7,16,29,,Cirsium scariosum/scopulorum,1,clust,11:33,Bombus flavifrons,f,38.92408697,-105.022308,2780.910156,9123.721276
2021,GPS2,202,7/16/2021,7,16,30,,Melilotus officinalis,10,clust,11:47,Bombus centralis,m,38.92344198,-105.022339,2791.210205,9157.514089
2021,GPS2,204,7/16/2021,7,16,32,,Oreocarya virgata,90,flow,11:54,Bombus centralis,f,38.92340602,-105.022322,2797.319336,9177.55717
2021,GPS2,205,7/16/2021,7,16,34,,Sedum lanceolatum var. lanceolatum,10,flow,12:09,Bombus centralis,f,38.92245702,-105.023255,2795.015869,9169.999864
2021,GPS2,208,7/16/2021,7,16,36,,Castilleja occidentalis,3,clust,14:17,Bombus balteatus,q,38.86373903,-105.072041,3929.709961,12892.74963
2021,GPS2,208,7/16/2021,7,16,,,Silene acaulis,10,flow,14:18,Bombus balteatus,,38.86373903,-105.072041,3929.709961,12892.74963
2021,GPS2,208,7/16/2021,7,16,37,,Silene acaulis,10,flow,14:24,Bombus balteatus,q,38.86373903,-105.072041,3929.709961,12892.74963
2021,GPS2,208,7/16/2021,7,16,,,Castilleja occidentalis,3,clust,14:25,Bombus balteatus,,38.86373903,-105.072041,3929.709961,12892.74963
2021,GPS1,448,7/19/2021,7,19,1,,Geranium caespitosum,1,flow,17:59,Bombus centralis,m,38.85747397,-104.933878,2053.079834,6735.826443
2021,GPS1,449,7/19/2021,7,19,2,,Phacelia hastata,3,clust,18:02,Bombus centralis,m,38.85772199,-104.934004,2062.162842,6765.626339
2021,GPS1,451,7/19/2021,7,19,3,,Phacelia hastata,4,clust,18:11,Bombus centralis,m,38.85825098,-104.934413,2064.970459,6774.837681
2021,GPS1,452,7/19/2021,7,19,4,,Erigeron subtrinervis,4,flow,18:13,Bombus centralis,m,38.85869798,-104.93495,2075.86792,6810.590507
2021,GPS1,453,7/19/2021,7,19,5,,Linaria dalmatica subsp. dalmatica,310,flow,18:17,Bombus centralis,f,38.85887903,-104.934879,2078.656982,6819.740973
2021,GPS1,455,7/19/2021,7,19,6,,Phacelia hastata,22,clust,18:28,Bombus centralis,f,38.85979501,-104.935201,2113.446777,6933.880724
2021,GPS1,455,7/19/2021,7,19,7,,Phacelia hastata,80,clust,18:30,Bombus centralis,f,38.85979501,-104.935201,2113.446777,6933.880724
2021,GPS1,455,7/19/2021,7,19,8,,Phacelia hastata,80,clust,18:31,Bombus centralis,f,38.85979501,-104.935201,2113.446777,6933.880724
2021,GPS1,457,7/19/2021,7,19,9,d,Mentzelia multiflora/speciosa,95,flow,18:43,Bombus centralis,f,38.85984404,-104.934986,2137.240723,7011.944854
2021,GPS1,457,7/19/2021,7,19,9,b,Mentzelia multiflora/speciosa,95,flow,18:43,Bombus centralis,f,38.85984404,-104.934986,2137.240723,7011.944854
2021,GPS1,457,7/19/2021,7,19,9,a,Mentzelia multiflora/speciosa,95,flow,18:43,Bombus centralis,f,38.85984404,-104.934986,2137.240723,7011.944854
2021,GPS1,457,7/19/2021,7,19,9,c,Mentzelia multiflora/speciosa,95,flow,18:43,Bombus centralis,f,38.85984404,-104.934986,2137.240723,7011.944854
2021,GPS3,211,7/19/2021,7,19,1,,Phacelia hastata,16,clust,18:14,Bombus centralis,,38.858385,-104.93452,2069.458008,6789.560611
2021,GPS3,211,7/19/2021,7,19,2,,Phacelia hastata,16,clust,18:17,Bombus centralis,,38.858385,-104.93452,2069.458008,6789.560611
2021,GPS3,214,7/19/2021,7,19,4,,Phacelia hastata,150,clust,18:32,Bombus centralis,f,38.85987002,-104.935214,2102.047363,6896.48107
2021,GPS3,214,7/19/2021,7,19,5,,Phacelia hastata,150,clust,18:36,Bombus centralis,f,38.85987002,-104.935214,2102.047363,6896.48107
2021,GPS3,215,7/19/2021,7,19,6,,Mentzelia multiflora/speciosa,95,flow,18:40,Bombus huntii,f,38.85988402,-104.935037,2116.996582,6945.527066
2021,GPS3,215,7/19/2021,7,19,7,,Mentzelia multiflora/speciosa,95,flow,18:45,Bombus centralis,f,38.85988402,-104.935037,2116.996582,6945.527066
2021,GPS3,215,7/19/2021,7,19,8,,Mentzelia multiflora/speciosa,95,flow,18:47,Bombus centralis,f,38.85988402,-104.935037,2116.996582,6945.527066
2021,GPS3,216,7/19/2021,7,19,10,,Mentzelia multiflora/speciosa,35,flow,18:53,Bombus centralis,f,38.85982099,-104.934909,2115.230469,6939.732732
2021,GPS3,217,7/19/2021,7,19,11,,Mentzelia multiflora/speciosa,12,flow,18:57,Bombus centralis,,38.85974597,-104.934674,2118.087646,6949.106673
2021,GPS3,217,7/19/2021,7,19,12,,Mentzelia multiflora/speciosa,12,flow,18:59,Bombus centralis,f,38.85974597,-104.934674,2118.087646,6949.106673
2021,GPS3,218,7/19/2021,7,19,13,,Mentzelia multiflora/speciosa,17,flow,19:08,Bombus nevadensis,f,38.85867803,-104.933208,2135.102051,7004.928213
2021,GPS2,212,7/19/2021,7,19,2,A,Phacelia hastata,50,flow,18:05,Bombus centralis,f,38.85797404,-104.934223,2065.89209,6777.861405
2021,GPS2,212,7/19/2021,7,19,2,B,Phacelia hastata,50,flow,18:06,Bombus centralis,f,38.85797404,-104.934223,2065.89209,6777.861405
2021,GPS2,212,7/19/2021,7,19,3,,Phacelia hastata,50,flow,18:07,Bombus centralis,m,38.85797404,-104.934223,2065.89209,6777.861405
2021,GPS2,213,7/19/2021,7,19,4,,Linaria dalmatica subsp. dalmatica,20,flow,18:14,Bombus appositus,f,38.858988,-104.934484,2090.99585,6860.222825
2021,GPS2,213,7/19/2021,7,19,5,,Phacelia hastata,100,flow,18:23,Bombus centralis,f,38.858988,-104.934484,2090.99585,6860.222825
2021,GPS2,213,7/19/2021,7,19,6,,Phacelia hastata,100,flow,18:30,Bombus centralis,m,38.858988,-104.934484,2090.99585,6860.222825
2021,GPS2,213,7/19/2021,7,19,7,,Phacelia hastata,100,flow,18:34,Bombus centralis,m,38.858988,-104.934484,2090.99585,6860.222825
2021,GPS2,214,7/19/2021,7,19,8,,Linaria dalmatica subsp. dalmatica,50,flow,18:47,Bombus nevadensis,f,38.85994697,-104.935269,2111.685303,6928.101609
2021,GPS2,215,7/19/2021,7,19,9,,Mentzelia multiflora/speciosa,60,flow,18:59,Bombus huntii,f,38.85990296,-104.935042,2113.560303,6934.253184
2021,GPS2,215,7/19/2021,7,19,10,,Mentzelia multiflora/speciosa,60,flow,19:00,Bombus centralis,f,38.85990296,-104.935042,2113.560303,6934.253184
2021,GPS2,215,7/19/2021,7,19,12,B,Mentzelia multiflora/speciosa,60,flow,19:03,Bombus centralis,f,38.85990296,-104.935042,2113.560303,6934.253184
2021,GPS1,460,7/20/2021,7,20,1,,Penstemon glaber,50,flow,10:51,Bombus flavifrons,f,38.89896397,-104.998981,2637.350098,8652.723696
2021,GPS1,460,7/20/2021,7,20,12,,Penstemon glaber,50,flow,11:15,Bombus centralis,f,38.89896397,-104.998981,2637.350098,8652.723696
2021,GPS1,460,7/20/2021,7,20,18,,Penstemon glaber,50,flow,11:38,Bombus flavifrons,f,38.89896397,-104.998981,2637.350098,8652.723696
2021,GPS1,460,7/20/2021,7,20,20,,Penstemon glaber,50,flow,11:50,Bombus flavifrons,f,38.89896397,-104.998981,2637.350098,8652.723696
2021,GPS1,465,7/20/2021,7,20,27,,Mertensia ciliata,66,flow,13:50,Bombus flavifrons,f,38.89737803,-105.006441,2653.58374,8705.983678
2021,GPS1,472,7/20/2021,7,20,34,,Antennaria parvifolia,300,clust,14:44,Bombus bifarius,f,38.89823902,-105.012858,2701.551025,8863.356665
2021,GPS3,223,7/20/2021,7,20,1,,Penstemon glaber,50,flow,10:50,Bombus flavifrons,f,38.89927,-104.998343,2431.818604,7978.407749
2021,GPS3,223,7/20/2021,7,20,3,,Penstemon glaber,50,flow,10:55,Bombus flavifrons,f,38.89927,-104.998343,2431.818604,7978.407749
2021,GPS3,223,7/20/2021,7,20,13,,Penstemon glaber,50,flow,11:20,Bombus centralis,f,38.89927,-104.998343,2431.818604,7978.407749
2021,GPS3,223,7/20/2021,7,20,18,,Penstemon glaber,50,flow,11:34,Bombus flavifrons,f,38.89927,-104.998343,2431.818604,7978.407749
2021,GPS3,223,7/20/2021,7,20,20,,Penstemon glaber,50,flow,11:36,Bombus bifarius,f,38.89927,-104.998343,2431.818604,7978.407749
2021,GPS3,223,7/20/2021,7,20,26,,Penstemon glaber,50,flow,11:50,Bombus centralis,f,38.89927,-104.998343,2431.818604,7978.407749
2021,GPS3,224,7/20/2021,7,20,29,,Geranium caespitosum,40,flow,12:25,Bombus flavifrons,f,38.89887001,-104.999446,2628.871338,8624.906241
2021,GPS3,224,7/20/2021,7,20,31,,Geranium caespitosum,40,flow,12:30,Bombus centralis,f,38.89887001,-104.999446,2628.871338,8624.906241
2021,GPS3,224,7/20/2021,7,20,33,,Geranium caespitosum,40,flow,12:35,Bombus mixtus,f,38.89887001,-104.999446,2628.871338,8624.906241
2021,GPS3,224,7/20/2021,7,20,34,,Geranium caespitosum,40,flow,12:37,Bombus bifarius,f,38.89887001,-104.999446,2628.871338,8624.906241
2021,GPS3,224,7/20/2021,7,20,35,,Geranium caespitosum,40,flow,12:41,Bombus rufocinctus,f,38.89887001,-104.999446,2628.871338,8624.906241
2021,GPS3,224,7/20/2021,7,20,37,,Geranium caespitosum,40,flow,12:45,Bombus centralis,m,38.89887001,-104.999446,2628.871338,8624.906241
2021,GPS3,224,7/20/2021,7,20,38,,Geranium caespitosum,40,flow,12:47,Bombus centralis,f,38.89887001,-104.999446,2628.871338,8624.906241
2021,GPS3,224,7/20/2021,7,20,40,,Geranium caespitosum,40,flow,12:49,Bombus rufocinctus,f,38.89887001,-104.999446,2628.871338,8624.906241
2021,GPS3,224,7/20/2021,7,20,41,,Geranium caespitosum,40,flow,12:50,Bombus mixtus,f,38.89887001,-104.999446,2628.871338,8624.906241
2021,GPS3,224,7/20/2021,7,20,43,,Geranium caespitosum,40,flow,13:00,Bombus centralis,f,38.89887001,-104.999446,2628.871338,8624.906241
2021,GPS3,224,7/20/2021,7,20,45,,Geranium caespitosum,40,flow,13:10,Bombus centralis,f,38.89887001,-104.999446,2628.871338,8624.906241
2021,GPS3,224,7/20/2021,7,20,47,,Geranium caespitosum,40,flow,13:16,Bombus centralis,f,38.89887001,-104.999446,2628.871338,8624.906241
2021,GPS3,224,7/20/2021,7,20,50,,Geranium caespitosum,40,flow,13:20,Bombus bifarius,f,38.89887001,-104.999446,2628.871338,8624.906241
2021,GPS3,225,7/20/2021,7,20,51,,Rosa acicularis subsp. sayi,42,flow,14:05,Bombus centralis,f,38.89885501,-104.999573,2632.842041,8637.933482
2021,GPS3,225,7/20/2021,7,20,52,,Rosa acicularis subsp. sayi,42,flow,14:10,Bombus centralis,f,38.89885501,-104.999573,2632.842041,8637.933482
2021,GPS3,225,7/20/2021,7,20,53,,Rosa acicularis subsp. sayi,42,flow,14:12,Bombus centralis,f,38.89885501,-104.999573,2632.842041,8637.933482
2021,GPS3,225,7/20/2021,7,20,54,,Rosa acicularis subsp. sayi,42,flow,14:17,Bombus centralis,f,38.89885501,-104.999573,2632.842041,8637.933482
2021,GPS2,222,7/20/2021,7,20,2,,Penstemon glaber,50,flow,10:50,Bombus flavifrons,f,38.89863096,-105.00139,2628.844482,8624.81813
2021,GPS2,222,7/20/2021,7,20,3,,Penstemon glaber,50,flow,10:52,Bombus flavifrons,f,38.89863096,-105.00139,2628.844482,8624.81813
2021,GPS2,222,7/20/2021,7,20,4,,Penstemon glaber,50,flow,10:54,Bombus flavifrons,f,38.89863096,-105.00139,2628.844482,8624.81813
2021,GPS2,222,7/20/2021,7,20,6,,Penstemon glaber,50,flow,11:01,Bombus flavifrons,f,38.89863096,-105.00139,2628.844482,8624.81813
2021,GPS2,222,7/20/2021,7,20,14,,Penstemon glaber,50,flow,11:20,Bombus flavifrons,f,38.89863096,-105.00139,2628.844482,8624.81813
2021,GPS2,223,7/20/2021,7,20,22,,Campanula parryi var. parryi,15,flow,12:04,Bombus rufocinctus,f,38.89845402,-105.001618,2628.533203,8623.796874
2021,GPS2,223,7/20/2021,7,20,23,,Geranium richardsonii,20,flow,12:06,Bombus rufocinctus,f,38.89845402,-105.001618,2628.533203,8623.796874
2021,GPS2,223,7/20/2021,7,20,25,,Geranium richardsonii,10,flow,12:11,Bombus flavifrons,f,38.89845402,-105.001618,2628.533203,8623.796874
2021,GPS2,225,7/20/2021,7,20,33,,Potentilla pensylvanica,15,flow,12:45,Bombus centralis,f,38.89850398,-105.001971,2630.394287,8629.902793
2021,GPS2,226,7/20/2021,7,20,34,,Aliciella pinnatifida,10,flow,12:55,Bombus centralis,m,38.898825,-104.999673,2631.966553,8635.061146
2021,GPS2,231,7/20/2021,7,20,37,,Delphinium ramosum,200,flow,14:06,Bombus flavifrons,f,38.89754299,-105.008777,2662.837402,8736.343462
2021,GPS2,231,7/20/2021,7,20,38,,Delphinium ramosum,200,flow,14:07,Bombus flavifrons,f,38.89754299,-105.008777,2662.837402,8736.343462
2021,GPS2,231,7/20/2021,7,20,39,,Delphinium ramosum,200,flow,14:10,Bombus flavifrons,f,38.89754299,-105.008777,2662.837402,8736.343462
2021,GPS2,234,7/20/2021,7,20,43,A,Frasera speciosa,20,flow,14:34,Bombus centralis,f,38.89821597,-105.012406,2697.191895,8849.055057
2021,GPS2,234,7/20/2021,7,20,43,B,Frasera speciosa,20,flow,14:35,Bombus centralis,f,38.89821597,-105.012406,2697.191895,8849.055057
2021,GPS1,473,7/21/2021,7,21,1,,Chamerion angustifolium,10,flow,8:33,Bombus centralis,f,38.90092299,-104.999716,2623.116699,8606.026191
2021,GPS1,473,7/21/2021,7,21,2,,Chamerion angustifolium,10,flow,8:39,Bombus flavifrons,f,38.90092299,-104.999716,2623.116699,8606.026191
2021,GPS1,473,7/21/2021,7,21,4,,Chamerion angustifolium,10,flow,9:28,Bombus flavifrons,f,38.90092299,-104.999716,2623.116699,8606.026191
2021,GPS1,473,7/21/2021,7,21,5,,Chamerion angustifolium,10,flow,9:33,Bombus bifarius,f,38.90092299,-104.999716,2623.116699,8606.026191
2021,GPS1,473,7/21/2021,7,21,6,,Chamerion angustifolium,10,flow,9:51,Bombus flavifrons,f,38.90092299,-104.999716,2623.116699,8606.026191
2021,GPS1,473,7/21/2021,7,21,7,,Chamerion angustifolium,10,flow,10:03,Bombus flavifrons,f,38.90092299,-104.999716,2623.116699,8606.026191
2021,GPS3,227,7/21/2021,7,21,2,,Chamerion angustifolium,10,flow,8:40,Bombus flavifrons,f,38.89764098,-105.003624,2636.729248,8650.686786
2021,GPS3,227,7/21/2021,7,21,7,,Chamerion angustifolium,10,flow,9:10,Bombus bifarius,f,38.89764098,-105.003624,2636.729248,8650.686786
2021,GPS3,227,7/21/2021,7,21,8,,Chamerion angustifolium,10,flow,9:15,Bombus centralis,f,38.89764098,-105.003624,2636.729248,8650.686786
2021,GPS3,227,7/21/2021,7,21,9,,Chamerion angustifolium,10,flow,9:20,Bombus flavifrons,f,38.89764098,-105.003624,2636.729248,8650.686786
2021,GPS3,227,7/21/2021,7,21,11,,Chamerion angustifolium,10,flow,9:33,Bombus centralis,m,38.89764098,-105.003624,2636.729248,8650.686786
2021,GPS3,228,7/21/2021,7,21,15,,Rosa acicularis subsp. sayi,42,flow,9:36,Bombus flavifrons,f,38.897559,-105.003759,2634.444824,8643.191956
2021,GPS3,228,7/21/2021,7,21,19,,Rosa acicularis subsp. sayi,42,flow,9:43,Bombus rufocinctus,f,38.897559,-105.003759,2634.444824,8643.191956
2021,GPS3,228,7/21/2021,7,21,25,,Rosa acicularis subsp. sayi,42,flow,9:52,Bombus flavifrons,f,38.897559,-105.003759,2634.444824,8643.191956
2021,GPS3,228,7/21/2021,7,21,26,,Rosa acicularis subsp. sayi,42,flow,9:53,Bombus mixtus,f,38.897559,-105.003759,2634.444824,8643.191956
2021,GPS3,228,7/21/2021,7,21,29,,Rosa acicularis subsp. sayi,42,flow,9:56,Bombus rufocinctus,f,38.897559,-105.003759,2634.444824,8643.191956
2021,GPS2,237,7/21/2021,7,21,1,,Geranium caespitosum,120,flow,10:03,Bombus flavifrons,f,38.90057104,-104.997968,2627.850098,8621.555716
2021,GPS2,237,7/21/2021,7,21,2,,Geranium caespitosum,120,flow,10:06,Bombus bifarius,f,38.90057104,-104.997968,2627.850098,8621.555716
2021,GPS2,237,7/21/2021,7,21,3,,Geranium caespitosum,120,flow,10:11,Bombus centralis,m,38.90057104,-104.997968,2627.850098,8621.555716
2021,GPS2,237,7/21/2021,7,21,4,,Geranium caespitosum,120,flow,10:16,Bombus mixtus,f,38.90057104,-104.997968,2627.850098,8621.555716
2021,GPS2,237,7/21/2021,7,21,5,,Geranium caespitosum,120,flow,10:22,Bombus mixtus,f,38.90057104,-104.997968,2627.850098,8621.555716
2021,GPS1,477,7/22/2021,7,22,1,,Chamerion angustifolium,10,flow,10:17,Bombus centralis,m,38.85633504,-104.957366,2656.439209,8715.352014
2021,GPS1,477,7/22/2021,7,22,2,,Chamerion angustifolium,10,flow,10:18,Bombus centralis,f,38.85633504,-104.957366,2656.439209,8715.352014
2021,GPS1,477,7/22/2021,7,22,3,,Chamerion angustifolium,10,flow,10:33,Bombus flavifrons,f,38.85633504,-104.957366,2656.439209,8715.352014
2021,GPS1,477,7/22/2021,7,22,4,,Chamerion angustifolium,10,flow,10:53,Bombus flavifrons,f,38.85633504,-104.957366,2656.439209,8715.352014
2021,GPS1,477,7/22/2021,7,22,5,,Chamerion angustifolium,10,flow,11:09,Bombus flavifrons,f,38.85633504,-104.957366,2656.439209,8715.352014
2021,GPS1,478,7/22/2021,7,22,8,,Calochortus gunnisonii,4,flow,11:25,Bombus flavifrons,f,38.85647904,-104.958145,2659.014404,8723.800817
2021,GPS1,478,7/22/2021,7,22,9,,Erigeron speciosus,80,flow,11:29,Bombus bifarius,f,38.85647904,-104.958145,2659.014404,8723.800817
2021,GPS1,480,7/22/2021,7,22,13,,Geranium caespitosum,25,flow,11:42,Bombus centralis,m,38.85678599,-104.957864,2689.146484,8822.659351
2021,GPS1,480,7/22/2021,7,22,14,,Geranium caespitosum,25,flow,11:43,Bombus centralis,f,38.85678599,-104.957864,2689.146484,8822.659351
2021,GPS1,480,7/22/2021,7,22,16,,Geranium caespitosum,25,flow,11:48,Bombus centralis,f,38.85678599,-104.957864,2689.146484,8822.659351
2021,GPS1,480,7/22/2021,7,22,17,,Geranium caespitosum,25,flow,11:49,Bombus centralis,m,38.85678599,-104.957864,2689.146484,8822.659351
2021,GPS1,480,7/22/2021,7,22,18,,Geranium caespitosum,25,flow,11:50,Bombus flavifrons,f,38.85678599,-104.957864,2689.146484,8822.659351
2021,GPS1,480,7/22/2021,7,22,19,,Geranium caespitosum,25,flow,11:51,Bombus centralis,m,38.85678599,-104.957864,2689.146484,8822.659351
2021,GPS1,480,7/22/2021,7,22,21,,Geranium caespitosum,25,flow,11:54,Bombus centralis,f,38.85678599,-104.957864,2689.146484,8822.659351
2021,GPS1,480,7/22/2021,7,22,24,,Geranium caespitosum,25,flow,12:01,Bombus centralis,m,38.85678599,-104.957864,2689.146484,8822.659351
2021,GPS1,480,7/22/2021,7,22,30,,Geranium caespitosum,25,flow,12:17,Bombus centralis,f,38.85678599,-104.957864,2689.146484,8822.659351
2021,GPS1,480,7/22/2021,7,22,33,,Geranium caespitosum,25,flow,12:32,Bombus centralis,m,38.85678599,-104.957864,2689.146484,8822.659351
2021,GPS1,480,7/22/2021,7,22,34,,Geranium caespitosum,25,flow,12:33,Bombus flavifrons,f,38.85678599,-104.957864,2689.146484,8822.659351
2021,GPS1,480,7/22/2021,7,22,35,,Geranium caespitosum,25,flow,12:36,Bombus centralis,m,38.85678599,-104.957864,2689.146484,8822.659351
2021,GPS1,480,7/22/2021,7,22,36,,Geranium caespitosum,25,flow,12:38,Bombus bifarius,f,38.85678599,-104.957864,2689.146484,8822.659351
2021,GPS1,482,7/22/2021,7,22,38,,Geum rivale,12,flow,12:57,Bombus flavifrons,f,38.85688498,-104.959633,2665.181396,8744.033731
2021,GPS1,482,7/22/2021,7,22,39,,Aconitum columbianum,41,flow,13:00,Bombus flavifrons,f,38.85688498,-104.959633,2665.181396,8744.033731
2021,GPS1,482,7/22/2021,7,22,40,,Aconitum columbianum,41,flow,13:02,Bombus flavifrons,f,38.85688498,-104.959633,2665.181396,8744.033731
2021,GPS1,482,7/22/2021,7,22,41,,Geum rivale,12,flow,13:05,Bombus flavifrons,f,38.85688498,-104.959633,2665.181396,8744.033731
2021,GPS1,482,7/22/2021,7,22,42,,Geum rivale,12,flow,13:06,Bombus flavifrons,f,38.85688498,-104.959633,2665.181396,8744.033731
2021,GPS1,483,7/22/2021,7,22,43,,Aquilegia coerulea,2,flow,13:11,Bombus centralis,f,38.85689604,-104.959616,2674.009766,8772.998201
2021,GPS1,483,7/22/2021,7,22,44,,Mertensia ciliata,80,flow,13:13,Bombus flavifrons,f,38.85689604,-104.959616,2674.009766,8772.998201
2021,GPS1,484,7/22/2021,7,22,45,,Asclepias tuberosa subsp. interior,12,clust,14:20,Bombus centralis,m,38.85278597,-104.938477,2125.688477,6974.043783
2021,GPS1,484,7/22/2021,7,22,46,,Asclepias tuberosa subsp. interior,12,clust,14:26,Bombus centralis,m,38.85278597,-104.938477,2125.688477,6974.043783
2021,GPS1,484,7/22/2021,7,22,47,,Asclepias tuberosa subsp. interior,12,clust,14:30,Bombus centralis,m,38.85278597,-104.938477,2125.688477,6974.043783
2021,GPS1,484,7/22/2021,7,22,48,,Asclepias tuberosa subsp. interior,12,clust,14:32,Bombus centralis,f,38.85278597,-104.938477,2125.688477,6974.043783
2021,GPS3,229,7/22/2021,7,22,1,,Arnica fulgens,7,flow,8:35,Bombus centralis,m,38.89456398,-104.974458,2320.604248,7613.531241
2021,GPS3,233,7/22/2021,7,22,4,,Holodiscus dumosus,150,clust,9:34,Bombus centralis,m,38.89137701,-104.974698,2533.695068,8312.648127
2021,GPS3,235,7/22/2021,7,22,7,,Geranium caespitosum,25,flow,10:35,Bombus huntii,f,38.88888801,-104.978206,2705.22998,8875.426728
2021,GPS3,235,7/22/2021,7,22,10,,Geranium caespitosum,25,flow,10:47,Bombus centralis,f,38.88888801,-104.978206,2705.22998,8875.426728
2021,GPS3,235,7/22/2021,7,22,11,,Geranium caespitosum,25,flow,10:50,Bombus centralis,m,38.88888801,-104.978206,2705.22998,8875.426728
2021,GPS3,235,7/22/2021,7,22,14,,Geranium caespitosum,25,flow,11:05,Bombus centralis,m,38.88888801,-104.978206,2705.22998,8875.426728
2021,GPS3,235,7/22/2021,7,22,17,,Geranium caespitosum,25,flow,11:15,Bombus centralis,m,38.88888801,-104.978206,2705.22998,8875.426728
2021,GPS3,238,7/22/2021,7,22,23,A,Chamerion angustifolium,10,flow,13:00,Bombus centralis,f,38.88902103,-104.984095,2817.388916,9243.402251
2021,GPS3,238,7/22/2021,7,22,23,B,Chamerion angustifolium,10,flow,13:00,Bombus flavifrons,f,38.88902103,-104.984095,2817.388916,9243.402251
2021,GPS3,238,7/22/2021,7,22,24,,Chamerion angustifolium,10,flow,13:07,Bombus centralis,m,38.88902103,-104.984095,2817.388916,9243.402251
2021,GPS3,238,7/22/2021,7,22,25,,Chamerion angustifolium,10,flow,13:15,Bombus centralis,m,38.88902103,-104.984095,2817.388916,9243.402251
2021,GPS3,238,7/22/2021,7,22,27,,Chamerion angustifolium,10,flow,13:50,Bombus centralis,m,38.88902103,-104.984095,2817.388916,9243.402251
2021,GPS2,238,7/22/2021,7,22,1,,Senecio bigelovii var. hallii,4,flow,8:23,Bombus centralis,m,38.900853,-104.9988,2626.92,8618.504213
2021,GPS2,244,7/22/2021,7,22,4,A,Senecio bigelovii var. hallii,10,flow,9:11,Bombus centralis,m,38.89188403,-104.973986,2504.726562,8217.607094
2021,GPS2,245,7/22/2021,7,22,5,,Allium cernuum,1,clust,9:18,Bombus centralis,f,38.89182603,-104.974064,2513.504395,8246.405759
2021,GPS2,250,7/22/2021,7,22,11,,Senecio bigelovii var. hallii,5,flow,9:53,Bombus centralis,m,38.89039901,-104.975863,2582.181396,8471.724011
2021,GPS2,252,7/22/2021,7,22,13,,Chamerion angustifolium,10,flow,10:36,Bombus centralis,m,38.88877803,-104.978266,2715.017334,8907.53747
2021,GPS2,252,7/22/2021,7,22,14,,Chamerion angustifolium,10,flow,10:41,Bombus mixtus,f,38.88877803,-104.978266,2715.017334,8907.53747
2021,GPS2,252,7/22/2021,7,22,15,,Chamerion angustifolium,10,flow,10:50,Bombus centralis,m,38.88877803,-104.978266,2715.017334,8907.53747
2021,GPS2,252,7/22/2021,7,22,16,,Chamerion angustifolium,10,flow,10:59,Bombus centralis,m,38.88877803,-104.978266,2715.017334,8907.53747
2021,GPS2,253,7/22/2021,7,22,19,,Cirsium arvense,17,flow,11:53,Bombus centralis,m,38.88871098,-104.979161,2742.416016,8997.428162
2021,GPS2,253,7/22/2021,7,22,21,,Cirsium arvense,17,flow,11:56,Bombus centralis,m,38.88871098,-104.979161,2742.416016,8997.428162
2021,GPS2,254,7/22/2021,7,22,22,,Frasera speciosa,5,flow,12:01,Bombus centralis,f,38.88866002,-104.979517,2744.966064,9005.794461
2021,GPS2,255,7/22/2021,7,22,24,A,Solidago simplex var. simplex,1,clust,12:10,Bombus centralis,m,38.88847101,-104.979628,2743.834473,9002.081892
2021,GPS2,255,7/22/2021,7,22,24,B,Solidago simplex var. simplex,1,clust,12:11,Bombus rufocinctus,,38.88847101,-104.979628,2743.834473,9002.081892
2021,GPS2,256,7/22/2021,7,22,25,,Solidago simplex var. simplex,30,clust,12:14,Bombus centralis,m,38.88828401,-104.980552,2760.151123,9055.61421
2021,GPS2,256,7/22/2021,7,22,25,B,Solidago simplex var. simplex,30,clust,12:15,Bombus centralis,m,38.88828401,-104.980552,2760.151123,9055.61421
2021,GPS2,256,7/22/2021,7,22,25,C,Solidago simplex var. simplex,30,clust,12:16,Bombus rufocinctus,f,38.88828401,-104.980552,2760.151123,9055.61421
2021,GPS2,256,7/22/2021,7,22,28,,Solidago simplex var. simplex,30,clust,12:21,Bombus bifarius,f,38.88828401,-104.980552,2760.151123,9055.61421
2021,GPS2,257,7/22/2021,7,22,31,,Oreochrysum parryi,30,clust,12:29,Bombus centralis,m,38.88829499,-104.980592,2755.719971,9041.07631
2021,GPS2,258,7/22/2021,7,22,33,,Solidago missouriensis,30,flow,12:34,Bombus centralis,m,38.88842097,-104.981567,2772.177002,9095.069195
2021,GPS2,259,7/22/2021,7,22,38,,Penstemon glaber,30,flow,12:54,Bombus flavifrons,f,38.88899102,-104.98397,2834.587402,9299.827732
2021,GPS2,260,7/22/2021,7,22,40,,Frasera speciosa,50,flow,13:06,Bombus centralis,f,38.88883201,-104.984554,2841.297119,9321.84124
2021,GPS2,260,7/22/2021,7,22,41,,Frasera speciosa,50,flow,13:07,Bombus centralis,f,38.88883201,-104.984554,2841.297119,9321.84124
2021,GPS2,260,7/22/2021,7,22,42,,Frasera speciosa,50,flow,13:08,Bombus flavifrons,f,38.88883201,-104.984554,2841.297119,9321.84124
2021,GPS2,260,7/22/2021,7,22,43,,Frasera speciosa,50,flow,13:11,Bombus centralis,f,38.88883201,-104.984554,2841.297119,9321.84124
2021,GPS2,260,7/22/2021,7,22,44,,Frasera speciosa,50,flow,13:12,Bombus centralis,f,38.88883201,-104.984554,2841.297119,9321.84124
2021,GPS2,260,7/22/2021,7,22,45,,Frasera speciosa,50,flow,13:13,Bombus flavifrons,f,38.88883201,-104.984554,2841.297119,9321.84124
2021,GPS2,260,7/22/2021,7,22,46,,Frasera speciosa,50,flow,13:14,Bombus centralis,f,38.88883201,-104.984554,2841.297119,9321.84124
2021,GPS2,260,7/22/2021,7,22,48,,Frasera speciosa,50,flow,13:23,Bombus centralis,f,38.88883201,-104.984554,2841.297119,9321.84124
2021,GPS2,260,7/22/2021,7,22,49,,Frasera speciosa,50,flow,13:24,Bombus centralis,m,38.88883201,-104.984554,2841.297119,9321.84124
2021,GPS2,260,7/22/2021,7,22,50,,Frasera speciosa,50,flow,13:25,Bombus centralis,m,38.88883201,-104.984554,2841.297119,9321.84124
2021,GPS2,260,7/22/2021,7,22,51,,Frasera speciosa,50,flow,13:27,Bombus centralis,f,38.88883201,-104.984554,2841.297119,9321.84124
2021,GPS2,260,7/22/2021,7,22,52,,Frasera speciosa,50,flow,13:32,Bombus centralis,m,38.88883201,-104.984554,2841.297119,9321.84124
2021,GPS2,260,7/22/2021,7,22,53,,Frasera speciosa,50,flow,13:38,Bombus centralis,f,38.88883201,-104.984554,2841.297119,9321.84124
2021,GPS2,261,7/22/2021,7,22,58,,Frasera speciosa,30,flow,13:57,Bombus centralis,f,38.88828903,-104.985043,2840.122314,9317.986893
2021,GPS1,486,7/23/2021,7,23,1,,Geranium caespitosum,25,flow,8:55,Bombus centralis,f,38.92863801,-105.046547,2782.312256,9128.321342
2021,GPS1,486,7/23/2021,7,23,2,,Geranium caespitosum,25,flow,9:00,Bombus mixtus,f,38.92863801,-105.046547,2782.312256,9128.321342
2021,GPS1,486,7/23/2021,7,23,5,,Geranium caespitosum,25,flow,9:26,Bombus centralis,f,38.92863801,-105.046547,2782.312256,9128.321342
2021,GPS1,489,7/23/2021,7,23,8,,Potentilla pulcherrima,53,flow,10:36,Bombus flavifrons,f,38.92767903,-105.047698,2791.299805,9157.808052
2021,GPS1,489,7/23/2021,7,23,10,,Geranium richardsonii,5,flow,10:43,Bombus sylvicola,f,38.92767903,-105.047698,2791.299805,9157.808052
2021,GPS1,490,7/23/2021,7,23,11,,Penstemon glaber,100,flow,11:08,Bombus flavifrons,f,38.92766504,-105.047627,2787.816895,9146.381182
2021,GPS1,490,7/23/2021,7,23,13,,Penstemon glaber,100,flow,11:19,Bombus flavifrons,f,38.92766504,-105.047627,2787.816895,9146.381182
2021,GPS1,490,7/23/2021,7,23,14,,Penstemon glaber,100,flow,11:21,Bombus bifarius,f,38.92766504,-105.047627,2787.816895,9146.381182
2021,GPS1,492,7/23/2021,7,23,20,,Colutea arborescens,3,flow,11:55,Bombus centralis,f,38.92796704,-105.047879,2789.44165,9151.711743
2021,GPS1,492,7/23/2021,7,23,21,,Colutea arborescens,3,flow,11:56,Bombus flavifrons,f,38.92796704,-105.047879,2789.44165,9151.711743
2021,GPS1,493,7/23/2021,7,23,22,,Lithospermum multiflorum,45,clust,12:02,Bombus bifarius,f,38.92808799,-105.049301,2813.672363,9231.208835
2021,GPS2,266,7/23/2021,7,23,1,,Chamerion angustifolium,10,flow,8:30,Bombus centralis,f,38.92819896,-105.047332,2775.513184,9106.014675
2021,GPS2,266,7/23/2021,7,23,3,,Chamerion angustifolium,10,flow,8:40,Bombus flavifrons,f,38.92819896,-105.047332,2775.513184,9106.014675
2021,GPS2,266,7/23/2021,7,23,6,,Chamerion angustifolium,10,flow,9:00,Bombus centralis,f,38.92819896,-105.047332,2775.513184,9106.014675
2021,GPS2,266,7/23/2021,7,23,7,,Chamerion angustifolium,10,flow,9:05,Bombus centralis,f,38.92819896,-105.047332,2775.513184,9106.014675
2021,GPS2,266,7/23/2021,7,23,8,,Chamerion angustifolium,10,flow,9:10,Bombus centralis,f,38.92819896,-105.047332,2775.513184,9106.014675
2021,GPS2,266,7/23/2021,7,23,9,,Chamerion angustifolium,10,flow,9:15,Bombus mixtus,,38.92819896,-105.047332,2775.513184,9106.014675
2021,GPS2,266,7/23/2021,7,23,11,,Chamerion angustifolium,10,flow,9:30,Bombus flavifrons,f,38.92819896,-105.047332,2775.513184,9106.014675
2021,GPS2,266,7/23/2021,7,23,14,,Chamerion angustifolium,10,flow,9:50,Bombus flavifrons,f,38.92819896,-105.047332,2775.513184,9106.014675
2021,GPS2,266,7/23/2021,7,23,16,,Chamerion angustifolium,10,flow,10:10,Bombus flavifrons,f,38.92819896,-105.047332,2775.513184,9106.014675
2021,GPS2,266,7/23/2021,7,23,18,,Chamerion angustifolium,10,flow,10:23,Bombus centralis,m,38.92819896,-105.047332,2775.513184,9106.014675
2021,GPS2,266,7/23/2021,7,23,19,,Chamerion angustifolium,10,flow,10:27,Bombus mixtus,f,38.92819896,-105.047332,2775.513184,9106.014675
2021,GPS2,266,7/23/2021,7,23,21,,Chamerion angustifolium,10,flow,10:30,Bombus centralis,f,38.92819896,-105.047332,2775.513184,9106.014675
2021,GPS1,490,7/23/2021,7,23,22,,Frasera speciosa,20,flow,10:52,Bombus centralis,,38.92766504,-105.047627,2787.816895,9146.381182
2021,GPS1,490,7/23/2021,7,23,23,,Frasera speciosa,20,flow,10:53,Bombus centralis,f,38.92766504,-105.047627,2787.816895,9146.381182
2021,GPS1,490,7/23/2021,7,23,24,,Frasera speciosa,20,flow,10:55,Bombus centralis,f,38.92766504,-105.047627,2787.816895,9146.381182
2021,GPS1,490,7/23/2021,7,23,30,,Frasera speciosa,20,flow,11:10,Bombus centralis,f,38.92766504,-105.047627,2787.816895,9146.381182
2021,GPS1,490,7/23/2021,7,23,31,,Frasera speciosa,20,flow,11:11,Bombus centralis,f,38.92766504,-105.047627,2787.816895,9146.381182
2021,GPS1,490,7/23/2021,7,23,32,,Frasera speciosa,20,flow,11:15,Bombus flavifrons,f,38.92766504,-105.047627,2787.816895,9146.381182
2021,GPS1,490,7/23/2021,7,23,35,,Frasera speciosa,20,flow,11:23,Bombus centralis,f,38.92766504,-105.047627,2787.816895,9146.381182
2021,GPS1,490,7/23/2021,7,23,36,,Frasera speciosa,20,flow,11:25,Bombus centralis,f,38.92766504,-105.047627,2787.816895,9146.381182
2021,GPS2,265,7/23/2021,7,23,,,Chamerion angustifolium,10,flow,9:00,Bombus melanopygus,m,38.927271,-105.047598,2793.028076,9163.478233
2021,GPS2,265,7/23/2021,7,23,3,,Chamerion angustifolium,10,flow,9:11,Bombus flavifrons,f,38.927271,-105.047598,2793.028076,9163.478233
2021,GPS2,265,7/23/2021,7,23,4,,Chamerion angustifolium,10,flow,9:15,Bombus centralis,f,38.927271,-105.047598,2793.028076,9163.478233
2021,GPS2,265,7/23/2021,7,23,5,,Chamerion angustifolium,10,flow,9:20,Bombus centralis,f,38.927271,-105.047598,2793.028076,9163.478233
2021,GPS2,265,7/23/2021,7,23,6,,Chamerion angustifolium,10,flow,9:27,Bombus centralis,f,38.927271,-105.047598,2793.028076,9163.478233
2021,GPS2,265,7/23/2021,7,23,7,,Chamerion angustifolium,10,flow,9:37,Bombus centralis,f,38.927271,-105.047598,2793.028076,9163.478233
2021,GPS2,265,7/23/2021,7,23,8,,Chamerion angustifolium,10,flow,9:43,Bombus flavifrons,f,38.927271,-105.047598,2793.028076,9163.478233
2021,GPS2,265,7/23/2021,7,23,10,,Chamerion angustifolium,10,flow,9:58,Bombus centralis,f,38.927271,-105.047598,2793.028076,9163.478233
2021,GPS2,266,7/23/2021,7,23,13,,Chamerion angustifolium,120,flow,10:25,Bombus centralis,f,38.92819896,-105.047332,2775.513184,9106.014675
2021,GPS2,266,7/23/2021,7,23,14,,Chamerion angustifolium,120,flow,10:26,Bombus centralis,f,38.92819896,-105.047332,2775.513184,9106.014675
2021,GPS2,266,7/23/2021,7,23,15,,Chamerion angustifolium,120,flow,10:29,Bombus flavifrons,f,38.92819896,-105.047332,2775.513184,9106.014675
2021,GPS2,266,7/23/2021,7,23,16,,Chamerion angustifolium,120,flow,10:32,Bombus centralis,f,38.92819896,-105.047332,2775.513184,9106.014675
2021,GPS2,266,7/23/2021,7,23,17,,Chamerion angustifolium,120,flow,10:36,Bombus melanopygus,m,38.92819896,-105.047332,2775.513184,9106.014675
2021,GPS2,266,7/23/2021,7,23,18,,Chamerion angustifolium,120,flow,10:37,Bombus flavifrons,f,38.92819896,-105.047332,2775.513184,9106.014675
2021,GPS2,266,7/23/2021,7,23,19,,Chamerion angustifolium,120,flow,10:43,Bombus flavifrons,f,38.92819896,-105.047332,2775.513184,9106.014675
2021,GPS2,266,7/23/2021,7,23,20,,Chamerion angustifolium,120,flow,10:44,Bombus centralis,f,38.92819896,-105.047332,2775.513184,9106.014675
2021,GPS2,266,7/23/2021,7,23,21,,Chamerion angustifolium,120,flow,10:46,Bombus centralis,f,38.92819896,-105.047332,2775.513184,9106.014675
2021,GPS2,266,7/23/2021,7,23,22,,Chamerion angustifolium,120,flow,10:48,Bombus centralis,f,38.92819896,-105.047332,2775.513184,9106.014675
2021,GPS2,266,7/23/2021,7,23,23,,Rosa acicularis subsp. sayi,10,flow,11:12,Bombus melanopygus,,38.92819896,-105.047332,2775.513184,9106.014675
2021,GPS2,266,7/23/2021,7,23,24,,Rosa acicularis subsp. sayi,10,flow,11:15,Bombus centralis,f,38.92819896,-105.047332,2775.513184,9106.014675
2021,GPS2,266,7/23/2021,7,23,25,,Rosa acicularis subsp. sayi,10,flow,11:18,Bombus centralis,f,38.92819896,-105.047332,2775.513184,9106.014675
2021,GPS2,266,7/23/2021,7,23,26,,Rosa acicularis subsp. sayi,10,flow,11:21,Bombus centralis,f,38.92819896,-105.047332,2775.513184,9106.014675
2021,GPS2,266,7/23/2021,7,23,29,,Rosa acicularis subsp. sayi,10,flow,12:02,Bombus centralis,f,38.92819896,-105.047332,2775.513184,9106.014675
2021,GPS1,494,7/26/2021,7,26,4,,Geranium caespitosum,26,flow,14:14,Bombus centralis,m,38.903297,-104.992356,2639.508057,8659.803614
2021,GPS1,494,7/26/2021,7,26,5,,Geranium caespitosum,26,flow,14:20,Bombus rufocinctus,f,38.903297,-104.992356,2639.508057,8659.803614
2021,GPS1,494,7/26/2021,7,26,8,,Geranium caespitosum,26,flow,14:26,Bombus rufocinctus,f,38.903297,-104.992356,2639.508057,8659.803614
2021,GPS1,494,7/26/2021,7,26,9,,Geranium caespitosum,26,flow,14:32,Bombus rufocinctus,f,38.903297,-104.992356,2639.508057,8659.803614
2021,GPS1,494,7/26/2021,7,26,10,,Geranium caespitosum,26,flow,14:46,Bombus rufocinctus,f,38.903297,-104.992356,2639.508057,8659.803614
2021,GPS1,494,7/26/2021,7,26,11,,Geranium caespitosum,26,flow,14:48,Bombus centralis,f,38.903297,-104.992356,2639.508057,8659.803614
2021,GPS1,494,7/26/2021,7,26,12,,Geranium caespitosum,26,flow,14:55,Bombus centralis,f,38.903297,-104.992356,2639.508057,8659.803614
2021,GPS1,494,7/26/2021,7,26,14,,Aconitum columbianum,26,flow,15:20,Bombus flavifrons,f,38.903297,-104.992356,2639.508057,8659.803614
2021,GPS1,494,7/26/2021,7,26,15,,Aconitum columbianum,26,flow,15:26,Bombus flavifrons,f,38.903297,-104.992356,2639.508057,8659.803614
2021,GPS1,494,7/26/2021,7,26,16,,Aconitum columbianum,26,flow,15:28,Bombus flavifrons,f,38.903297,-104.992356,2639.508057,8659.803614
2021,GPS1,494,7/26/2021,7,26,17,,Aconitum columbianum,26,flow,15:29,Bombus flavifrons,f,38.903297,-104.992356,2639.508057,8659.803614
2021,GPS1,494,7/26/2021,7,26,18,,Aconitum columbianum,26,flow,15:32,Bombus centralis,f,38.903297,-104.992356,2639.508057,8659.803614
2021,GPS1,494,7/26/2021,7,26,19,,Aconitum columbianum,26,flow,15:39,Bombus centralis,f,38.903297,-104.992356,2639.508057,8659.803614
2021,GPS1,494,7/26/2021,7,26,20,,Aconitum columbianum,26,flow,15:43,Bombus flavifrons,f,38.903297,-104.992356,2639.508057,8659.803614
2021,GPS1,494,7/26/2021,7,26,21,,Aconitum columbianum,26,flow,16:52,Bombus centralis,f,38.903297,-104.992356,2639.508057,8659.803614
2021,GPS3,239,7/26/2021,7,26,1,,Geranium caespitosum,26,flow,14:00,Bombus centralis,m,38.89689096,-104.869147,1964.28,6444.488395
2021,GPS3,239,7/26/2021,7,26,2,,Geranium caespitosum,26,flow,14:02,Bombus centralis,m,38.89689096,-104.869147,1964.28,6444.488395
2021,GPS3,239,7/26/2021,7,26,3,,Geranium caespitosum,26,flow,14:05,Bombus mixtus,m,38.89689096,-104.869147,1964.28,6444.488395
2021,GPS3,239,7/26/2021,7,26,4,,Geranium caespitosum,26,flow,14:10,Bombus centralis,f,38.89689096,-104.869147,1964.28,6444.488395
2021,GPS3,239,7/26/2021,7,26,5,,Geranium caespitosum,26,flow,14:15,Bombus centralis,f,38.89689096,-104.869147,1964.28,6444.488395
2021,GPS3,239,7/26/2021,7,26,6,,Geranium caespitosum,26,flow,14:17,Bombus centralis,m,38.89689096,-104.869147,1964.28,6444.488395
2021,GPS3,239,7/26/2021,7,26,7,,Geranium caespitosum,26,flow,14:20,Bombus bifarius,f,38.89689096,-104.869147,1964.28,6444.488395
2021,GPS3,239,7/26/2021,7,26,8,,Geranium caespitosum,26,flow,14:23,Bombus centralis,m,38.89689096,-104.869147,1964.28,6444.488395
2021,GPS3,239,7/26/2021,7,26,9,,Geranium caespitosum,26,flow,14:27,Bombus centralis,f,38.89689096,-104.869147,1964.28,6444.488395
2021,GPS3,239,7/26/2021,7,26,10,,Geranium caespitosum,26,flow,14:29,Bombus centralis,m,38.89689096,-104.869147,1964.28,6444.488395
2021,GPS3,239,7/26/2021,7,26,11,,Geranium caespitosum,26,flow,14:35,Bombus centralis,f,38.89689096,-104.869147,1964.28,6444.488395
2021,GPS3,239,7/26/2021,7,26,12,,Geranium caespitosum,26,flow,14:39,Bombus centralis,f,38.89689096,-104.869147,1964.28,6444.488395
2021,GPS3,239,7/26/2021,7,26,13,,Geranium caespitosum,26,flow,14:45,Bombus centralis,m,38.89689096,-104.869147,1964.28,6444.488395
2021,GPS3,239,7/26/2021,7,26,14,,Geranium caespitosum,26,flow,14:50,Bombus flavifrons,f,38.89689096,-104.869147,1964.28,6444.488395
2021,GPS3,239,7/26/2021,7,26,15,,Geranium caespitosum,26,flow,14:54,Bombus mixtus,m,38.89689096,-104.869147,1964.28,6444.488395
2021,GPS3,239,7/26/2021,7,26,16,,Geranium caespitosum,26,flow,14:56,Bombus rufocinctus,f,38.89689096,-104.869147,1964.28,6444.488395
2021,GPS2,268,7/26/2021,7,26,17,,Aconitum columbianum,25,flow,15:25,Bombus flavifrons,f,38.90305904,-104.992222,2624.594482,8610.87456
2021,GPS2,268,7/26/2021,7,26,18,,Aconitum columbianum,25,flow,15:29,Bombus flavifrons,f,38.90305904,-104.992222,2624.594482,8610.87456
2021,GPS2,268,7/26/2021,7,26,19,,Aconitum columbianum,25,flow,15:31,Bombus mixtus,f,38.90305904,-104.992222,2624.594482,8610.87456
2021,GPS2,268,7/26/2021,7,26,20,,Aconitum columbianum,25,flow,15:35,Bombus flavifrons,f,38.90305904,-104.992222,2624.594482,8610.87456
2021,GPS2,268,7/26/2021,7,26,21,,Aconitum columbianum,25,flow,15:40,Bombus centralis,f,38.90305904,-104.992222,2624.594482,8610.87456
2021,GPS2,268,7/26/2021,7,26,22,,Aconitum columbianum,25,flow,15:43,Bombus flavifrons,f,38.90305904,-104.992222,2624.594482,8610.87456
2021,GPS2,268,7/26/2021,7,26,23,,Aconitum columbianum,25,flow,16:16,Bombus flavifrons,f,38.90305904,-104.992222,2624.594482,8610.87456
2021,GPS2,268,7/26/2021,7,26,24,,Aconitum columbianum,25,flow,16:56,Bombus flavifrons,f,38.90305904,-104.992222,2624.594482,8610.87456
2021,GPS2,267,7/26/2021,7,26,1,,Delphinium ramosum,4,clust,13:58,Bombus flavifrons,f,38.92749103,-105.048416,2786.758789,9142.909705
2021,GPS2,267,7/26/2021,7,26,2,A,Geranium caespitosum,26,flow,14:00,Bombus centralis,m,38.92749103,-105.048416,2786.758789,9142.909705
2021,GPS2,267,7/26/2021,7,26,2,B,Geranium caespitosum,26,flow,14:01,Bombus mixtus,f,38.92749103,-105.048416,2786.758789,9142.909705
2021,GPS2,267,7/26/2021,7,26,3,,Geranium caespitosum,26,flow,14:03,Bombus centralis,f,38.92749103,-105.048416,2786.758789,9142.909705
2021,GPS2,267,7/26/2021,7,26,4,,Geranium caespitosum,26,flow,14:05,Bombus centralis,m,38.92749103,-105.048416,2786.758789,9142.909705
2021,GPS2,267,7/26/2021,7,26,22,,Linaria vulgaris,6,clust,14:07,Bombus flavifrons,f,38.92749103,-105.048416,2786.758789,9142.909705
2021,GPS2,267,7/26/2021,7,26,5,,Geranium caespitosum,26,flow,14:08,Bombus centralis,f,38.92749103,-105.048416,2786.758789,9142.909705
2021,GPS2,267,7/26/2021,7,26,6,,Geranium caespitosum,26,flow,14:09,Bombus centralis,f,38.92749103,-105.048416,2786.758789,9142.909705
2021,GPS2,267,7/26/2021,7,26,8,,Geranium caespitosum,26,flow,14:17,Bombus centralis,f,38.92749103,-105.048416,2786.758789,9142.909705
2021,GPS2,267,7/26/2021,7,26,9,A,Geranium caespitosum,26,flow,14:20,Bombus centralis,f,38.92749103,-105.048416,2786.758789,9142.909705
2021,GPS2,267,7/26/2021,7,26,9,B,Geranium caespitosum,26,flow,14:22,Bombus centralis,m,38.92749103,-105.048416,2786.758789,9142.909705
2021,GPS2,267,7/26/2021,7,26,11,A,Geranium caespitosum,26,flow,14:29,Bombus centralis,m,38.92749103,-105.048416,2786.758789,9142.909705
2021,GPS2,267,7/26/2021,7,26,13,,Geranium caespitosum,26,flow,14:38,Bombus mixtus,f,38.92749103,-105.048416,2786.758789,9142.909705
2021,GPS2,267,7/26/2021,7,26,14,,Geranium caespitosum,26,flow,14:40,Bombus centralis,f,38.92749103,-105.048416,2786.758789,9142.909705
2021,GPS2,267,7/26/2021,7,26,15,,Geranium caespitosum,26,flow,14:42,Bombus centralis,f,38.92749103,-105.048416,2786.758789,9142.909705
2021,GPS2,267,7/26/2021,7,26,16,,Geranium caespitosum,26,flow,14:44,Bombus mixtus,f,38.92749103,-105.048416,2786.758789,9142.909705
2021,GPS2,267,7/26/2021,7,26,19,,Geranium caespitosum,26,flow,14:51,Bombus centralis,m,38.92749103,-105.048416,2786.758789,9142.909705
2021,GPS2,268,7/26/2021,7,26,23,,Aconitum columbianum,25,flow,15:07,Bombus flavifrons,f,38.90305904,-104.992222,2624.594482,8610.87456
2021,GPS2,268,7/26/2021,7,26,24,,Aconitum columbianum,25,flow,15:10,Bombus flavifrons,f,38.90305904,-104.992222,2624.594482,8610.87456
2021,GPS2,268,7/26/2021,7,26,25,,Aconitum columbianum,25,flow,15:12,Bombus flavifrons,f,38.90305904,-104.992222,2624.594482,8610.87456
2021,GPS2,268,7/26/2021,7,26,26,,Aconitum columbianum,25,flow,15:17,Bombus flavifrons,f,38.90305904,-104.992222,2624.594482,8610.87456
2021,GPS2,268,7/26/2021,7,26,27,,Aconitum columbianum,25,flow,15:27,Bombus mixtus,f,38.90305904,-104.992222,2624.594482,8610.87456
2021,GPS2,268,7/26/2021,7,26,28,,Aconitum columbianum,25,flow,15:39,Bombus centralis,f,38.90305904,-104.992222,2624.594482,8610.87456
2021,GPS2,268,7/26/2021,7,26,29,,Aconitum columbianum,25,flow,15:47,Bombus flavifrons,f,38.90305904,-104.992222,2624.594482,8610.87456
2021,GPS2,268,7/26/2021,7,26,30,,Aconitum columbianum,25,flow,16:11,Bombus flavifrons,f,38.90305904,-104.992222,2624.594482,8610.87456
2021,GPS2,268,7/26/2021,7,26,31,,Aconitum columbianum,25,flow,16:51,Bombus centralis,f,38.90305904,-104.992222,2624.594482,8610.87456
2021,GPS2,268,7/26/2021,7,26,32,,Aconitum columbianum,25,flow,17:07,Bombus centralis,f,38.90305904,-104.992222,2624.594482,8610.87456
2021,GPS2,269,7/26/2021,7,26,33,,Allium cernuum,5,clust,17:18,Bombus centralis,f,38.90244003,-104.992508,2620.743652,8598.240603
2021,GPS2,270,7/26/2021,7,26,34,,Cirsium scariosum/scopulorum,1,clust,17:50,Bombus flavifrons,f,38.87629797,-105.065276,3601.288818,11815.25241
2021,GPS2,270,7/26/2021,7,26,35,,Cirsium scariosum/scopulorum,1,clust,17:51,Bombus sylvicola,f,38.87629797,-105.065276,3601.288818,11815.25241
2021,GPS2,270,7/26/2021,7,26,36,A,Cirsium scariosum/scopulorum,1,clust,17:52,Bombus balteatus,f,38.87629797,-105.065276,3601.288818,11815.25241
2021,GPS2,270,7/26/2021,7,26,37,,Cirsium scariosum/scopulorum,1,clust,17:53,Bombus balteatus,f,38.87629797,-105.065276,3601.288818,11815.25241
2021,GPS2,270,7/26/2021,7,26,38,,Cirsium scariosum/scopulorum,1,clust,17:55,Bombus flavifrons,f,38.87629797,-105.065276,3601.288818,11815.25241
2021,GPS2,270,7/26/2021,7,26,39,,Cirsium scariosum/scopulorum,1,clust,17:56,Bombus flavifrons,f,38.87629797,-105.065276,3601.288818,11815.25241
2021,GPS2,270,7/26/2021,7,26,41,,Cirsium scariosum/scopulorum,1,clust,18:00,Bombus centralis,f,38.87629797,-105.065276,3601.288818,11815.25241
2021,GPS2,270,7/26/2021,7,26,42,,Cirsium scariosum/scopulorum,1,clust,18:05,Bombus appositus,f,38.87629797,-105.065276,3601.288818,11815.25241
2021,GPS2,270,7/26/2021,7,26,43,,Cirsium scariosum/scopulorum,1,clust,18:23,Bombus sylvicola,f,38.87629797,-105.065276,3601.288818,11815.25241
2021,GPS2,270,7/26/2021,7,26,44,A,Cirsium scariosum/scopulorum,1,clust,18:24,Bombus flavifrons,f,38.87629797,-105.065276,3601.288818,11815.25241
2021,GPS2,270,7/26/2021,7,26,44,B,Cirsium scariosum/scopulorum,1,clust,18:25,Bombus flavifrons,f,38.87629797,-105.065276,3601.288818,11815.25241
2021,GPS2,278,7/27/2021,7,27,1,,Asclepias speciosa,4,clust,14:12,Bombus centralis,m,38.92267403,-105.023447,2800.591553,9188.292791
2021,GPS2,278,7/27/2021,7,27,3,,Asclepias speciosa,4,clust,14:33,Bombus flavifrons,f,38.92267403,-105.023447,2800.591553,9188.292791
2021,GPS3,239,7/27/2021,7,27,1,,Geranium caespitosum,26,flow,11:20,Bombus centralis,f,38.89689096,-104.869147,1964.28,6444.488395
2021,GPS3,239,7/27/2021,7,27,2,,Geranium caespitosum,26,flow,11:22,Bombus flavifrons,f,38.89689096,-104.869147,1964.28,6444.488395
2021,GPS3,239,7/27/2021,7,27,3,,Geranium caespitosum,26,flow,11:25,Bombus centralis,f,38.89689096,-104.869147,1964.28,6444.488395
2021,GPS3,239,7/27/2021,7,27,4,,Geranium caespitosum,26,flow,11:30,Bombus centralis,f,38.89689096,-104.869147,1964.28,6444.488395
2021,GPS3,239,7/27/2021,7,27,5,,Geranium caespitosum,26,flow,11:35,Bombus centralis,m,38.89689096,-104.869147,1964.28,6444.488395
2021,GPS3,239,7/27/2021,7,27,6,,Geranium caespitosum,26,flow,11:40,Bombus flavifrons,f,38.89689096,-104.869147,1964.28,6444.488395
2021,GPS3,239,7/27/2021,7,27,7,,Geranium caespitosum,26,flow,11:45,Bombus centralis,f,38.89689096,-104.869147,1964.28,6444.488395
2021,GPS3,239,7/27/2021,7,27,8,,Geranium caespitosum,26,flow,11:50,Bombus bifarius,f,38.89689096,-104.869147,1964.28,6444.488395
2021,GPS3,239,7/27/2021,7,27,9,A,Geranium caespitosum,26,flow,11:55,Bombus centralis,m,38.89689096,-104.869147,1964.28,6444.488395
2021,GPS3,239,7/27/2021,7,27,10,,Geranium caespitosum,26,flow,12:00,Bombus centralis,f,38.89689096,-104.869147,1964.28,6444.488395
2021,GPS3,239,7/27/2021,7,27,11,,Geranium caespitosum,26,flow,12:05,Bombus bifarius,f,38.89689096,-104.869147,1964.28,6444.488395
2021,GPS3,239,7/27/2021,7,27,12,,Geranium caespitosum,26,flow,12:10,Bombus centralis,f,38.89689096,-104.869147,1964.28,6444.488395
2021,GPS2,268,7/27/2021,7,27,15,,Aconitum columbianum,10,flow,13:00,Bombus flavifrons,f,38.90305904,-104.992222,2624.594482,8610.87456
2021,GPS2,268,7/27/2021,7,27,16,,Aconitum columbianum,10,flow,13:05,Bombus flavifrons,f,38.90305904,-104.992222,2624.594482,8610.87456
2021,GPS2,268,7/27/2021,7,27,17,,Aconitum columbianum,10,flow,13:10,Bombus centralis,f,38.90305904,-104.992222,2624.594482,8610.87456
2021,GPS2,268,7/27/2021,7,27,18,,Aconitum columbianum,10,flow,13:15,Bombus flavifrons,f,38.90305904,-104.992222,2624.594482,8610.87456
2021,GPS2,268,7/27/2021,7,27,19,,Aconitum columbianum,10,flow,13:20,Bombus flavifrons,f,38.90305904,-104.992222,2624.594482,8610.87456
2021,GPS2,268,7/27/2021,7,27,20,,Aconitum columbianum,10,flow,13:25,Bombus flavifrons,f,38.90305904,-104.992222,2624.594482,8610.87456
2021,GPS2,268,7/27/2021,7,27,21,,Aconitum columbianum,10,flow,14:06,Bombus centralis,,38.90305904,-104.992222,2624.594482,8610.87456
2021,GPS2,268,7/27/2021,7,27,22,,Aconitum columbianum,10,flow,14:39,Bombus centralis,f,38.90305904,-104.992222,2624.594482,8610.87456
2021,GPS2,271,7/27/2021,7,27,1,,Aconitum columbianum,10,flow,11:06,Bombus flavifrons,f,38.90266299,-104.99239,2643.927979,8674.304671
2021,GPS2,271,7/27/2021,7,27,2,,Geranium richardsonii,7,flow,11:11,Bombus bifarius,f,38.90266299,-104.99239,2643.927979,8674.304671
2021,GPS2,271,7/27/2021,7,27,3,,Mertensia ciliata,40,flow,11:17,Bombus flavifrons,f,38.90266299,-104.99239,2643.927979,8674.304671
2021,GPS2,271,7/27/2021,7,27,4,,Aconitum columbianum,10,flow,11:27,Bombus flavifrons,f,38.90266299,-104.99239,2643.927979,8674.304671
2021,GPS2,271,7/27/2021,7,27,5,,Aconitum columbianum,10,flow,11:42,Bombus flavifrons,f,38.90266299,-104.99239,2643.927979,8674.304671
2021,GPS2,272,7/27/2021,7,27,6,,Allium cernuum,1,clust,12:15,Bombus rufocinctus,f,38.90167996,-104.992436,2621.272217,8599.97474
2021,GPS2,272,7/27/2021,7,27,,,Campanula rotundifolia,9,flow,12:16,Bombus rufocinctus,,38.90167996,-104.992436,2621.272217,8599.97474
2021,GPS2,173,7/27/2021,7,27,8,,Allium cernuum,1,clust,12:24,Bombus centralis,f,38.901644,-104.992349,2620.5354,8597.557362
2021,GPS2,274,7/27/2021,7,27,9,,Rudbeckia hirta var. pulcherrima,19,flow,12:28,Bombus rufocinctus,f,38.90161098,-104.99226,2619.256348,8593.360997
2021,GPS2,275,7/27/2021,7,27,10,,Potentilla fruticosa,25,flow,12:31,Bombus bifarius,f,38.90149296,-104.99225,2623.956543,8608.781585
2021,GPS2,276,7/27/2021,7,27,11,,Erigeron subtrinervis,40,flow,12:40,Bombus rufocinctus,f,38.90081202,-104.991158,2611.868896,8569.123949
2021,GPS2,277,7/27/2021,7,27,12,,Cirsium scariosum/scopulorum,1,clust,13:16,Bombus centralis,f,38.87638003,-105.065612,3602.35083,11818.7367
2021,GPS2,277,7/27/2021,7,27,13,,Cirsium scariosum/scopulorum,1,clust,13:17,Bombus sylvicola,f,38.87638003,-105.065612,3602.35083,11818.7367
2021,GPS2,277,7/27/2021,7,27,14,,Cirsium scariosum/scopulorum,1,clust,13:18,Bombus bifarius,f,38.87638003,-105.065612,3602.35083,11818.7367
2021,GPS2,277,7/27/2021,7,27,15,,Cirsium scariosum/scopulorum,1,clust,13:19,Bombus flavifrons,f,38.87638003,-105.065612,3602.35083,11818.7367
2021,GPS2,277,7/27/2021,7,27,16,A,Cirsium scariosum/scopulorum,1,clust,13:27,Bombus flavifrons,f,38.87638003,-105.065612,3602.35083,11818.7367
2021,GPS2,277,7/27/2021,7,27,16,B,Cirsium scariosum/scopulorum,1,clust,13:28,Bombus sylvicola,f,38.87638003,-105.065612,3602.35083,11818.7367
2021,GPS1,500,7/28/2021,7,28,1,,Aconitum columbianum,25,flow,9:08,Bombus flavifrons,f,38.90330404,-104.992298,2629.755615,8627.807412
2021,GPS1,500,7/28/2021,7,28,2,,Aconitum columbianum,25,flow,9:20,Bombus flavifrons,f,38.90330404,-104.992298,2629.755615,8627.807412
2021,GPS1,500,7/28/2021,7,28,3,,Aconitum columbianum,25,flow,9:32,Bombus flavifrons,f,38.90330404,-104.992298,2629.755615,8627.807412
2021,GPS1,500,7/28/2021,7,28,4,,Aconitum columbianum,25,flow,9:51,Bombus flavifrons,f,38.90330404,-104.992298,2629.755615,8627.807412
2021,GPS1,500,7/28/2021,7,28,5,,Aconitum columbianum,25,flow,10:19,Bombus flavifrons,f,38.90330404,-104.992298,2629.755615,8627.807412
2021,GPS1,500,7/28/2021,7,28,6,,Aconitum columbianum,25,flow,10:57,Bombus centralis,f,38.90330404,-104.992298,2629.755615,8627.807412
2021,GPS1,501,7/28/2021,7,28,7,,Allium cernuum,2,clust,11:35,Bombus centralis,m,38.903412,-104.992239,2631.48999,8633.497619
2021,GPS1,509,7/28/2021,7,28,15,,Potentilla fruticosa,85,flow,12:19,Bombus bifarius,f,38.90458798,-104.993334,2647.381104,8685.633821
2021,GPS1,509,7/28/2021,7,28,16,,Delphinium ramosum,26,flow,12:24,Bombus appositus,f,38.90458798,-104.993334,2647.381104,8685.633821
2021,GPS1,511,7/28/2021,7,28,17,,Aconitum columbianum,10,flow,13:01,Bombus flavifrons,f,38.90443602,-104.993065,2650.653076,8696.368638
2021,GPS1,511,7/28/2021,7,28,18,,Aconitum columbianum,10,flow,13:08,Bombus flavifrons,f,38.90443602,-104.993065,2650.653076,8696.368638
2021,GPS1,511,7/28/2021,7,28,20,,Aconitum columbianum,10,flow,13:24,Bombus flavifrons,f,38.90443602,-104.993065,2650.653076,8696.368638
2021,GPS1,511,7/28/2021,7,28,21,,Aconitum columbianum,10,flow,13:33,Bombus flavifrons,f,38.90443602,-104.993065,2650.653076,8696.368638
2021,GPS1,511,7/28/2021,7,28,22,,Aconitum columbianum,10,flow,13:37,Bombus flavifrons,f,38.90443602,-104.993065,2650.653076,8696.368638
2021,GPS1,511,7/28/2021,7,28,23,,Aconitum columbianum,10,flow,14:04,Bombus flavifrons,f,38.90443602,-104.993065,2650.653076,8696.368638
2021,GPS1,511,7/28/2021,7,28,24,,Aconitum columbianum,10,flow,15:21,Bombus flavifrons,f,38.90443602,-104.993065,2650.653076,8696.368638
2021,GPS1,511,7/28/2021,7,28,25,,Aconitum columbianum,10,flow,15:30,Bombus flavifrons,f,38.90443602,-104.993065,2650.653076,8696.368638
2021,GPS1,511,7/28/2021,7,28,26,,Aconitum columbianum,10,flow,15:40,Bombus centralis,f,38.90443602,-104.993065,2650.653076,8696.368638
2021,GPS3,241,7/28/2021,7,28,1,,Frasera speciosa,30,flow,8:58,Bombus centralis,f,38.90591299,-104.993495,2671.612549,8765.133315
2021,GPS3,241,7/28/2021,7,28,3,,Frasera speciosa,30,flow,9:03,Bombus centralis,f,38.90591299,-104.993495,2671.612549,8765.133315
2021,GPS3,241,7/28/2021,7,28,6,,Frasera speciosa,30,flow,9:15,Bombus centralis,f,38.90591299,-104.993495,2671.612549,8765.133315
2021,GPS3,241,7/28/2021,7,28,7,,Frasera speciosa,30,flow,9:20,Bombus bifarius,f,38.90591299,-104.993495,2671.612549,8765.133315
2021,GPS3,241,7/28/2021,7,28,8,,Frasera speciosa,30,flow,9:22,Bombus centralis,f,38.90591299,-104.993495,2671.612549,8765.133315
2021,GPS3,241,7/28/2021,7,28,9,A,Frasera speciosa,30,flow,9:30,Bombus bifarius,f,38.90591299,-104.993495,2671.612549,8765.133315
2021,GPS3,241,7/28/2021,7,28,9,B,Frasera speciosa,30,flow,9:30,Bombus centralis,f,38.90591299,-104.993495,2671.612549,8765.133315
2021,GPS3,241,7/28/2021,7,28,10,,Frasera speciosa,30,flow,9:36,Bombus centralis,f,38.90591299,-104.993495,2671.612549,8765.133315
2021,GPS3,241,7/28/2021,7,28,11,,Frasera speciosa,30,flow,9:40,Bombus centralis,f,38.90591299,-104.993495,2671.612549,8765.133315
2021,GPS3,241,7/28/2021,7,28,14,,Frasera speciosa,30,flow,9:59,Bombus bifarius,f,38.90591299,-104.993495,2671.612549,8765.133315
2021,GPS3,241,7/28/2021,7,28,15,,Frasera speciosa,50,flow,10:05,Bombus bifarius,f,38.90591299,-104.993495,2671.612549,8765.133315
2021,GPS3,241,7/28/2021,7,28,16,,Frasera speciosa,50,flow,10:07,Bombus centralis,f,38.90591299,-104.993495,2671.612549,8765.133315
2021,GPS3,241,7/28/2021,7,28,17,,Frasera speciosa,50,flow,10:20,Bombus centralis,m,38.90591299,-104.993495,2671.612549,8765.133315
2021,GPS3,241,7/28/2021,7,28,18,,Frasera speciosa,50,flow,10:28,Bombus centralis,m,38.90591299,-104.993495,2671.612549,8765.133315
2021,GPS3,241,7/28/2021,7,28,19,,Frasera speciosa,50,flow,10:35,Bombus centralis,f,38.90591299,-104.993495,2671.612549,8765.133315
2021,GPS3,243,7/28/2021,7,28,20,,Aconitum columbianum,10,flow,10:59,Bombus flavifrons,f,38.90309902,-104.992238,2640.582764,8663.329555
2021,GPS3,243,7/28/2021,7,28,21,,Aconitum columbianum,10,flow,11:15,Bombus flavifrons,f,38.90309902,-104.992238,2640.582764,8663.329555
2021,GPS3,243,7/28/2021,7,28,22,,Aconitum columbianum,10,flow,11:17,Bombus mixtus,f,38.90309902,-104.992238,2640.582764,8663.329555
2021,GPS3,243,7/28/2021,7,28,47,,Aconitum columbianum,10,flow,11:25,Bombus centralis,f,38.90309902,-104.992238,2640.582764,8663.329555
2021,GPS3,241,7/28/2021,7,28,23,,Frasera speciosa,30,flow,13:07,Bombus centralis,f,38.90591299,-104.993495,2671.612549,8765.133315
2021,GPS3,241,7/28/2021,7,28,24,,Frasera speciosa,30,flow,13:10,Bombus centralis,f,38.90591299,-104.993495,2671.612549,8765.133315
2021,GPS3,241,7/28/2021,7,28,25,,Frasera speciosa,30,flow,13:15,Bombus centralis,f,38.90591299,-104.993495,2671.612549,8765.133315
2021,GPS3,241,7/28/2021,7,28,26,,Frasera speciosa,30,flow,13:20,Bombus centralis,f,38.90591299,-104.993495,2671.612549,8765.133315
2021,GPS3,241,7/28/2021,7,28,27,,Frasera speciosa,30,flow,13:22,Bombus centralis,f,38.90591299,-104.993495,2671.612549,8765.133315
2021,GPS3,241,7/28/2021,7,28,28,,Frasera speciosa,30,flow,13:25,Bombus centralis,f,38.90591299,-104.993495,2671.612549,8765.133315
2021,GPS3,241,7/28/2021,7,28,29,,Frasera speciosa,30,flow,13:30,Bombus appositus,f,38.90591299,-104.993495,2671.612549,8765.133315
2021,GPS3,241,7/28/2021,7,28,30,,Frasera speciosa,30,flow,13:31,Bombus centralis,f,38.90591299,-104.993495,2671.612549,8765.133315
2021,GPS3,241,7/28/2021,7,28,31,,Frasera speciosa,30,flow,13:34,Bombus centralis,f,38.90591299,-104.993495,2671.612549,8765.133315
2021,GPS3,241,7/28/2021,7,28,32,,Frasera speciosa,30,flow,13:35,Bombus centralis,f,38.90591299,-104.993495,2671.612549,8765.133315
2021,GPS3,241,7/28/2021,7,28,33,,Frasera speciosa,30,flow,13:40,Bombus flavifrons,,38.90591299,-104.993495,2671.612549,8765.133315
2021,GPS3,241,7/28/2021,7,28,34,,Frasera speciosa,30,flow,13:45,Bombus centralis,f,38.90591299,-104.993495,2671.612549,8765.133315
2021,GPS3,241,7/28/2021,7,28,35,,Frasera speciosa,30,flow,13:47,Bombus centralis,f,38.90591299,-104.993495,2671.612549,8765.133315
2021,GPS3,241,7/28/2021,7,28,36,,Frasera speciosa,30,flow,13:50,Bombus centralis,f,38.90591299,-104.993495,2671.612549,8765.133315
2021,GPS3,241,7/28/2021,7,28,38,,Frasera speciosa,30,flow,14:00,Bombus mixtus,m,38.90591299,-104.993495,2671.612549,8765.133315
2021,GPS3,243,7/28/2021,7,28,40,,Aconitum columbianum,10,flow,15:12,Bombus mixtus,,38.90309902,-104.992238,2640.582764,8663.329555
2021,GPS3,243,7/28/2021,7,28,41,,Aconitum columbianum,10,flow,15:16,Bombus flavifrons,f,38.90309902,-104.992238,2640.582764,8663.329555
2021,GPS3,243,7/28/2021,7,28,42,,Aconitum columbianum,10,flow,15:23,Bombus centralis,f,38.90309902,-104.992238,2640.582764,8663.329555
2021,GPS3,243,7/28/2021,7,28,43,,Aconitum columbianum,10,flow,15:35,Bombus centralis,f,38.90309902,-104.992238,2640.582764,8663.329555
2021,GPS3,243,7/28/2021,7,28,44,,Aconitum columbianum,10,flow,15:47,Bombus flavifrons,f,38.90309902,-104.992238,2640.582764,8663.329555
2021,GPS3,244,7/28/2021,7,28,45,,Allium cernuum,10,flow,16:05,Bombus centralis,f,38.90313397,-104.992251,2622.828125,8605.079426
2021,GPS2,279,7/28/2021,7,28,1,,Aconitum columbianum,25,flow,9:11,Bombus flavifrons,f,38.90270499,-104.992524,2647.54541,8686.172883
2021,GPS2,279,7/28/2021,7,28,2,,Aconitum columbianum,25,flow,9:14,Bombus flavifrons,f,38.90270499,-104.992524,2647.54541,8686.172883
2021,GPS2,279,7/28/2021,7,28,3,,Aconitum columbianum,25,flow,9:18,Bombus flavifrons,f,38.90270499,-104.992524,2647.54541,8686.172883
2021,GPS2,279,7/28/2021,7,28,4,,Aconitum columbianum,25,flow,9:38,Bombus centralis,f,38.90270499,-104.992524,2647.54541,8686.172883
2021,GPS2,279,7/28/2021,7,28,5,,Geranium richardsonii,5,flow,9:41,Bombus mixtus,f,38.90270499,-104.992524,2647.54541,8686.172883
2021,GPS2,279,7/28/2021,7,28,6,,Aconitum columbianum,25,flow,9:48,Bombus flavifrons,f,38.90270499,-104.992524,2647.54541,8686.172883
2021,GPS2,279,7/28/2021,7,28,8,,Aconitum columbianum,25,flow,10:52,Bombus appositus,f,38.90270499,-104.992524,2647.54541,8686.172883
2021,GPS2,279,7/28/2021,7,28,9,,Aconitum columbianum,10,flow,11:18,Bombus centralis,,38.90270499,-104.992524,2647.54541,8686.172883
2021,GPS2,280,7/28/2021,7,28,35,,Delphinium ramosum,200,flow,11:35,Bombus flavifrons,f,38.90275603,-104.992457,2632.661377,8637.340752
2021,GPS2,280,7/28/2021,7,28,10,,Delphinium ramosum,200,flow,11:36,Bombus flavifrons,f,38.90275603,-104.992457,2632.661377,8637.340752
2021,GPS2,280,7/28/2021,7,28,11,,Delphinium ramosum,200,flow,11:37,Bombus appositus,f,38.90275603,-104.992457,2632.661377,8637.340752
2021,GPS2,281,7/28/2021,7,28,14,,Allium cernuum,1,clust,11:46,Bombus centralis,f,38.90295602,-104.992428,2629.439453,8626.770135
2021,GPS2,282,7/28/2021,7,28,16,,Campanula rotundifolia,20,flow,12:46,Bombus rufocinctus,f,38.90117898,-104.991817,2614.705566,8578.430609
2021,GPS2,282,7/28/2021,7,28,17,,Campanula rotundifolia,20,flow,12:47,Bombus rufocinctus,f,38.90117898,-104.991817,2614.705566,8578.430609
2021,GPS2,282,7/28/2021,7,28,,,Erigeron subtrinervis,7,flow,12:48,Bombus rufocinctus,,38.90117898,-104.991817,2614.705566,8578.430609
2021,GPS2,282,7/28/2021,7,28,18,,Erigeron subtrinervis,7,flow,12:49,Bombus rufocinctus,f,38.90117898,-104.991817,2614.705566,8578.430609
2021,GPS2,283,7/28/2021,7,28,19,,Campanula rotundifolia,2,flow,12:56,Bombus rufocinctus,f,38.90143496,-104.992292,2624.478027,8610.49249
2021,GPS2,279,7/28/2021,7,28,20,,Aconitum columbianum,10,flow,13:04,Bombus flavifrons,f,38.90270499,-104.992524,2647.54541,8686.172883
2021,GPS2,279,7/28/2021,7,28,21,,Aconitum columbianum,10,flow,13:38,Bombus flavifrons,f,38.90270499,-104.992524,2647.54541,8686.172883
2021,GPS2,279,7/28/2021,7,28,22,,Aconitum columbianum,10,flow,13:49,Bombus appositus,f,38.90270499,-104.992524,2647.54541,8686.172883
2021,GPS2,279,7/28/2021,7,28,23,,Aconitum columbianum,10,flow,14:30,Bombus flavifrons,f,38.90270499,-104.992524,2647.54541,8686.172883
2021,GPS2,279,7/28/2021,7,28,25,,Aconitum columbianum,10,flow,15:14,Bombus flavifrons,f,38.90270499,-104.992524,2647.54541,8686.172883
2021,GPS2,279,7/28/2021,7,28,26,,Aconitum columbianum,10,flow,15:36,Bombus flavifrons,f,38.90270499,-104.992524,2647.54541,8686.172883
2021,GPS2,279,7/28/2021,7,28,27,,Aconitum columbianum,10,flow,15:41,Bombus flavifrons,f,38.90270499,-104.992524,2647.54541,8686.172883
2021,GPS2,279,7/28/2021,7,28,28,,Geranium caespitosum,4,flow,15:58,Bombus flavifrons,,38.90270499,-104.992524,2647.54541,8686.172883
2021,GPS2,284,7/28/2021,7,28,29,,Achillea millefolium,2,clust,16:00,Bombus mixtus,m,38.90267196,-104.99243,2622.608398,8604.358536
2021,GPS2,285,7/28/2021,7,28,31,,Allium cernuum,1,clust,16:06,Bombus centralis,f,38.90236703,-104.992508,2622.621826,8604.402592
2021,GPS2,285,7/28/2021,7,28,32,,Geranium richardsonii,3,flow,16:07,Bombus bifarius,f,38.90236703,-104.992508,2622.621826,8604.402592
2021,GPS2,286,7/28/2021,7,28,33,,Achillea millefolium,2,clust,16:08,Bombus rufocinctus,f,38.90151501,-104.992307,2619.727295,8594.906099
2021,GPS2,286,7/28/2021,7,28,34,,Campanula rotundifolia,5,flow,16:09,Bombus rufocinctus,,38.90151501,-104.992307,2619.727295,8594.906099
2021,GPS1,512,7/29/2021,7,29,1,,Senecio fremontii var. blitoides,65,flow,10:17,Bombus bifarius,f,38.84054001,-105.041535,4283.251465,14052.66274
2021,GPS1,512,7/29/2021,7,29,2,,Senecio fremontii var. blitoides,65,flow,10:18,Bombus bifarius,f,38.84054001,-105.041535,4283.251465,14052.66274
2021,GPS1,521,7/29/2021,7,29,7,,Silene acaulis,100,flow,11:40,Bombus centralis,f,38.84111702,-105.039701,4149.217773,13612.91964
2021,GPS1,523,7/29/2021,7,29,9,,Telesonix jamesii,11,flow,13:28,Bombus balteatus,f,38.84395103,-105.034354,3947.432373,12950.89403
2021,GPS1,526,7/29/2021,7,29,10,,Telesonix jamesii,18,flow,13:31,Bombus flavifrons,,38.84657297,-105.03168,3879.031738,12726.48249
2021,GPS1,530,7/29/2021,7,29,11,,Telesonix jamesii,50,flow,13:50,Bombus bifarius,f,38.84404197,-105.027124,3715.509277,12189.99146
2021,GPS3,318,7/29/2021,7,29,2,,Mertensia ciliata,150,flow,16:55,Bombus flavifrons,f,38.84181096,-105.026167,3607.974854,11837.18822
2021,GPS3,318,7/29/2021,7,29,3,,Rhodiola rhodantha,100,flow,17:00,Bombus bifarius,f,38.84181096,-105.026167,3607.974854,11837.18822
2021,GPS3,318,7/29/2021,7,29,4,,Rhodiola rhodantha,100,flow,17:02,Bombus bifarius,f,38.84181096,-105.026167,3607.974854,11837.18822
2021,GPS3,318,7/29/2021,7,29,9,,Rhodiola rhodantha,100,flow,17:40,Bombus flavifrons,f,38.84181096,-105.026167,3607.974854,11837.18822
2021,GPS3,319,7/29/2021,7,29,10,,Mertensia ciliata,500,flow,17:45,Bombus flavifrons,f,38.841919,-105.026051,3609.743652,11842.99136
2021,GPS3,319,7/29/2021,7,29,12,A,Mertensia ciliata,500,flow,17:50,Bombus flavifrons,f,38.841919,-105.026051,3609.743652,11842.99136
2021,GPS2,287,7/29/2021,7,29,1,,Senecio fremontii var. blitoides,25,flow,10:05,Bombus sylvicola,f,38.84054496,-105.041998,4285.786621,14060.98018
2021,GPS2,288,7/29/2021,7,29,2,,Senecio fremontii var. blitoides,14,flow,10:13,Bombus bifarius,f,38.84054203,-105.041697,4270.789062,14011.77559
2021,GPS2,291,7/29/2021,7,29,6,,Senecio fremontii var. blitoides,8,flow,11:24,Bombus sylvicola,f,38.83896396,-105.040348,4170.916016,13684.1081
2021,GPS2,292,7/29/2021,7,29,7,,Senecio fremontii var. blitoides,7,flow,11:30,Bombus bifarius,f,38.83935196,-105.040432,4170.950195,13684.22024
2021,GPS2,296,7/29/2021,7,29,9,,Trifolium nanum,2,flow,13:14,Bombus bifarius,f,38.84511,-105.033299,3913.929199,12840.97547
2021,GPS2,298,7/29/2021,7,29,10,A,Telesonix jamesii,10,flow,13:30,Bombus flavifrons,f,38.84642201,-105.032466,3900.155029,12795.78463
2021,GPS2,298,7/29/2021,7,29,10,B,Telesonix jamesii,14,flow,13:35,Bombus flavifrons,f,38.84642201,-105.032466,3900.155029,12795.78463
2021,GPS2,299,7/29/2021,7,29,11,,Telesonix jamesii,29,flow,13:54,Bombus melanopygus,f,38.84502701,-105.028451,3780.548828,12403.37582
2021,GPS2,300,7/29/2021,7,29,12,,Telesonix jamesii,8,clust,14:07,Bombus huntii,f,38.84420802,-105.027686,3735.559082,12255.77166
2021,GPS2,301,7/29/2021,7,29,13,,Telesonix jamesii,5,clust,14:11,Bombus bifarius,f,38.84422897,-105.027646,3733.693604,12249.65132
2021,GPS2,302,7/29/2021,7,29,14,,Potentilla fruticosa,27,flow,14:25,Bombus bifarius,f,38.84407701,-105.026413,3691.705566,12111.89529
2021,GPS2,303,7/29/2021,7,29,15,,Rhodiola rhodantha,50,clust,16:42,Bombus bifarius,f,38.84184097,-105.026126,3607.224854,11834.72759
2021,GPS2,303,7/29/2021,7,29,16,,Rhodiola rhodantha,50,clust,16:43,Bombus bifarius,f,38.84184097,-105.026126,3607.224854,11834.72759
2021,GPS2,303,7/29/2021,7,29,17,,Swertia perennis,5,flow,16:48,Bombus bifarius,f,38.84184097,-105.026126,3607.224854,11834.72759
2021,GPS2,303,7/29/2021,7,29,,,Rhodiola rhodantha,50,clust,16:49,Bombus bifarius,,38.84184097,-105.026126,3607.224854,11834.72759
2021,GPS2,304,7/29/2021,7,29,18,,Mertensia ciliata,90,flow,17:01,Bombus melanopygus,f,38.84201297,-105.026193,3612.219971,11851.11577
2021,GPS2,305,7/29/2021,7,29,20,,Mertensia ciliata,300,flow,17:06,Bombus flavifrons,f,38.84190199,-105.026263,3617.568848,11868.66458
2021,GPS2,307,7/29/2021,7,29,21,,Mertensia ciliata,400,flow,17:38,Bombus flavifrons,f,38.842119,-105.026618,3628.430664,11904.30046
2021,GPS2,308,7/29/2021,7,29,22,,Mertensia ciliata,600,flow,17:44,Bombus flavifrons,f,38.84213299,-105.026594,3619.057373,11873.54819
2021,GPS2,308,7/29/2021,7,29,23,,Mertensia ciliata,600,flow,17:46,Bombus flavifrons,f,38.84213299,-105.026594,3619.057373,11873.54819
2021,GPS2,308,7/29/2021,7,29,24,,Mertensia ciliata,600,flow,17:48,Bombus flavifrons,f,38.84213299,-105.026594,3619.057373,11873.54819
2021,GPS2,308,7/29/2021,7,29,25,,Mertensia ciliata,600,flow,17:50,Bombus flavifrons,f,38.84213299,-105.026594,3619.057373,11873.54819
2021,GPS2,309,7/29/2021,7,29,26,,Mertensia ciliata,250,flow,17:59,Bombus flavifrons,f,38.84191699,-105.02642,3623.82666,11889.19546
2021,GPS2,309,7/29/2021,7,29,27,,Mertensia ciliata,100,flow,18:01,Bombus flavifrons,f,38.84191699,-105.02642,3623.82666,11889.19546
2021,GPS1,531,7/30/2021,7,30,1,,Allium cernuum,14,clust,14:41,Bombus bifarius,m,38.87304403,-104.993514,2795.028564,9170.041514
2021,GPS1,534,7/30/2021,7,30,2,,Frasera speciosa,21,flow,14:55,Bombus flavifrons,f,38.87525903,-104.986211,2735.898193,8976.044228
2021,GPS1,536,7/30/2021,7,30,5,,Senecio bigelovii var. hallii,100,flow,15:06,Bombus bifarius,f,38.87628104,-104.986023,2729.608154,8955.407616
2021,GPS1,539,7/30/2021,7,30,7,,Erigeron subtrinervis,32,flow,15:50,Bombus bifarius,f,38.87698101,-104.991437,2696.211426,8845.838295
2021,GPS2,310,7/30/2021,7,30,1,,Mertensia ciliata,200,flow,7:05,Bombus flavifrons,f,38.84180199,-105.026161,3609.691895,11842.82156
2021,GPS2,310,7/30/2021,7,30,,,Rhodiola rhodantha,5,clust,7:06,Bombus flavifrons,,38.84180199,-105.026161,3609.691895,11842.82156
2021,GPS2,311,7/30/2021,7,30,2,,Mertensia ciliata,300,flow,7:09,Bombus flavifrons,f,38.84194499,-105.026488,3618.106934,11870.42995
2021,GPS2,312,7/30/2021,7,30,3,,Mertensia ciliata,300,flow,7:12,Bombus sylvicola,f,38.84208103,-105.026567,3616.708984,11865.8435
2021,GPS2,313,7/30/2021,7,30,4,,Mertensia ciliata,150,flow,7:15,Bombus centralis,f,38.84217499,-105.026662,3626.884521,11899.22781
2021,GPS2,314,7/30/2021,7,30,5,,Swertia perennis,5,flow,8:00,Bombus bifarius,f,38.841919,-105.026335,3614.272705,11857.85046
2021,GPS2,314,7/30/2021,7,30,6,,Swertia perennis,5,flow,8:01,Bombus mixtus,f,38.841919,-105.026335,3614.272705,11857.85046
2021,GPS2,315,7/30/2021,7,30,7,,Mertensia ciliata,200,flow,8:09,Bombus mixtus,f,38.84210299,-105.026536,3622.254395,11884.03711
2021,GPS2,320,7/30/2021,7,30,10,,Allium cernuum,1,clust,13:58,Bombus flavifrons,f,38.86422602,-104.998726,2783.4375,9132.013088
2021,GPS2,321,7/30/2021,7,30,12,,Packera fendleri,13,clust,14:41,Bombus huntii,m,38.87286901,-104.99381,2797.393555,9177.800671
2021,GPS2,322,7/30/2021,7,30,13,,Allium cernuum,10,clust,14:55,Bombus centralis,f,38.87506197,-104.986807,2746.651367,9011.323671
2021,GPS2,322,7/30/2021,7,30,14,,Allium cernuum,10,clust,14:56,Bombus bifarius,f,38.87506197,-104.986807,2746.651367,9011.323671
2021,GPS2,323,7/30/2021,7,30,15,,Packera fendleri,4,flow,14:59,Bombus huntii,m,38.87545601,-104.985995,2735.288574,8974.044165
2021,GPS2,325,7/30/2021,7,30,17,,Aconitum columbianum,40,flow,15:22,Bombus flavifrons,f,38.87686098,-104.991396,2707.194824,8881.873066
2021,GPS2,325,7/30/2021,7,30,18,,Aconitum columbianum,40,flow,15:23,Bombus flavifrons,f,38.87686098,-104.991396,2707.194824,8881.873066
2021,GPS2,325,7/30/2021,7,30,19,,Delphinium ramosum,70,flow,15:44,Bombus flavifrons,f,38.87686098,-104.991396,2707.194824,8881.873066
2021,GPS2,327,7/30/2021,7,30,22,,Geranium caespitosum,1,flow,16:02,Bombus rufocinctus,f,38.87816504,-104.987157,2678.725586,8788.470052
2021,GPS2,338,8/3/2021,8,3,1,,Delphinium ramosum,97,flow,8:41,Bombus flavifrons,f,38.90269602,-104.992412,2628.287354,8622.990282
2021,GPS2,338,8/3/2021,8,3,2,,Delphinium ramosum,97,flow,8:45,Bombus flavifrons,f,38.90269602,-104.992412,2628.287354,8622.990282
2021,GPS2,338,8/3/2021,8,3,3,,Delphinium ramosum,97,flow,8:47,Bombus flavifrons,f,38.90269602,-104.992412,2628.287354,8622.990282
2021,GPS2,338,8/3/2021,8,3,4,,Delphinium ramosum,97,flow,8:57,Bombus flavifrons,f,38.90269602,-104.992412,2628.287354,8622.990282
2021,GPS2,338,8/3/2021,8,3,5,,Delphinium ramosum,97,flow,9:04,Bombus flavifrons,f,38.90269602,-104.992412,2628.287354,8622.990282
2021,GPS2,338,8/3/2021,8,3,6,,Delphinium ramosum,97,flow,9:25,Bombus flavifrons,f,38.90269602,-104.992412,2628.287354,8622.990282
2021,GPS2,338,8/3/2021,8,3,7,,Delphinium ramosum,97,flow,9:38,Bombus appositus,m,38.90269602,-104.992412,2628.287354,8622.990282
2021,GPS2,338,8/3/2021,8,3,8,,Delphinium ramosum,97,flow,9:51,Bombus flavifrons,f,38.90269602,-104.992412,2628.287354,8622.990282
2021,GPS2,338,8/3/2021,8,3,9,,Delphinium ramosum,97,flow,9:54,Bombus flavifrons,f,38.90269602,-104.992412,2628.287354,8622.990282
2021,GPS2,338,8/3/2021,8,3,10,,Aconitum columbianum,10,flow,10:22,Bombus flavifrons,f,38.90269602,-104.992412,2628.287354,8622.990282
2021,GPS2,338,8/3/2021,8,3,11,,Aconitum columbianum,10,flow,10:25,Bombus centralis,f,38.90269602,-104.992412,2628.287354,8622.990282
2021,GPS2,338,8/3/2021,8,3,12,,Aconitum columbianum,10,flow,10:56,Bombus flavifrons,f,38.90269602,-104.992412,2628.287354,8622.990282
2021,GPS2,338,8/3/2021,8,3,13,,Aconitum columbianum,10,flow,11:11,Bombus flavifrons,f,38.90269602,-104.992412,2628.287354,8622.990282
2021,GPS2,338,8/3/2021,8,3,14,,Aconitum columbianum,10,flow,11:17,Bombus flavifrons,f,38.90269602,-104.992412,2628.287354,8622.990282
2021,GPS2,338,8/3/2021,8,3,15,,Aconitum columbianum,10,flow,11:18,Bombus flavifrons,f,38.90269602,-104.992412,2628.287354,8622.990282
2021,GPS2,338,8/3/2021,8,3,16,,Aconitum columbianum,10,flow,11:36,Bombus flavifrons,f,38.90269602,-104.992412,2628.287354,8622.990282
2021,GPS2,338,8/3/2021,8,3,17,,Aconitum columbianum,10,flow,11:39,Bombus bifarius,f,38.90269602,-104.992412,2628.287354,8622.990282
2021,GPS2,328,8/3/2021,8,3,1,,Potentilla fruticosa,35,flow,8:33,Bombus centralis,f,38.901399,-104.992268,2626.680664,8617.71899
2021,GPS2,329,8/3/2021,8,3,2,,Linaria vulgaris,70,clust,8:35,Bombus appositus,f,38.90141803,-104.992289,2619.614502,8594.536043
2021,GPS2,329,8/3/2021,8,3,3,,Linaria vulgaris,70,clust,8:36,Bombus flavifrons,f,38.90141803,-104.992289,2619.614502,8594.536043
2021,GPS2,329,8/3/2021,8,3,,,Agoseris glauca,1,flow,8:37,Bombus flavifrons,,38.90141803,-104.992289,2619.614502,8594.536043
2021,GPS2,330,8/3/2021,8,3,4,,Erigeron speciosus,5,flow,8:41,Bombus bifarius,f,38.90136397,-104.992037,2615.707764,8581.71866
2021,GPS2,331,8/3/2021,8,3,5,,Erigeron subtrinervis,18,flow,8:42,Bombus appositus,m,38.901269,-104.991863,2613.330566,8573.919454
2021,GPS2,332,8/3/2021,8,3,6,,Linaria vulgaris,70,clust,8:51,Bombus centralis,f,38.90143001,-104.992282,2618.144531,8589.713303
2021,GPS2,333,8/3/2021,8,3,7,,Agoseris glauca,2,flow,9:06,Bombus bifarius,f,38.90415103,-104.992301,2640.796387,8664.030418
2021,GPS2,335,8/3/2021,8,3,9,,Frasera speciosa,50,flow,9:29,Bombus centralis,f,38.90662101,-104.993959,2668.442383,8754.732508
2021,GPS2,335,8/3/2021,8,3,10,,Frasera speciosa,50,flow,9:31,Bombus centralis,f,38.90662101,-104.993959,2668.442383,8754.732508
2021,GPS2,335,8/3/2021,8,3,11,,Frasera speciosa,50,flow,9:36,Bombus centralis,f,38.90662101,-104.993959,2668.442383,8754.732508
2021,GPS2,335,8/3/2021,8,3,12,,Frasera speciosa,50,flow,9:40,Bombus centralis,f,38.90662101,-104.993959,2668.442383,8754.732508
2021,GPS2,335,8/3/2021,8,3,13,,Frasera speciosa,50,flow,9:42,Bombus centralis,f,38.90662101,-104.993959,2668.442383,8754.732508
2021,GPS2,335,8/3/2021,8,3,14,,Frasera speciosa,50,flow,9:45,Bombus centralis,f,38.90662101,-104.993959,2668.442383,8754.732508
2021,GPS2,335,8/3/2021,8,3,15,,Frasera speciosa,50,flow,9:54,Bombus centralis,m,38.90662101,-104.993959,2668.442383,8754.732508
2021,GPS2,335,8/3/2021,8,3,16,,Frasera speciosa,50,flow,9:57,Bombus centralis,f,38.90662101,-104.993959,2668.442383,8754.732508
2021,GPS2,335,8/3/2021,8,3,17,,Frasera speciosa,50,flow,10:02,Bombus centralis,f,38.90662101,-104.993959,2668.442383,8754.732508
2021,GPS2,335,8/3/2021,8,3,18,,Frasera speciosa,50,flow,10:04,Bombus centralis,f,38.90662101,-104.993959,2668.442383,8754.732508
2021,GPS2,336,8/3/2021,8,3,19,,Aconitum columbianum,10,flow,10:21,Bombus flavifrons,f,38.90467096,-104.992971,2650.09082,8694.523966
2021,GPS2,336,8/3/2021,8,3,20,,Aconitum columbianum,10,flow,10:33,Bombus flavifrons,f,38.90467096,-104.992971,2650.09082,8694.523966
2021,GPS2,336,8/3/2021,8,3,21,,Aconitum columbianum,10,flow,10:46,Bombus centralis,f,38.90467096,-104.992971,2650.09082,8694.523966
2021,GPS2,336,8/3/2021,8,3,22,,Aconitum columbianum,10,flow,10:51,Bombus flavifrons,f,38.90467096,-104.992971,2650.09082,8694.523966
2021,GPS2,339,8/4/2021,8,4,1,,Chamerion angustifolium,140,flow,9:01,Bombus flavifrons,f,38.92814197,-105.048262,2695.313965,8842.893869
2021,GPS2,339,8/4/2021,8,4,2,,Chamerion angustifolium,140,flow,9:09,Bombus mixtus,m,38.92814197,-105.048262,2695.313965,8842.893869
2021,GPS2,339,8/4/2021,8,4,3,,Chamerion angustifolium,140,flow,9:15,Bombus centralis,m,38.92814197,-105.048262,2695.313965,8842.893869
2021,GPS2,339,8/4/2021,8,4,4,,Chamerion angustifolium,140,flow,9:19,Bombus mixtus,m,38.92814197,-105.048262,2695.313965,8842.893869
2021,GPS2,339,8/4/2021,8,4,5,,Chamerion angustifolium,140,flow,9:25,Bombus flavifrons,f,38.92814197,-105.048262,2695.313965,8842.893869
2021,GPS2,339,8/4/2021,8,4,6,,Chamerion angustifolium,140,flow,9:27,Bombus flavifrons,f,38.92814197,-105.048262,2695.313965,8842.893869
2021,GPS2,339,8/4/2021,8,4,7,a,Chamerion angustifolium,140,flow,9:30,Bombus centralis,m,38.92814197,-105.048262,2695.313965,8842.893869
2021,GPS2,339,8/4/2021,8,4,7,b,Chamerion angustifolium,140,flow,9:30,Bombus flavifrons,f,38.92814197,-105.048262,2695.313965,8842.893869
2021,GPS2,339,8/4/2021,8,4,8,,Chamerion angustifolium,140,flow,9:32,Bombus centralis,f,38.92814197,-105.048262,2695.313965,8842.893869
2021,GPS2,339,8/4/2021,8,4,9,,Chamerion angustifolium,140,flow,9:33,Bombus centralis,m,38.92814197,-105.048262,2695.313965,8842.893869
2021,GPS2,339,8/4/2021,8,4,10,,Chamerion angustifolium,140,flow,9:35,Bombus melanopygus,f,38.92814197,-105.048262,2695.313965,8842.893869
2021,GPS2,339,8/4/2021,8,4,11,,Chamerion angustifolium,140,flow,9:39,Bombus mixtus,f,38.92814197,-105.048262,2695.313965,8842.893869
2021,GPS2,339,8/4/2021,8,4,12,,Chamerion angustifolium,140,flow,9:42,Bombus flavifrons,f,38.92814197,-105.048262,2695.313965,8842.893869
2021,GPS2,339,8/4/2021,8,4,13,,Chamerion angustifolium,140,flow,9:44,Bombus centralis,m,38.92814197,-105.048262,2695.313965,8842.893869
2021,GPS2,339,8/4/2021,8,4,14,,Chamerion angustifolium,140,flow,9:50,Bombus flavifrons,f,38.92814197,-105.048262,2695.313965,8842.893869
2021,GPS2,339,8/4/2021,8,4,15,,Chamerion angustifolium,140,flow,9:53,Bombus centralis,f,38.92814197,-105.048262,2695.313965,8842.893869
2021,GPS2,339,8/4/2021,8,4,16,,Chamerion angustifolium,140,flow,9:57,Bombus flavifrons,f,38.92814197,-105.048262,2695.313965,8842.893869
2021,GPS2,339,8/4/2021,8,4,17,A,Chamerion angustifolium,140,flow,9:59,Bombus centralis,m,38.92814197,-105.048262,2695.313965,8842.893869
2021,GPS2,339,8/4/2021,8,4,17,B,Chamerion angustifolium,140,flow,9:59,Bombus centralis,f,38.92814197,-105.048262,2695.313965,8842.893869
2021,GPS2,339,8/4/2021,8,4,18,,Chamerion angustifolium,140,flow,10:03,Bombus centralis,f,38.92814197,-105.048262,2695.313965,8842.893869
2021,GPS2,339,8/4/2021,8,4,19,A,Chamerion angustifolium,140,flow,10:06,Bombus bifarius,f,38.92814197,-105.048262,2695.313965,8842.893869
2021,GPS2,339,8/4/2021,8,4,19,B,Chamerion angustifolium,140,flow,10:06,Bombus centralis,f,38.92814197,-105.048262,2695.313965,8842.893869
2021,GPS2,339,8/4/2021,8,4,20,,Chamerion angustifolium,140,flow,10:07,Bombus flavifrons,f,38.92814197,-105.048262,2695.313965,8842.893869
2021,GPS2,339,8/4/2021,8,4,21,,Chamerion angustifolium,140,flow,10:09,Bombus bifarius,f,38.92814197,-105.048262,2695.313965,8842.893869
2021,GPS2,339,8/4/2021,8,4,22,,Chamerion angustifolium,140,flow,10:13,Bombus bifarius,f,38.92814197,-105.048262,2695.313965,8842.893869
2021,GPS2,339,8/4/2021,8,4,23,,Chamerion angustifolium,140,flow,10:16,Bombus bifarius,f,38.92814197,-105.048262,2695.313965,8842.893869
2021,GPS2,339,8/4/2021,8,4,24,,Chamerion angustifolium,140,flow,10:17,Bombus flavifrons,f,38.92814197,-105.048262,2695.313965,8842.893869
2021,GPS2,339,8/4/2021,8,4,25,,Chamerion angustifolium,140,flow,10:19,Bombus flavifrons,f,38.92814197,-105.048262,2695.313965,8842.893869
2021,GPS2,339,8/4/2021,8,4,26,,Chamerion angustifolium,140,flow,10:20,Bombus bifarius,m,38.92814197,-105.048262,2695.313965,8842.893869
2021,GPS2,339,8/4/2021,8,4,27,,Chamerion angustifolium,140,flow,10:22,Bombus flavifrons,f,38.92814197,-105.048262,2695.313965,8842.893869
2021,GPS2,339,8/4/2021,8,4,28,,Chamerion angustifolium,140,flow,10:25,Bombus flavifrons,f,38.92814197,-105.048262,2695.313965,8842.893869
2021,GPS2,339,8/4/2021,8,4,29,,Chamerion angustifolium,140,flow,10:27,Bombus mixtus,m,38.92814197,-105.048262,2695.313965,8842.893869
2021,GPS2,339,8/4/2021,8,4,30,,Chamerion angustifolium,140,flow,10:29,Bombus flavifrons,f,38.92814197,-105.048262,2695.313965,8842.893869
2021,GPS2,339,8/4/2021,8,4,31,,Chamerion angustifolium,140,flow,10:30,Bombus flavifrons,f,38.92814197,-105.048262,2695.313965,8842.893869
2021,GPS2,339,8/4/2021,8,4,32,,Chamerion angustifolium,140,flow,10:33,Bombus mixtus,m,38.92814197,-105.048262,2695.313965,8842.893869
2021,GPS2,339,8/4/2021,8,4,33,,Chamerion angustifolium,140,flow,10:35,Bombus flavifrons,f,38.92814197,-105.048262,2695.313965,8842.893869
2021,GPS2,339,8/4/2021,8,4,34,,Chamerion angustifolium,140,flow,10:36,Bombus centralis,m,38.92814197,-105.048262,2695.313965,8842.893869
2021,GPS2,339,8/4/2021,8,4,35,a,Chamerion angustifolium,140,flow,10:38,Bombus centralis,m,38.92814197,-105.048262,2695.313965,8842.893869
2021,GPS2,339,8/4/2021,8,4,35,b,Chamerion angustifolium,140,flow,10:38,Bombus flavifrons,f,38.92814197,-105.048262,2695.313965,8842.893869
2021,GPS2,339,8/4/2021,8,4,36,,Chamerion angustifolium,140,flow,10:39,Bombus flavifrons,f,38.92814197,-105.048262,2695.313965,8842.893869
2021,GPS2,339,8/4/2021,8,4,37,,Chamerion angustifolium,140,flow,10:42,Bombus bifarius,f,38.92814197,-105.048262,2695.313965,8842.893869
2021,GPS2,339,8/4/2021,8,4,38,,Chamerion angustifolium,140,flow,10:43,Bombus flavifrons,f,38.92814197,-105.048262,2695.313965,8842.893869
2021,GPS2,339,8/4/2021,8,4,39,A,Chamerion angustifolium,140,flow,10:44,Bombus flavifrons,f,38.92814197,-105.048262,2695.313965,8842.893869
2021,GPS2,339,8/4/2021,8,4,39,B,Chamerion angustifolium,140,flow,10:44,Bombus rufocinctus,f,38.92814197,-105.048262,2695.313965,8842.893869
2021,GPS2,339,8/4/2021,8,4,40,a,Chamerion angustifolium,140,flow,10:45,Bombus bifarius,f,38.92814197,-105.048262,2695.313965,8842.893869
2021,GPS2,339,8/4/2021,8,4,41,,Chamerion angustifolium,140,flow,10:50,Bombus flavifrons,f,38.92814197,-105.048262,2695.313965,8842.893869
2021,GPS2,339,8/4/2021,8,4,42,,Chamerion angustifolium,140,flow,10:51,Bombus centralis,m,38.92814197,-105.048262,2695.313965,8842.893869
2021,GPS2,339,8/4/2021,8,4,43,,Chamerion angustifolium,140,flow,10:53,Bombus melanopygus,m,38.92814197,-105.048262,2695.313965,8842.893869
2021,GPS2,339,8/4/2021,8,4,45,,Chamerion angustifolium,140,flow,10:57,Bombus centralis,m,38.92814197,-105.048262,2695.313965,8842.893869
2021,GPS2,339,8/4/2021,8,4,46,,Chamerion angustifolium,140,flow,10:59,Bombus centralis,m,38.92814197,-105.048262,2695.313965,8842.893869
2021,GPS2,339,8/4/2021,8,4,47,,Chamerion angustifolium,140,flow,11:00,Bombus centralis,m,38.92814197,-105.048262,2695.313965,8842.893869
2021,GPS2,339,8/4/2021,8,4,48,,Geranium caespitosum,25,flow,11:37,Bombus centralis,f,38.92814197,-105.048262,2695.313965,8842.893869
2021,GPS2,339,8/4/2021,8,4,49,,Geranium caespitosum,25,flow,11:43,Bombus centralis,f,38.92814197,-105.048262,2695.313965,8842.893869
2021,GPS2,339,8/4/2021,8,4,51,,Geranium caespitosum,25,flow,11:50,Bombus flavifrons,f,38.92814197,-105.048262,2695.313965,8842.893869
2021,GPS2,339,8/4/2021,8,4,53,,Geranium caespitosum,25,flow,11:55,Bombus centralis,m,38.92814197,-105.048262,2695.313965,8842.893869
2021,GPS2,339,8/4/2021,8,4,54,,Geranium caespitosum,25,flow,11:56,Bombus flavifrons,f,38.92814197,-105.048262,2695.313965,8842.893869
2021,GPS2,339,8/4/2021,8,4,55,,Geranium caespitosum,25,flow,12:00,Bombus rufocinctus,f,38.92814197,-105.048262,2695.313965,8842.893869
2021,GPS2,339,8/4/2021,8,4,57,,Geranium caespitosum,25,flow,12:06,Bombus centralis,f,38.92814197,-105.048262,2695.313965,8842.893869
2021,GPS2,339,8/4/2021,8,4,60,,Geranium caespitosum,25,flow,12:26,Bombus flavifrons,f,38.92814197,-105.048262,2695.313965,8842.893869
2021,GPS2,339,8/4/2021,8,4,63,,Geranium caespitosum,25,flow,13:07,Bombus centralis,m,38.92814197,-105.048262,2695.313965,8842.893869
2021,GPS2,339,8/4/2021,8,4,64,,Geranium caespitosum,25,flow,13:11,Bombus centralis,m,38.92814197,-105.048262,2695.313965,8842.893869
2021,GPS2,339,8/4/2021,8,4,65,,Geranium caespitosum,25,flow,13:13,Bombus centralis,m,38.92814197,-105.048262,2695.313965,8842.893869
2021,GPS2,339,8/4/2021,8,4,66,,Geranium caespitosum,25,flow,13:14,Bombus bifarius,f,38.92814197,-105.048262,2695.313965,8842.893869
2021,GPS2,339,8/4/2021,8,4,67,,Geranium caespitosum,25,flow,13:22,Bombus bifarius,f,38.92814197,-105.048262,2695.313965,8842.893869
2021,GPS2,339,8/4/2021,8,4,68,,Geranium caespitosum,25,flow,13:27,Bombus bifarius,f,38.92814197,-105.048262,2695.313965,8842.893869
2021,GPS2,339,8/4/2021,8,4,69,,Geranium caespitosum,25,flow,13:29,Bombus bifarius,f,38.92814197,-105.048262,2695.313965,8842.893869
2021,GPS2,339,8/4/2021,8,4,70,,Geranium caespitosum,25,flow,13:32,Bombus centralis,m,38.92814197,-105.048262,2695.313965,8842.893869
2021,GPS2,339,8/4/2021,8,4,71,,Geranium caespitosum,25,flow,13:39,Bombus centralis,m,38.92814197,-105.048262,2695.313965,8842.893869
2021,GPS2,339,8/4/2021,8,4,72,,Geranium caespitosum,25,flow,13:42,Bombus centralis,f,38.92814197,-105.048262,2695.313965,8842.893869
2021,GPS2,339,8/4/2021,8,4,73,,Geranium caespitosum,25,flow,13:54,Bombus mixtus,f,38.92814197,-105.048262,2695.313965,8842.893869
2021,GPS2,339,8/4/2021,8,4,74,,Geranium caespitosum,25,flow,13:59,Bombus flavifrons,f,38.92814197,-105.048262,2695.313965,8842.893869
2021,GPS3,324,8/4/2021,8,4,3,,Frasera speciosa,14,flow,9:23,Bombus centralis,,38.92391296,-105.035051,2858.912842,9379.635609
2021,GPS3,324,8/4/2021,8,4,3,,Frasera speciosa,14,flow,9:40,Bombus centralis,f,38.92391296,-105.035051,2858.912842,9379.635609
2021,GPS3,324,8/4/2021,8,4,5,,Frasera speciosa,14,flow,9:40,Bombus centralis,f,38.92391296,-105.035051,2858.912842,9379.635609
2021,GPS3,324,8/4/2021,8,4,5,,Frasera speciosa,14,flow,9:50,Bombus centralis,f,38.92391296,-105.035051,2858.912842,9379.635609
2021,GPS3,324,8/4/2021,8,4,7,,Frasera speciosa,14,flow,9:55,Bombus centralis,f,38.92391296,-105.035051,2858.912842,9379.635609
2021,GPS3,324,8/4/2021,8,4,7,,Frasera speciosa,14,flow,10:06,Bombus centralis,f,38.92391296,-105.035051,2858.912842,9379.635609
2021,GPS3,324,8/4/2021,8,4,12,,Frasera speciosa,14,flow,10:35,Bombus centralis,f,38.92391296,-105.035051,2858.912842,9379.635609
2021,GPS3,324,8/4/2021,8,4,13,,Frasera speciosa,14,flow,10:40,Bombus centralis,f,38.92391296,-105.035051,2858.912842,9379.635609
2021,GPS3,324,8/4/2021,8,4,10,,Frasera speciosa,14,flow,10:40,Bombus centralis,f,38.92391296,-105.035051,2858.912842,9379.635609
2021,GPS3,324,8/4/2021,8,4,11,A,Frasera speciosa,14,flow,10:47,Bombus centralis,m,38.92391296,-105.035051,2858.912842,9379.635609
2021,GPS3,324,8/4/2021,8,4,14,,Frasera speciosa,14,flow,10:50,Bombus centralis,f,38.92391296,-105.035051,2858.912842,9379.635609
2021,GPS3,324,8/4/2021,8,4,16,,Frasera speciosa,14,flow,11:05,Bombus centralis,f,38.92391296,-105.035051,2858.912842,9379.635609
2021,GPS3,324,8/4/2021,8,4,13,,Frasera speciosa,20,flow,11:06,Bombus centralis,m,38.92391296,-105.035051,2858.912842,9379.635609
2021,GPS3,324,8/4/2021,8,4,17,,Frasera speciosa,14,flow,11:10,Bombus centralis,m,38.92391296,-105.035051,2858.912842,9379.635609
2021,GPS3,343,8/4/2021,8,4,14,,Allium cernuum,27,clust,11:57,Bombus centralis,f,38.92313696,-105.034807,2863.067871,9393.267594
2021,GPS3,343,8/4/2021,8,4,15,,Allium cernuum,27,clust,11:59,Bombus centralis,m,38.92313696,-105.034807,2863.067871,9393.267594
2021,GPS3,344,8/4/2021,8,4,19,,Dieteria bigelovii,40,flow,12:25,Bombus bifarius,f,38.92303504,-105.034778,2865.716309,9401.956695
2021,GPS3,344,8/4/2021,8,4,20,B,Dieteria bigelovii,40,flow,12:30,Bombus bifarius,f,38.92303504,-105.034778,2865.716309,9401.956695
2021,GPS3,344,8/4/2021,8,4,20,A,Dieteria bigelovii,40,flow,12:30,Bombus rufocinctus,f,38.92303504,-105.034778,2865.716309,9401.956695
2021,GPS3,345,8/4/2021,8,4,21,,Geranium caespitosum,25,flow,13:04,Bombus centralis,m,38.90083699,-104.99119,2612.170166,8570.112367
2021,GPS3,345,8/4/2021,8,4,22,,Geranium caespitosum,25,flow,13:15,Bombus centralis,f,38.90083699,-104.99119,2612.170166,8570.112367
2021,GPS3,345,8/4/2021,8,4,23,,Geranium caespitosum,25,flow,13:20,Bombus centralis,m,38.90083699,-104.99119,2612.170166,8570.112367
2021,GPS3,345,8/4/2021,8,4,24,,Geranium caespitosum,25,flow,13:30,Bombus bifarius,f,38.90083699,-104.99119,2612.170166,8570.112367
2021,GPS3,345,8/4/2021,8,4,25A,,Geranium caespitosum,25,flow,13:32,Bombus flavifrons,f,38.90083699,-104.99119,2612.170166,8570.112367
2021,GPS3,345,8/4/2021,8,4,26,,Geranium caespitosum,25,flow,13:35,Bombus centralis,f,38.90083699,-104.99119,2612.170166,8570.112367
2021,GPS3,345,8/4/2021,8,4,27,,Geranium caespitosum,25,flow,13:38,Bombus centralis,m,38.90083699,-104.99119,2612.170166,8570.112367
2021,GPS3,345,8/4/2021,8,4,28,,Geranium caespitosum,25,flow,13:41,Bombus bifarius,f,38.90083699,-104.99119,2612.170166,8570.112367
2021,GPS3,345,8/4/2021,8,4,29,,Geranium caespitosum,25,flow,13:46,Bombus centralis,f,38.90083699,-104.99119,2612.170166,8570.112367
2021,GPS3,345,8/4/2021,8,4,30,,Geranium caespitosum,25,flow,13:50,Bombus centralis,f,38.90083699,-104.99119,2612.170166,8570.112367
2021,GPS3,345,8/4/2021,8,4,31,,Geranium caespitosum,25,flow,13:52,Bombus rufocinctus,f,38.90083699,-104.99119,2612.170166,8570.112367
2021,GPS3,345,8/4/2021,8,4,32,,Geranium caespitosum,25,flow,13:55,Bombus flavifrons,f,38.90083699,-104.99119,2612.170166,8570.112367
2021,GPS3,345,8/4/2021,8,4,33,,Geranium caespitosum,25,flow,13:58,Bombus bifarius,f,38.90083699,-104.99119,2612.170166,8570.112367
2021,GPS3,345,8/4/2021,8,4,34,,Geranium caespitosum,25,flow,13:59,Bombus centralis,m,38.90083699,-104.99119,2612.170166,8570.112367
2021,GPS3,345,8/4/2021,8,4,35,,Geranium caespitosum,25,flow,14:00,Bombus centralis,m,38.90083699,-104.99119,2612.170166,8570.112367
2021,GPS2,340,8/4/2021,8,4,1,,Chamerion angustifolium,140,flow,9:13,Bombus flavifrons,f,38.89288399,-105.066082,3154.85791,10350.58403
2021,GPS2,340,8/4/2021,8,4,3,,Chamerion angustifolium,140,flow,9:22,Bombus mixtus,m,38.89288399,-105.066082,3154.85791,10350.58403
2021,GPS2,340,8/4/2021,8,4,4,,Chamerion angustifolium,140,flow,9:30,Bombus mixtus,f,38.89288399,-105.066082,3154.85791,10350.58403
2021,GPS2,340,8/4/2021,8,4,5,,Chamerion angustifolium,140,flow,9:31,Bombus melanopygus,m,38.89288399,-105.066082,3154.85791,10350.58403
2021,GPS2,340,8/4/2021,8,4,6,,Chamerion angustifolium,140,flow,9:32,Bombus mixtus,m,38.89288399,-105.066082,3154.85791,10350.58403
2021,GPS2,340,8/4/2021,8,4,7,,Chamerion angustifolium,140,flow,9:34,Bombus mixtus,f,38.89288399,-105.066082,3154.85791,10350.58403
2021,GPS2,340,8/4/2021,8,4,8,,Chamerion angustifolium,140,flow,9:43,Bombus mixtus,f,38.89288399,-105.066082,3154.85791,10350.58403
2021,GPS2,340,8/4/2021,8,4,9,,Chamerion angustifolium,140,flow,9:44,Bombus flavifrons,f,38.89288399,-105.066082,3154.85791,10350.58403
2021,GPS2,340,8/4/2021,8,4,10,,Chamerion angustifolium,140,flow,9:49,Bombus mixtus,m,38.89288399,-105.066082,3154.85791,10350.58403
2021,GPS2,340,8/4/2021,8,4,11,,Chamerion angustifolium,140,flow,9:54,Bombus bifarius,f,38.89288399,-105.066082,3154.85791,10350.58403
2021,GPS2,340,8/4/2021,8,4,12,,Chamerion angustifolium,140,flow,9:55,Bombus melanopygus,m,38.89288399,-105.066082,3154.85791,10350.58403
2021,GPS2,340,8/4/2021,8,4,13,,Chamerion angustifolium,140,flow,9:57,Bombus mixtus,m,38.89288399,-105.066082,3154.85791,10350.58403
2021,GPS2,340,8/4/2021,8,4,14,,Chamerion angustifolium,140,flow,10:03,Bombus mixtus,f,38.89288399,-105.066082,3154.85791,10350.58403
2021,GPS2,340,8/4/2021,8,4,16,,Chamerion angustifolium,140,flow,10:09,Bombus mixtus,f,38.89288399,-105.066082,3154.85791,10350.58403
2021,GPS2,340,8/4/2021,8,4,17,,Chamerion angustifolium,140,flow,10:11,Bombus mixtus,f,38.89288399,-105.066082,3154.85791,10350.58403
2021,GPS2,340,8/4/2021,8,4,18,A,Chamerion angustifolium,140,flow,10:13,Bombus melanopygus,m,38.89288399,-105.066082,3154.85791,10350.58403
2021,GPS2,340,8/4/2021,8,4,19,,Chamerion angustifolium,140,flow,10:17,Bombus mixtus,f,38.89288399,-105.066082,3154.85791,10350.58403
2021,GPS2,340,8/4/2021,8,4,21,,Chamerion angustifolium,140,flow,10:20,Bombus bifarius,f,38.89288399,-105.066082,3154.85791,10350.58403
2021,GPS2,340,8/4/2021,8,4,22,,Chamerion angustifolium,140,flow,10:21,Bombus melanopygus,m,38.89288399,-105.066082,3154.85791,10350.58403
2021,GPS2,340,8/4/2021,8,4,23,,Chamerion angustifolium,140,flow,10:23,Bombus melanopygus,m,38.89288399,-105.066082,3154.85791,10350.58403
2021,GPS2,340,8/4/2021,8,4,24,,Chamerion angustifolium,140,flow,10:24,Bombus mixtus,f,38.89288399,-105.066082,3154.85791,10350.58403
2021,GPS2,340,8/4/2021,8,4,25,,Chamerion angustifolium,140,flow,10:27,Bombus mixtus,f,38.89288399,-105.066082,3154.85791,10350.58403
2021,GPS2,340,8/4/2021,8,4,28,,Chamerion angustifolium,140,flow,10:52,Bombus mixtus,f,38.89288399,-105.066082,3154.85791,10350.58403
2021,GPS2,340,8/4/2021,8,4,29,A,Chamerion angustifolium,140,flow,10:53,Bombus bifarius,f,38.89288399,-105.066082,3154.85791,10350.58403
2021,GPS2,340,8/4/2021,8,4,29,B,Chamerion angustifolium,140,flow,10:54,Bombus mixtus,m,38.89288399,-105.066082,3154.85791,10350.58403
2021,GPS2,340,8/4/2021,8,4,30,A,Chamerion angustifolium,140,flow,11:10,Bombus mixtus,f,38.89288399,-105.066082,3154.85791,10350.58403
2021,GPS2,340,8/4/2021,8,4,30,B,Chamerion angustifolium,140,flow,11:11,Bombus mixtus,m,38.89288399,-105.066082,3154.85791,10350.58403
2021,GPS2,343,8/4/2021,8,4,32,,Geum rossii var. turbinatum,13,flow,11:47,Bombus sylvicola,f,38.87215999,-105.066148,3732.646484,12246.21589
2021,GPS2,344,8/4/2021,8,4,33,,Geranium caespitosum,25,flow,13:04,Bombus centralis,f,38.87082601,-105.066204,3733.36,12248.55682
2021,GPS2,344,8/4/2021,8,4,34,,Geranium caespitosum,25,flow,13:11,Bombus mixtus,f,38.87082601,-105.066204,3733.36,12248.55682
2021,GPS2,344,8/4/2021,8,4,36,,Geranium caespitosum,25,flow,13:20,Bombus centralis,m,38.87082601,-105.066204,3733.36,12248.55682
2021,GPS2,344,8/4/2021,8,4,37,,Erigeron subtrinervis,3,flow,13:21,Bombus rufocinctus,f,38.87082601,-105.066204,3733.36,12248.55682
2021,GPS2,344,8/4/2021,8,4,40,,Geranium caespitosum,25,flow,13:25,Bombus centralis,m,38.87082601,-105.066204,3733.36,12248.55682
2021,GPS2,344,8/4/2021,8,4,38,,Geranium caespitosum,25,flow,13:40,Bombus centralis,f,38.87082601,-105.066204,3733.36,12248.55682
2021,GPS2,344,8/4/2021,8,4,39,,Geranium caespitosum,25,flow,13:41,Bombus bifarius,,38.87082601,-105.066204,3733.36,12248.55682
2021,GPS2,344,8/4/2021,8,4,,,Geranium caespitosum,25,flow,13:41,Bombus bifarius,,38.87082601,-105.066204,3733.36,12248.55682
2021,GPS2,344,8/4/2021,8,4,,,Erigeron subtrinervis,5,flow,13:42,Bombus bifarius,,38.87082601,-105.066204,3733.36,12248.55682
2021,GPS2,344,8/4/2021,8,4,42,,Geranium caespitosum,25,flow,13:59,Bombus centralis,m,38.87082601,-105.066204,3733.36,12248.55682
2021,GPS2,344,8/4/2021,8,4,,,Allium cernuum,1,clust,14:00,Bombus centralis,,38.87082601,-105.066204,3733.36,12248.55682
2021,GPS1,542,8/5/2021,8,5,1,,Frasera speciosa,17,flow,9:53,Bombus bifarius,f,38.92234898,-105.02119,2787.324951,9144.767192
2021,GPS1,542,8/5/2021,8,5,2,,Frasera speciosa,17,flow,10:16,Bombus centralis,m,38.92234898,-105.02119,2787.324951,9144.767192
2021,GPS1,542,8/5/2021,8,5,3,,Frasera speciosa,17,flow,10:41,Bombus centralis,f,38.92234898,-105.02119,2787.324951,9144.767192
2021,GPS1,542,8/5/2021,8,5,4,,Frasera speciosa,17,flow,10:43,Bombus centralis,f,38.92234898,-105.02119,2787.324951,9144.767192
2021,GPS1,542,8/5/2021,8,5,5,,Frasera speciosa,17,flow,10:52,Bombus flavifrons,f,38.92234898,-105.02119,2787.324951,9144.767192
2021,GPS1,542,8/5/2021,8,5,6,,Frasera speciosa,17,flow,10:55,Bombus centralis,m,38.92234898,-105.02119,2787.324951,9144.767192
2021,GPS1,543,8/5/2021,8,5,7,,Chamerion angustifolium,85,flow,11:10,Bombus centralis,f,38.92276598,-105.021895,2782.410645,9128.644141
2021,GPS1,543,8/5/2021,8,5,8,,Chamerion angustifolium,85,flow,11:12,Bombus flavifrons,f,38.92276598,-105.021895,2782.410645,9128.644141
2021,GPS1,543,8/5/2021,8,5,9,,Chamerion angustifolium,85,flow,11:14,Bombus centralis,m,38.92276598,-105.021895,2782.410645,9128.644141
2021,GPS1,543,8/5/2021,8,5,10,,Chamerion angustifolium,85,flow,11:15,Bombus centralis,m,38.92276598,-105.021895,2782.410645,9128.644141
2021,GPS1,543,8/5/2021,8,5,11,,Chamerion angustifolium,85,flow,11:17,Bombus flavifrons,f,38.92276598,-105.021895,2782.410645,9128.644141
2021,GPS1,543,8/5/2021,8,5,12,,Chamerion angustifolium,85,flow,11:18,Bombus centralis,m,38.92276598,-105.021895,2782.410645,9128.644141
2021,GPS1,543,8/5/2021,8,5,13,b,Chamerion angustifolium,85,flow,11:20,Bombus flavifrons,f,38.92276598,-105.021895,2782.410645,9128.644141
2021,GPS1,543,8/5/2021,8,5,13,a,Chamerion angustifolium,85,flow,11:20,Bombus melanopygus,m,38.92276598,-105.021895,2782.410645,9128.644141
2021,GPS1,543,8/5/2021,8,5,14,,Chamerion angustifolium,85,flow,11:22,Bombus centralis,f,38.92276598,-105.021895,2782.410645,9128.644141
2021,GPS1,543,8/5/2021,8,5,15,,Chamerion angustifolium,85,flow,11:23,Bombus centralis,f,38.92276598,-105.021895,2782.410645,9128.644141
2021,GPS1,543,8/5/2021,8,5,16,,Chamerion angustifolium,85,flow,11:31,Bombus centralis,f,38.92276598,-105.021895,2782.410645,9128.644141
2021,GPS1,543,8/5/2021,8,5,17,,Chamerion angustifolium,85,flow,11:37,Bombus centralis,f,38.92276598,-105.021895,2782.410645,9128.644141
2021,GPS1,543,8/5/2021,8,5,18,,Chamerion angustifolium,85,flow,11:40,Bombus flavifrons,f,38.92276598,-105.021895,2782.410645,9128.644141
2021,GPS1,543,8/5/2021,8,5,19,,Chamerion angustifolium,85,flow,11:48,Bombus flavifrons,f,38.92276598,-105.021895,2782.410645,9128.644141
2021,GPS1,543,8/5/2021,8,5,20,,Chamerion angustifolium,85,flow,11:50,Bombus centralis,f,38.92276598,-105.021895,2782.410645,9128.644141
2021,GPS1,543,8/5/2021,8,5,22,,Chamerion angustifolium,85,flow,11:58,Bombus flavifrons,f,38.92276598,-105.021895,2782.410645,9128.644141
2021,GPS1,543,8/5/2021,8,5,23,,Chamerion angustifolium,85,flow,12:01,Bombus centralis,m,38.92276598,-105.021895,2782.410645,9128.644141
2021,GPS1,546,8/5/2021,8,5,27,,Pedicularis groenlandica,1,clust,14:39,Bombus bifarius,f,38.86124901,-105.070123,3902.75708,12804.32154
2021,GPS1,546,8/5/2021,8,5,28,,Pedicularis groenlandica,6,clust,14:45,Bombus sylvicola,f,38.86124901,-105.070123,3902.75708,12804.32154
2021,GPS3,348,8/5/2021,8,5,1,,Chamerion angustifolium,85,flow,8:58,Bombus centralis,m,38.92824104,-105.047344,2776.700195,9109.909068
2021,GPS3,348,8/5/2021,8,5,2,,Chamerion angustifolium,85,flow,9:00,Bombus centralis,f,38.92824104,-105.047344,2776.700195,9109.909068
2021,GPS3,348,8/5/2021,8,5,3,,Chamerion angustifolium,85,flow,9:03,Bombus mixtus,f,38.92824104,-105.047344,2776.700195,9109.909068
2021,GPS3,348,8/5/2021,8,5,4,,Chamerion angustifolium,85,flow,9:10,Bombus bifarius,f,38.92824104,-105.047344,2776.700195,9109.909068
2021,GPS3,348,8/5/2021,8,5,5,,Chamerion angustifolium,85,flow,9:14,Bombus flavifrons,f,38.92824104,-105.047344,2776.700195,9109.909068
2021,GPS3,348,8/5/2021,8,5,6,,Chamerion angustifolium,85,flow,9:20,Bombus flavifrons,f,38.92824104,-105.047344,2776.700195,9109.909068
2021,GPS3,348,8/5/2021,8,5,7,,Chamerion angustifolium,85,flow,9:25,Bombus flavifrons,f,38.92824104,-105.047344,2776.700195,9109.909068
2021,GPS3,348,8/5/2021,8,5,9,,Chamerion angustifolium,85,flow,9:30,Bombus flavifrons,f,38.92824104,-105.047344,2776.700195,9109.909068
2021,GPS3,348,8/5/2021,8,5,10,,Chamerion angustifolium,85,flow,9:31,Bombus flavifrons,f,38.92824104,-105.047344,2776.700195,9109.909068
2021,GPS3,348,8/5/2021,8,5,11,,Chamerion angustifolium,85,flow,9:33,Bombus bifarius,f,38.92824104,-105.047344,2776.700195,9109.909068
2021,GPS3,348,8/5/2021,8,5,12,,Chamerion angustifolium,85,flow,9:35,Bombus flavifrons,f,38.92824104,-105.047344,2776.700195,9109.909068
2021,GPS3,348,8/5/2021,8,5,49,,Chamerion angustifolium,80,flow,9:50,Bombus centralis,f,38.92824104,-105.047344,2776.700195,9109.909068
2021,GPS3,348,8/5/2021,8,5,13,,Chamerion angustifolium,80,flow,9:50,Bombus flavifrons,f,38.92824104,-105.047344,2776.700195,9109.909068
2021,GPS3,348,8/5/2021,8,5,16,,Chamerion angustifolium,80,flow,10:00,Bombus melanopygus,m,38.92824104,-105.047344,2776.700195,9109.909068
2021,GPS3,348,8/5/2021,8,5,19,,Chamerion angustifolium,80,flow,10:20,Bombus bifarius,f,38.92824104,-105.047344,2776.700195,9109.909068
2021,GPS3,348,8/5/2021,8,5,21,,Chamerion angustifolium,80,flow,10:25,Bombus flavifrons,f,38.92824104,-105.047344,2776.700195,9109.909068
2021,GPS3,348,8/5/2021,8,5,22,,Chamerion angustifolium,80,flow,10:30,Bombus flavifrons,f,38.92824104,-105.047344,2776.700195,9109.909068
2021,GPS3,348,8/5/2021,8,5,23,,Chamerion angustifolium,80,flow,10:32,Bombus centralis,m,38.92824104,-105.047344,2776.700195,9109.909068
2021,GPS3,348,8/5/2021,8,5,24,,Chamerion angustifolium,80,flow,10:35,Bombus rufocinctus,f,38.92824104,-105.047344,2776.700195,9109.909068
2021,GPS3,348,8/5/2021,8,5,25,,Chamerion angustifolium,80,flow,10:38,Bombus centralis,m,38.92824104,-105.047344,2776.700195,9109.909068
2021,GPS3,348,8/5/2021,8,5,26,,Chamerion angustifolium,80,flow,10:40,Bombus centralis,m,38.92824104,-105.047344,2776.700195,9109.909068
2021,GPS3,348,8/5/2021,8,5,27,,Chamerion angustifolium,80,flow,10:42,Bombus centralis,m,38.92824104,-105.047344,2776.700195,9109.909068
2021,GPS3,348,8/5/2021,8,5,28,,Chamerion angustifolium,80,flow,10:45,Bombus bifarius,f,38.92824104,-105.047344,2776.700195,9109.909068
2021,GPS3,348,8/5/2021,8,5,29,,Chamerion angustifolium,80,flow,10:47,Bombus flavifrons,f,38.92824104,-105.047344,2776.700195,9109.909068
2021,GPS3,348,8/5/2021,8,5,30,,Chamerion angustifolium,80,flow,10:49,Bombus bifarius,f,38.92824104,-105.047344,2776.700195,9109.909068
2021,GPS3,348,8/5/2021,8,5,32,,Dieteria bigelovii,25,flow,10:55,Bombus rufocinctus,f,38.92824104,-105.047344,2776.700195,9109.909068
2021,GPS3,349,8/5/2021,8,5,33,,Geranium caespitosum,25,flow,11:17,Bombus centralis,f,38.92803501,-105.047851,2794.677734,9168.890497
2021,GPS3,349,8/5/2021,8,5,34,,Geranium caespitosum,25,flow,11:20,Bombus bifarius,f,38.92803501,-105.047851,2794.677734,9168.890497
2021,GPS3,349,8/5/2021,8,5,38,,Geranium caespitosum,25,flow,11:43,Bombus bifarius,m,38.92803501,-105.047851,2794.677734,9168.890497
2021,GPS3,349,8/5/2021,8,5,39,,Geranium caespitosum,25,flow,11:50,Bombus bifarius,f,38.92803501,-105.047851,2794.677734,9168.890497
2021,GPS3,349,8/5/2021,8,5,40,,Geranium caespitosum,25,flow,11:53,Bombus rufocinctus,f,38.92803501,-105.047851,2794.677734,9168.890497
2021,GPS3,350,8/5/2021,8,5,43,B,Colutea arborescens,5,flow,12:27,Bombus flavifrons,f,38.92826501,-105.047161,2777.116699,9111.275551
2021,GPS3,350,8/5/2021,8,5,43,A,Colutea arborescens,5,flow,12:27,Bombus flavifrons,f,38.92826501,-105.047161,2777.116699,9111.275551
2021,GPS3,350,8/5/2021,8,5,44,,Colutea arborescens,5,flow,12:29,Bombus flavifrons,f,38.92826501,-105.047161,2777.116699,9111.275551
2021,GPS3,350,8/5/2021,8,5,45,,Colutea arborescens,5,flow,12:31,Bombus centralis,m,38.92826501,-105.047161,2777.116699,9111.275551
2021,GPS3,350,8/5/2021,8,5,46,,Colutea arborescens,5,flow,12:37,Bombus centralis,f,38.92826501,-105.047161,2777.116699,9111.275551
2021,GPS3,351,8/5/2021,8,5,47,,Melilotus officinalis,40,clust,12:53,Bombus bifarius,f,38.92802001,-105.047978,2797.563232,9178.357354
2021,GPS3,351,8/5/2021,8,5,48,,Melilotus officinalis,40,clust,12:54,Bombus bifarius,f,38.92802001,-105.047978,2797.563232,9178.357354
2021,GPS2,346,8/5/2021,8,5,1,,Geranium caespitosum,25,flow,9:12,Bombus centralis,m,38.92479801,-105.022283,2772.409424,9095.831735
2021,GPS2,346,8/5/2021,8,5,2,,Geranium caespitosum,25,flow,9:14,Bombus flavifrons,m,38.92479801,-105.022283,2772.409424,9095.831735
2021,GPS2,346,8/5/2021,8,5,3,,Geranium caespitosum,25,flow,9:16,Bombus centralis,m,38.92479801,-105.022283,2772.409424,9095.831735
2021,GPS2,346,8/5/2021,8,5,4,,Geranium caespitosum,25,flow,9:19,Bombus centralis,m,38.92479801,-105.022283,2772.409424,9095.831735
2021,GPS2,346,8/5/2021,8,5,5,,Geranium caespitosum,25,flow,9:24,Bombus centralis,m,38.92479801,-105.022283,2772.409424,9095.831735
2021,GPS2,346,8/5/2021,8,5,6,,Geranium caespitosum,25,flow,9:26,Bombus centralis,f,38.92479801,-105.022283,2772.409424,9095.831735
2021,GPS2,346,8/5/2021,8,5,7,,Geranium caespitosum,25,flow,9:31,Bombus centralis,m,38.92479801,-105.022283,2772.409424,9095.831735
2021,GPS2,346,8/5/2021,8,5,8,,Geranium caespitosum,25,flow,9:40,Bombus centralis,m,38.92479801,-105.022283,2772.409424,9095.831735
2021,GPS2,346,8/5/2021,8,5,9,,Geranium caespitosum,25,flow,9:44,Bombus centralis,m,38.92479801,-105.022283,2772.409424,9095.831735
2021,GPS2,346,8/5/2021,8,5,10,,Potentilla fruticosa,35,flow,9:50,Bombus insularis,m,38.92479801,-105.022283,2772.409424,9095.831735
2021,GPS2,346,8/5/2021,8,5,13,,Geranium caespitosum,25,flow,10:03,Bombus centralis,f,38.92479801,-105.022283,2772.409424,9095.831735
2021,GPS2,346,8/5/2021,8,5,14,,Geranium caespitosum,25,flow,10:07,Bombus centralis,m,38.92479801,-105.022283,2772.409424,9095.831735
2021,GPS2,347,8/5/2021,8,5,15,,Frasera speciosa,20,flow,10:28,Bombus centralis,m,38.92401899,-105.022511,2790.648193,9155.670218
2021,GPS2,347,8/5/2021,8,5,16,,Frasera speciosa,20,flow,10:30,Bombus centralis,m,38.92401899,-105.022511,2790.648193,9155.670218
2021,GPS2,347,8/5/2021,8,5,18,,Frasera speciosa,20,flow,10:32,Bombus centralis,m,38.92401899,-105.022511,2790.648193,9155.670218
2021,GPS2,347,8/5/2021,8,5,19,,Frasera speciosa,20,flow,10:34,Bombus centralis,m,38.92401899,-105.022511,2790.648193,9155.670218
2021,GPS2,347,8/5/2021,8,5,20,,Frasera speciosa,20,flow,10:36,Bombus centralis,m,38.92401899,-105.022511,2790.648193,9155.670218
2021,GPS2,347,8/5/2021,8,5,22,,Frasera speciosa,20,flow,10:40,Bombus flavifrons,f,38.92401899,-105.022511,2790.648193,9155.670218
2021,GPS2,347,8/5/2021,8,5,24,,Frasera speciosa,20,flow,10:46,Bombus centralis,f,38.92401899,-105.022511,2790.648193,9155.670218
2021,GPS2,347,8/5/2021,8,5,25,,Frasera speciosa,20,flow,10:49,Bombus centralis,m,38.92401899,-105.022511,2790.648193,9155.670218
2021,GPS2,347,8/5/2021,8,5,26,,Frasera speciosa,20,flow,10:53,Bombus centralis,f,38.92401899,-105.022511,2790.648193,9155.670218
2021,GPS2,347,8/5/2021,8,5,28,,Frasera speciosa,20,flow,10:58,Bombus flavifrons,f,38.92401899,-105.022511,2790.648193,9155.670218
2021,GPS2,348,8/5/2021,8,5,30,,Chamerion angustifolium,80,flow,11:34,Bombus centralis,m,38.924193,-105.022209,2775.898926,9107.280232
2021,GPS2,348,8/5/2021,8,5,31,,Chamerion angustifolium,80,flow,11:35,Bombus centralis,m,38.924193,-105.022209,2775.898926,9107.280232
2021,GPS2,348,8/5/2021,8,5,32,,Chamerion angustifolium,80,flow,11:38,Bombus centralis,m,38.924193,-105.022209,2775.898926,9107.280232
2021,GPS2,348,8/5/2021,8,5,,,Geranium caespitosum,5,flow,11:38,Bombus centralis,,38.924193,-105.022209,2775.898926,9107.280232
2021,GPS2,348,8/5/2021,8,5,33,,Chamerion angustifolium,80,flow,11:39,Bombus centralis,m,38.924193,-105.022209,2775.898926,9107.280232
2021,GPS2,348,8/5/2021,8,5,34,,Chamerion angustifolium,80,flow,11:40,Bombus centralis,m,38.924193,-105.022209,2775.898926,9107.280232
2021,GPS2,348,8/5/2021,8,5,35,,Chamerion angustifolium,80,flow,11:43,Bombus centralis,f,38.924193,-105.022209,2775.898926,9107.280232
2021,GPS2,348,8/5/2021,8,5,36,,Chamerion angustifolium,80,flow,11:46,Bombus mixtus,f,38.924193,-105.022209,2775.898926,9107.280232
2021,GPS2,348,8/5/2021,8,5,37,,Chamerion angustifolium,80,flow,11:50,Bombus centralis,m,38.924193,-105.022209,2775.898926,9107.280232
2021,GPS2,348,8/5/2021,8,5,38,,Chamerion angustifolium,80,flow,11:52,Bombus centralis,m,38.924193,-105.022209,2775.898926,9107.280232
2021,GPS2,348,8/5/2021,8,5,40,,Chamerion angustifolium,80,flow,12:01,Bombus centralis,m,38.924193,-105.022209,2775.898926,9107.280232
2021,GPS2,348,8/5/2021,8,5,43,,Chamerion angustifolium,80,flow,12:15,Bombus flavifrons,,38.924193,-105.022209,2775.898926,9107.280232
2021,GPS2,349,8/5/2021,8,5,42,,Geranium richardsonii,5,flow,12:38,Bombus centralis,f,38.92417498,-105.022244,2781.34668,9125.153442
2021,GPS2,349,8/5/2021,8,5,,,Geranium caespitosum,2,flow,12:39,Bombus centralis,,38.92417498,-105.022244,2781.34668,9125.153442
2021,GPS2,350,8/5/2021,8,5,46,,Colutea arborescens,8,flow,12:57,Bombus flavifrons,f,38.92792102,-105.047926,2795.763916,9172.454086
2021,GPS2,350,8/5/2021,8,5,47,,Colutea arborescens,8,flow,12:58,Bombus flavifrons,f,38.92792102,-105.047926,2795.763916,9172.454086
2021,GPS2,350,8/5/2021,8,5,48,,Colutea arborescens,8,flow,12:59,Bombus flavifrons,f,38.92792102,-105.047926,2795.763916,9172.454086
2021,GPS2,350,8/5/2021,8,5,49,,Colutea arborescens,8,flow,13:00,Bombus centralis,f,38.92792102,-105.047926,2795.763916,9172.454086
2021,GPS2,351,8/5/2021,8,5,50,,Gentiana algida,2,flow,13:48,Bombus bifarius,f,38.86236498,-105.07006,3934.074463,12907.06886
2021,GPS2,352,8/5/2021,8,5,52,,Pedicularis parryi,1,clust,13:59,Bombus bifarius,f,38.86211503,-105.070565,3919.394043,12858.90475
2021,GPS2,355,8/5/2021,8,5,54,,Pedicularis parryi,1,clust,14:41,Bombus melanopygus,f,38.86127399,-105.069737,3906.104492,12815.30386
2021,GPS2,355,8/5/2021,8,5,55,,Rhodiola rhodantha,3,clust,14:43,Bombus sylvicola,f,38.86127399,-105.069737,3906.104492,12815.30386
2021,GPS2,356,8/5/2021,8,5,56,,Castilleja occidentalis,10,clust,14:49,Bombus balteatus,m,38.86186198,-105.069207,3914.555176,12843.0292
2021,GPS2,356,8/5/2021,8,5,57,,Castilleja occidentalis,10,clust,14:50,Bombus bifarius,f,38.86186198,-105.069207,3914.555176,12843.0292
2021,GPS1,550,8/6/2021,8,6,1,,Linaria vulgaris,50,flow,10:32,Bombus centralis,f,38.90113698,-104.991791,2619.931885,8595.577326
2021,GPS1,554,8/6/2021,8,6,2,,Aconitum columbianum,10,flow,10:41,Bombus bifarius,f,38.90314302,-104.992327,2627.115723,8619.146349
2021,GPS1,558,8/6/2021,8,6,4,,Potentilla fruticosa,65,flow,11:23,Bombus bifarius,f,38.90580503,-104.99393,2650.682861,8696.466358
2021,GPS1,560,8/6/2021,8,6,5,,Potentilla fruticosa,120,flow,12:25,Bombus bifarius,f,38.90567302,-104.994002,2654.165039,8707.890827
2021,GPS3,359,8/6/2021,8,6,1,,Allium cernuum,20,flow,9:40,Bombus centralis,f,38.85564999,-104.934355,2058.502197,6753.616348
2021,GPS3,360,8/6/2021,8,6,2,,Allium cernuum,50,flow,10:34,Bombus centralis,f,38.90116104,-104.991797,2615.196045,8580.039792
2021,GPS3,361,8/6/2021,8,6,3,,Potentilla fruticosa,30,flow,11:30,Bombus bifarius,f,38.90574804,-104.994157,2650.921143,8697.248123
2021,GPS3,361,8/6/2021,8,6,5,,Dieteria bigelovii,85,flow,12:20,Bombus bifarius,f,38.90574804,-104.994157,2650.921143,8697.248123
2021,GPS1,552,8/6/2021,8,6,,,Delphinium ramosum,5,flow,10:44,Bombus appositus,,38.90237398,-104.992464,2625.28418,8613.137349
2021,GPS2,363,8/6/2021,8,6,4A,,Potentilla fruticosa,47,flow,11:22,Bombus bifarius,f,38.90576304,-104.994021,2650.048584,8694.385396
2021,GPS2,363,8/6/2021,8,6,,,Cirsium arvense,12,flow,11:26,Bombus appositus,,38.90576304,-104.994021,2650.048584,8694.385396
2021,GPS2,363,8/6/2021,8,6,5,,Linaria vulgaris,3,clust,11:35,Bombus centralis,f,38.90576304,-104.994021,2650.048584,8694.385396
2021,GPS2,363,8/6/2021,8,6,6,,Linaria vulgaris,20,clust,11:40,Bombus appositus,,38.90576304,-104.994021,2650.048584,8694.385396
2021,GPS2,363,8/6/2021,8,6,,,Delphinium ramosum,50,flow,11:50,Bombus appositus,,38.90576304,-104.994021,2650.048584,8694.385396
2021,GPS2,363,8/6/2021,8,6,,,Linaria vulgaris,2,clust,12:21,Bombus appositus,,38.90576304,-104.994021,2650.048584,8694.385396
2021,GPS1,560,8/6/2021,8,6,7,,Potentilla fruticosa,50,flow,12:22,Bombus bifarius,f,38.90567302,-104.994002,2654.165039,8707.890827
2021,GPS1,560,8/6/2021,8,6,8,,Linaria vulgaris,3,clust,12:30,Bombus bifarius,f,38.90567302,-104.994002,2654.165039,8707.890827
2021,GPS1,560,8/6/2021,8,6,9,,Solidago missouriensis,12,clust,12:31,Bombus bifarius,f,38.90567302,-104.994002,2654.165039,8707.890827
2021,GPS2,358,8/6/2021,8,6,3,,Linaria vulgaris,27,clust,9:03,Bombus flavifrons,f,38.85523198,-104.937628,2165.458008,7104.521251
2021,GPS2,362,8/6/2021,8,6,6,,Anemone canadensis,1,flow,11:22,Bombus centralis,f,38.90577603,-104.993881,2650.309814,8695.24245
2021,GPS2,365,8/6/2021,8,6,11,,Linaria vulgaris,1,clust,12:30,Bombus bifarius,f,38.90569003,-104.993892,2654.078369,8707.606476
2021,GPS1,561,8/9/2021,8,9,2,,Chamerion angustifolium,24,flow,13:31,Bombus mixtus,m,38.89515599,-105.062072,3111.892578,10209.62165
2021,GPS1,561,8/9/2021,8,9,3,,Chamerion angustifolium,24,flow,13:32,Bombus mixtus,m,38.89515599,-105.062072,3111.892578,10209.62165
2021,GPS1,561,8/9/2021,8,9,5,,Chamerion angustifolium,24,flow,13:43,Bombus mixtus,m,38.89515599,-105.062072,3111.892578,10209.62165
2021,GPS1,561,8/9/2021,8,9,7,,Chamerion angustifolium,24,flow,13:57,Bombus centralis,m,38.89515599,-105.062072,3111.892578,10209.62165
2021,GPS1,561,8/9/2021,8,9,8,,Chamerion angustifolium,24,flow,14:02,Bombus melanopygus,m,38.89515599,-105.062072,3111.892578,10209.62165
2021,GPS1,561,8/9/2021,8,9,10,,Chamerion angustifolium,24,flow,14:22,Bombus mixtus,m,38.89515599,-105.062072,3111.892578,10209.62165
2021,GPS1,561,8/9/2021,8,9,13,,Chamerion angustifolium,23,flow,14:42,Bombus melanopygus,m,38.89515599,-105.062072,3111.892578,10209.62165
2021,GPS1,561,8/9/2021,8,9,14,,Chamerion angustifolium,23,flow,15:03,Bombus mixtus,f,38.89515599,-105.062072,3111.892578,10209.62165
2021,GPS1,561,8/9/2021,8,9,16,,Senecio atratus,425,flow,15:41,Bombus insularis,m,38.89515599,-105.062072,3111.892578,10209.62165
2021,GPS1,561,8/9/2021,8,9,17,,Senecio atratus,425,flow,15:52,Bombus mixtus,f,38.89515599,-105.062072,3111.892578,10209.62165
2021,GPS1,561,8/9/2021,8,9,20,,Senecio atratus,425,flow,16:09,Bombus mixtus,m,38.89515599,-105.062072,3111.892578,10209.62165
2021,GPS1,561,8/9/2021,8,9,21,,Senecio atratus,425,flow,16:12,Bombus huntii,m,38.89515599,-105.062072,3111.892578,10209.62165
2021,GPS3,365,8/9/2021,8,9,2B,,Chamerion angustifolium,24,flow,13:43,Bombus centralis,f,38.89353401,-105.065892,3350.305664,10991.81683
2021,GPS3,365,8/9/2021,8,9,2A,,Chamerion angustifolium,24,flow,13:43,Bombus flavifrons,f,38.89353401,-105.065892,3350.305664,10991.81683
2021,GPS3,365,8/9/2021,8,9,3B,,Chamerion angustifolium,24,flow,13:47,Bombus bifarius,f,38.89353401,-105.065892,3350.305664,10991.81683
2021,GPS3,365,8/9/2021,8,9,3A,,Chamerion angustifolium,24,flow,13:47,Bombus mixtus,f,38.89353401,-105.065892,3350.305664,10991.81683
2021,GPS3,365,8/9/2021,8,9,5,,Chamerion angustifolium,24,flow,13:52,Bombus mixtus,m,38.89353401,-105.065892,3350.305664,10991.81683
2021,GPS3,365,8/9/2021,8,9,6,A,Chamerion angustifolium,24,flow,13:55,Bombus melanopygus,f,38.89353401,-105.065892,3350.305664,10991.81683
2021,GPS3,365,8/9/2021,8,9,6,B,Chamerion angustifolium,24,flow,13:55,Bombus mixtus,f,38.89353401,-105.065892,3350.305664,10991.81683
2021,GPS3,365,8/9/2021,8,9,7,B,Chamerion angustifolium,24,flow,13:58,Bombus bifarius,m,38.89353401,-105.065892,3350.305664,10991.81683
2021,GPS3,365,8/9/2021,8,9,7,A,Chamerion angustifolium,24,flow,13:58,Bombus mixtus,f,38.89353401,-105.065892,3350.305664,10991.81683
2021,GPS3,365,8/9/2021,8,9,8B,,Chamerion angustifolium,24,flow,14:01,Bombus flavifrons,f,38.89353401,-105.065892,3350.305664,10991.81683
2021,GPS3,365,8/9/2021,8,9,8A,,Chamerion angustifolium,24,flow,14:01,Bombus mixtus,f,38.89353401,-105.065892,3350.305664,10991.81683
2021,GPS3,365,8/9/2021,8,9,9B,,Chamerion angustifolium,24,flow,14:05,Bombus mixtus,f,38.89353401,-105.065892,3350.305664,10991.81683
2021,GPS3,365,8/9/2021,8,9,10A,,Chamerion angustifolium,24,flow,14:15,Bombus bifarius,f,38.89353401,-105.065892,3350.305664,10991.81683
2021,GPS3,365,8/9/2021,8,9,11,,Chamerion angustifolium,24,flow,14:25,Bombus mixtus,m,38.89353401,-105.065892,3350.305664,10991.81683
2021,GPS3,365,8/9/2021,8,9,12,,Chamerion angustifolium,24,flow,14:33,Bombus melanopygus,m,38.89353401,-105.065892,3350.305664,10991.81683
2021,GPS3,366,8/9/2021,8,9,14,,Chamerion angustifolium,24,flow,14:55,Bombus mixtus,f,38.89266104,-105.066085,3154.868896,10350.62007
2021,GPS3,366,8/9/2021,8,9,15,,Chamerion angustifolium,24,flow,15:00,Bombus melanopygus,f,38.89266104,-105.066085,3154.868896,10350.62007
2021,GPS3,366,8/9/2021,8,9,16,,Chamerion angustifolium,24,flow,15:04,Bombus melanopygus,f,38.89266104,-105.066085,3154.868896,10350.62007
2021,GPS3,366,8/9/2021,8,9,18,,Chamerion angustifolium,24,flow,15:14,Bombus mixtus,f,38.89266104,-105.066085,3154.868896,10350.62007
2021,GPS3,366,8/9/2021,8,9,21,,Chamerion angustifolium,24,flow,15:31,Bombus mixtus,m,38.89266104,-105.066085,3154.868896,10350.62007
2021,GPS3,366,8/9/2021,8,9,22,,Chamerion angustifolium,24,flow,15:36,Bombus mixtus,f,38.89266104,-105.066085,3154.868896,10350.62007
2021,GPS3,366,8/9/2021,8,9,23,,Chamerion angustifolium,24,flow,15:37,Bombus mixtus,m,38.89266104,-105.066085,3154.868896,10350.62007
2021,GPS3,366,8/9/2021,8,9,25,,Chamerion angustifolium,24,flow,15:47,Bombus mixtus,m,38.89266104,-105.066085,3154.868896,10350.62007
2021,GPS3,366,8/9/2021,8,9,26,,Chamerion angustifolium,24,flow,15:51,Bombus flavifrons,f,38.89266104,-105.066085,3154.868896,10350.62007
2021,GPS2,367,8/9/2021,8,9,3,,Chamerion angustifolium,24,flow,13:53,Bombus mixtus,m,38.89265701,-105.066539,3135.234619,10286.20315
2021,GPS2,367,8/9/2021,8,9,4,,Chamerion angustifolium,24,flow,13:56,Bombus mixtus,f,38.89265701,-105.066539,3135.234619,10286.20315
2021,GPS2,367,8/9/2021,8,9,5,,Chamerion angustifolium,24,flow,13:58,Bombus bifarius,f,38.89265701,-105.066539,3135.234619,10286.20315
2021,GPS2,367,8/9/2021,8,9,6,,Chamerion angustifolium,24,flow,14:01,Bombus mixtus,f,38.89265701,-105.066539,3135.234619,10286.20315
2021,GPS2,367,8/9/2021,8,9,7,,Chamerion angustifolium,24,flow,14:07,Bombus mixtus,m,38.89265701,-105.066539,3135.234619,10286.20315
2021,GPS2,367,8/9/2021,8,9,9,A,Chamerion angustifolium,24,flow,14:21,Bombus mixtus,m,38.89265701,-105.066539,3135.234619,10286.20315
2021,GPS2,367,8/9/2021,8,9,9,B,Chamerion angustifolium,24,flow,14:22,Bombus mixtus,m,38.89265701,-105.066539,3135.234619,10286.20315
2021,GPS2,367,8/9/2021,8,9,10,A,Chamerion angustifolium,24,flow,14:23,Bombus mixtus,f,38.89265701,-105.066539,3135.234619,10286.20315
2021,GPS2,367,8/9/2021,8,9,10,B,Chamerion angustifolium,24,flow,14:24,Bombus mixtus,m,38.89265701,-105.066539,3135.234619,10286.20315
2021,GPS2,367,8/9/2021,8,9,11,,Chamerion angustifolium,24,flow,14:27,Bombus flavifrons,f,38.89265701,-105.066539,3135.234619,10286.20315
2021,GPS2,367,8/9/2021,8,9,13,,Chamerion angustifolium,24,flow,14:45,Bombus melanopygus,m,38.89265701,-105.066539,3135.234619,10286.20315
2021,GPS2,367,8/9/2021,8,9,15,,Chamerion angustifolium,24,flow,14:50,Bombus mixtus,m,38.89265701,-105.066539,3135.234619,10286.20315
2021,GPS2,367,8/9/2021,8,9,17,,Chamerion angustifolium,24,flow,15:04,Bombus mixtus,f,38.89265701,-105.066539,3135.234619,10286.20315
2021,GPS2,367,8/9/2021,8,9,18,,Chamerion angustifolium,24,flow,15:08,Bombus mixtus,f,38.89265701,-105.066539,3135.234619,10286.20315
2021,GPS2,367,8/9/2021,8,9,19,,Chamerion angustifolium,24,flow,15:23,Bombus mixtus,f,38.89265701,-105.066539,3135.234619,10286.20315
2021,GPS2,367,8/9/2021,8,9,24,,Chamerion angustifolium,24,flow,15:43,Bombus mixtus,f,38.89265701,-105.066539,3135.234619,10286.20315
2021,GPS2,368,8/9/2021,8,9,25,,Senecio atratus,70,clust,15:50,Bombus pensylvanicus,m,38.892856,-105.065912,3153.455811,10345.98396
2021,GPS2,368,8/9/2021,8,9,28,,Senecio atratus,70,clust,15:53,Bombus pensylvanicus,m,38.892856,-105.065912,3153.455811,10345.98396
2021,GPS2,368,8/9/2021,8,9,34,,Senecio atratus,70,clust,15:59,Bombus bifarius,m,38.892856,-105.065912,3153.455811,10345.98396
2021,GPS2,370,8/9/2021,8,9,36,,Melilotus officinalis,17,clust,16:10,Bombus bifarius,f,38.89372998,-105.067899,3174.899902,10416.33859
2021,GPS1,563,8/10/2021,8,10,1,,Chamerion angustifolium,85,flow,9:02,Bombus mixtus,f,38.89290201,-105.066126,3168.314209,10394.73199
2021,GPS1,563,8/10/2021,8,10,2,,Chamerion angustifolium,85,flow,9:03,Bombus mixtus,f,38.89290201,-105.066126,3168.314209,10394.73199
2021,GPS1,563,8/10/2021,8,10,6,,Chamerion angustifolium,85,flow,9:18,Bombus bifarius,f,38.89290201,-105.066126,3168.314209,10394.73199
2021,GPS1,563,8/10/2021,8,10,8,,Chamerion angustifolium,85,flow,9:27,Bombus centralis,f,38.89290201,-105.066126,3168.314209,10394.73199
2021,GPS1,564,8/10/2021,8,10,10,,Penstemon glaber,45,flow,10:19,Bombus bifarius,f,38.89125899,-105.067907,3221.1604,10568.11189
2021,GPS1,564,8/10/2021,8,10,12,,Penstemon glaber,45,flow,10:23,Bombus centralis,m,38.89125899,-105.067907,3221.1604,10568.11189
2021,GPS1,564,8/10/2021,8,10,13,,Penstemon glaber,45,flow,10:27,Bombus appositus,m,38.89125899,-105.067907,3221.1604,10568.11189
2021,GPS1,565,8/10/2021,8,10,15,,Delphinium ramosum,12,flow,11:46,Bombus flavifrons,f,38.90475604,-104.993182,2644.664307,8676.720445
2021,GPS1,565,8/10/2021,8,10,16,,Delphinium ramosum,12,flow,12:01,Bombus flavifrons,f,38.90475604,-104.993182,2644.664307,8676.720445
2021,GPS1,566,8/10/2021,8,10,18,,Erigeron speciosus,21,flow,13:05,Bombus rufocinctus,f,38.903398,-104.992184,2638.529297,8656.592459
2021,GPS1,566,8/10/2021,8,10,20,,Erigeron speciosus,15,flow,13:13,Bombus insularis,m,38.903398,-104.992184,2638.529297,8656.592459
2021,GPS3,366,8/10/2021,8,10,2,,Chamerion angustifolium,85,flow,9:02,Bombus mixtus,f,38.89266104,-105.066085,3154.868896,10350.62007
2021,GPS3,366,8/10/2021,8,10,9,,Chamerion angustifolium,85,flow,9:20,Bombus melanopygus,m,38.89266104,-105.066085,3154.868896,10350.62007
2021,GPS3,366,8/10/2021,8,10,10,,Chamerion angustifolium,85,flow,9:25,Bombus flavifrons,f,38.89266104,-105.066085,3154.868896,10350.62007
2021,GPS3,365,8/10/2021,8,10,13,,Penstemon glaber,50,flow,10:00,Bombus appositus,m,38.89353401,-105.065892,3350.305664,10991.81683
2021,GPS3,365,8/10/2021,8,10,14,,Penstemon glaber,50,flow,10:03,Bombus flavifrons,f,38.89353401,-105.065892,3350.305664,10991.81683
2021,GPS3,365,8/10/2021,8,10,18,,Penstemon glaber,50,flow,10:18,Bombus flavifrons,f,38.89353401,-105.065892,3350.305664,10991.81683
2021,GPS3,365,8/10/2021,8,10,19,,Penstemon glaber,50,flow,10:26,Bombus appositus,,38.89353401,-105.065892,3350.305664,10991.81683
2021,GPS3,367,8/10/2021,8,10,22,,Aconitum columbianum,60,flow,11:37,Bombus flavifrons,f,38.89271904,-105.06607,3155.22,10351.77198
2021,GPS3,367,8/10/2021,8,10,23,,Aconitum columbianum,60,flow,11:45,Bombus flavifrons,f,38.89271904,-105.06607,3155.22,10351.77198
2021,GPS3,367,8/10/2021,8,10,24,,Aconitum columbianum,60,flow,11:49,Bombus centralis,f,38.89271904,-105.06607,3155.22,10351.77198
2021,GPS3,367,8/10/2021,8,10,25,,Aconitum columbianum,60,flow,12:00,Bombus mixtus,f,38.89271904,-105.06607,3155.22,10351.77198
2021,GPS3,368,8/10/2021,8,10,26,,Allium cernuum,8,flow,12:47,Bombus centralis,f,38.89271904,-105.06607,3155.22,10351.77198
2021,GPS3,367,8/10/2021,8,10,27,A,Potentilla fruticosa,50,flow,12:54,Bombus bifarius,f,38.89271904,-105.06607,3155.22,10351.77198
2021,GPS3,367,8/10/2021,8,10,27,B,Potentilla fruticosa,50,flow,12:54,Bombus bifarius,f,38.89271904,-105.06607,3155.22,10351.77198
2021,GPS2,371,8/10/2021,8,10,1,,Chamerion angustifolium,120,flow,8:45,Bombus melanopygus,m,38.89265802,-105.066208,3207.251221,10522.4781
2021,GPS2,371,8/10/2021,8,10,2,,Chamerion angustifolium,120,flow,8:46,Bombus mixtus,f,38.89265802,-105.066208,3207.251221,10522.4781
2021,GPS2,371,8/10/2021,8,10,3,,Chamerion angustifolium,120,flow,8:47,Bombus mixtus,f,38.89265802,-105.066208,3207.251221,10522.4781
2021,GPS2,371,8/10/2021,8,10,4,,Chamerion angustifolium,120,flow,8:48,Bombus mixtus,f,38.89265802,-105.066208,3207.251221,10522.4781
2021,GPS2,371,8/10/2021,8,10,5,,Chamerion angustifolium,120,flow,8:55,Bombus melanopygus,m,38.89265802,-105.066208,3207.251221,10522.4781
2021,GPS2,371,8/10/2021,8,10,6,,Chamerion angustifolium,120,flow,8:57,Bombus flavifrons,f,38.89265802,-105.066208,3207.251221,10522.4781
2021,GPS2,371,8/10/2021,8,10,9,,Chamerion angustifolium,120,flow,9:03,Bombus melanopygus,m,38.89265802,-105.066208,3207.251221,10522.4781
2021,GPS2,371,8/10/2021,8,10,10,,Chamerion angustifolium,120,flow,9:05,Bombus bifarius,f,38.89265802,-105.066208,3207.251221,10522.4781
2021,GPS2,371,8/10/2021,8,10,11,,Chamerion angustifolium,120,flow,9:09,Bombus mixtus,m,38.89265802,-105.066208,3207.251221,10522.4781
2021,GPS2,371,8/10/2021,8,10,12,,Chamerion angustifolium,120,flow,9:11,Bombus mixtus,f,38.89265802,-105.066208,3207.251221,10522.4781
2021,GPS2,371,8/10/2021,8,10,13,,Chamerion angustifolium,120,flow,9:13,Bombus mixtus,m,38.89265802,-105.066208,3207.251221,10522.4781
2021,GPS2,371,8/10/2021,8,10,15,,Chamerion angustifolium,120,flow,9:35,Bombus melanopygus,m,38.89265802,-105.066208,3207.251221,10522.4781
2021,GPS2,371,8/10/2021,8,10,17,,Chamerion angustifolium,120,flow,9:50,Bombus mixtus,m,38.89265802,-105.066208,3207.251221,10522.4781
2021,GPS2,372,8/10/2021,8,10,18,,Penstemon glaber,45,flow,10:01,Bombus flavifrons,f,38.89357701,-105.065191,3147.269775,10325.68857
2021,GPS2,372,8/10/2021,8,10,21,,Penstemon glaber,45,flow,10:08,Bombus flavifrons,f,38.89357701,-105.065191,3147.269775,10325.68857
2021,GPS2,372,8/10/2021,8,10,22,,Penstemon glaber,45,flow,10:14,Bombus bifarius,f,38.89357701,-105.065191,3147.269775,10325.68857
2021,GPS2,372,8/10/2021,8,10,23,,Penstemon glaber,45,flow,10:18,Bombus bifarius,f,38.89357701,-105.065191,3147.269775,10325.68857
2021,GPS2,373,8/10/2021,8,10,28,,Phacelia hastata,4,clust,10:42,Bombus mixtus,m,38.89342002,-105.065348,3142.419678,10309.77618
2021,GPS2,373,8/10/2021,8,10,29,,Phacelia hastata,4,clust,10:43,Bombus centralis,f,38.89342002,-105.065348,3142.419678,10309.77618
2021,GPS2,374,8/10/2021,8,10,30,,Penstemon glaber,20,flow,10:51,Bombus centralis,f,38.89286203,-105.066252,3151.13501,10338.36979
2021,GPS2,378,8/10/2021,8,10,34,,Delphinium ramosum,97,flow,11:46,Bombus flavifrons,f,38.90274698,-104.992409,2634.472168,8643.281668
2021,GPS2,378,8/10/2021,8,10,35,,Delphinium ramosum,97,flow,11:50,Bombus appositus,f,38.90274698,-104.992409,2634.472168,8643.281668
2021,GPS2,378,8/10/2021,8,10,36,,Delphinium ramosum,97,flow,11:54,Bombus flavifrons,f,38.90274698,-104.992409,2634.472168,8643.281668
2021,GPS2,378,8/10/2021,8,10,37,,Delphinium ramosum,97,flow,12:05,Bombus flavifrons,f,38.90274698,-104.992409,2634.472168,8643.281668
2021,GPS2,378,8/10/2021,8,10,38,,Delphinium ramosum,97,flow,12:07,Bombus flavifrons,f,38.90274698,-104.992409,2634.472168,8643.281668
2021,GPS2,378,8/10/2021,8,10,39,,Delphinium ramosum,97,flow,12:11,Bombus flavifrons,f,38.90274698,-104.992409,2634.472168,8643.281668
2021,GPS2,378,8/10/2021,8,10,40,,Delphinium ramosum,97,flow,12:12,Bombus appositus,f,38.90274698,-104.992409,2634.472168,8643.281668
2021,GPS2,378,8/10/2021,8,10,41,,Delphinium ramosum,97,flow,12:25,Bombus flavifrons,f,38.90274698,-104.992409,2634.472168,8643.281668
2021,GPS2,378,8/10/2021,8,10,42,,Delphinium ramosum,97,flow,12:39,Bombus flavifrons,f,38.90274698,-104.992409,2634.472168,8643.281668
2021,GPS2,378,8/10/2021,8,10,43,,Delphinium ramosum,97,flow,13:04,Bombus appositus,f,38.90274698,-104.992409,2634.472168,8643.281668
2021,GPS1,568,8/11/2021,8,11,1,,Delphinium ramosum,97,flow,9:37,Bombus flavifrons,f,38.90277799,-104.992331,2629.987061,8628.566749
2021,GPS1,568,8/11/2021,8,11,2,,Delphinium ramosum,97,flow,9:43,Bombus flavifrons,f,38.90277799,-104.992331,2629.987061,8628.566749
2021,GPS1,568,8/11/2021,8,11,3,,Delphinium ramosum,97,flow,9:50,Bombus centralis,f,38.90277799,-104.992331,2629.987061,8628.566749
2021,GPS1,568,8/11/2021,8,11,4,,Delphinium ramosum,97,flow,10:18,Bombus flavifrons,f,38.90277799,-104.992331,2629.987061,8628.566749
2021,GPS1,568,8/11/2021,8,11,5,,Calochortus gunnisonii,1,flow,10:38,Bombus rufocinctus,f,38.90277799,-104.992331,2629.987061,8628.566749
2021,GPS1,568,8/11/2021,8,11,7,,Erigeron speciosus,26,flow,10:46,Bombus rufocinctus,f,38.90277799,-104.992331,2629.987061,8628.566749
2021,GPS1,569,8/11/2021,8,11,8,,Swertia perennis,45,flow,10:49,Bombus bifarius,f,38.90333698,-104.992322,2623.098633,8605.966919
2021,GPS1,570,8/11/2021,8,11,10,,Aconitum columbianum,75,flow,11:01,Bombus centralis,f,38.90309701,-104.992392,2638.68042,8657.088269
2021,GPS1,570,8/11/2021,8,11,11,,Aconitum columbianum,75,flow,11:21,Bombus centralis,f,38.90309701,-104.992392,2638.68042,8657.088269
2021,GPS1,570,8/11/2021,8,11,12,,Aconitum columbianum,75,flow,11:32,Bombus centralis,f,38.90309701,-104.992392,2638.68042,8657.088269
2021,GPS3,369,8/11/2021,8,11,26,A,Rhodiola rhodantha,25,clust,13:02,Bombus sylvicola,f,38.903311,-104.992134,2632.51,8636.844108
2021,GPS1,571,8/11/2021,8,11,16,,Rhodiola rhodantha,10,clust,12:39,Bombus balteatus,f,38.86195402,-105.069072,3923.478027,12872.30365
2021,GPS1,571,8/11/2021,8,11,17,,Rhodiola rhodantha,4,clust,12:44,Bombus balteatus,f,38.86195402,-105.069072,3923.478027,12872.30365
2021,GPS1,571,8/11/2021,8,11,20,,Rhodiola rhodantha,3,clust,12:56,Bombus balteatus,f,38.86195402,-105.069072,3923.478027,12872.30365
2021,GPS1,571,8/11/2021,8,11,22,,Castilleja occidentalis,9,clust,13:05,Bombus flavifrons,f,38.86195402,-105.069072,3923.478027,12872.30365
2021,GPS1,571,8/11/2021,8,11,24,,Rhodiola rhodantha,2,clust,13:18,Bombus balteatus,m,38.86195402,-105.069072,3923.478027,12872.30365
2021,GPS1,571,8/11/2021,8,11,25,,Rhodiola rhodantha,17,clust,13:22,Bombus balteatus,f,38.86195402,-105.069072,3923.478027,12872.30365
2021,GPS1,571,8/11/2021,8,11,26,,Rhodiola rhodantha,12,clust,13:27,Bombus melanopygus,,38.86195402,-105.069072,3923.478027,12872.30365
2021,GPS3,367,8/11/2021,8,11,1,,Aconitum columbianum,63,flow,9:15,Bombus bifarius,f,38.89271904,-105.06607,3155.22,10351.77198
2021,GPS3,367,8/11/2021,8,11,2,,Aconitum columbianum,63,flow,9:22,Bombus centralis,f,38.89271904,-105.06607,3155.22,10351.77198
2021,GPS3,369,8/11/2021,8,11,19,,Pedicularis groenlandica,30,clust,12:47,Bombus bifarius,f,38.903311,-104.992134,2632.51,8636.844108
2021,GPS3,369,8/11/2021,8,11,20,A,Rhodiola rhodantha,25,clust,12:50,Bombus balteatus,f,38.903311,-104.992134,2632.51,8636.844108
2021,GPS3,369,8/11/2021,8,11,20,B,Rhodiola rhodantha,25,clust,12:50,Bombus bifarius,f,38.903311,-104.992134,2632.51,8636.844108
2021,GPS3,369,8/11/2021,8,11,22,,Rhodiola rhodantha,25,clust,12:55,Bombus bifarius,f,38.903311,-104.992134,2632.51,8636.844108
2021,GPS3,369,8/11/2021,8,11,23,,Rhodiola rhodantha,25,clust,12:57,Bombus balteatus,f,38.903311,-104.992134,2632.51,8636.844108
2021,GPS3,369,8/11/2021,8,11,24,,Rhodiola rhodantha,25,clust,12:58,Bombus sylvicola,f,38.903311,-104.992134,2632.51,8636.844108
2021,GPS3,369,8/11/2021,8,11,25,B,Rhodiola rhodantha,25,clust,13:00,Bombus balteatus,m,38.903311,-104.992134,2632.51,8636.844108
2021,GPS3,369,8/11/2021,8,11,25,A,Rhodiola rhodantha,25,clust,13:00,Bombus bifarius,f,38.903311,-104.992134,2632.51,8636.844108
2021,GPS3,369,8/11/2021,8,11,26,B,Rhodiola rhodantha,25,clust,13:02,Bombus balteatus,f,38.903311,-104.992134,2632.51,8636.844108
2021,GPS3,369,8/11/2021,8,11,28,,Rhodiola rhodantha,25,clust,13:09,Bombus sylvicola,f,38.903311,-104.992134,2632.51,8636.844108
2021,GPS1,571,8/11/2021,8,11,13,,Rhodiola rhodantha,8,clust,12:33,Bombus sylvicola,f,38.86195402,-105.069072,3923.478027,12872.30365
2021,GPS3,369,8/11/2021,8,11,29,,Castilleja occidentalis,100,flow,13:10,Bombus balteatus,f,38.903311,-104.992134,2632.51,8636.844108
2021,GPS3,369,8/11/2021,8,11,30,,Castilleja occidentalis,100,flow,13:15,Bombus balteatus,f,38.903311,-104.992134,2632.51,8636.844108
2021,GPS3,369,8/11/2021,8,11,32,,Castilleja occidentalis,100,flow,13:22,Bombus bifarius,f,38.903311,-104.992134,2632.51,8636.844108
2021,GPS2,379,8/11/2021,8,11,1,,Delphinium ramosum,97,flow,9:03,Bombus flavifrons,f,38.90197702,-104.992462,2624.518799,8610.626257
2021,GPS2,379,8/11/2021,8,11,2,,Delphinium ramosum,97,flow,9:10,Bombus flavifrons,f,38.90197702,-104.992462,2624.518799,8610.626257
2021,GPS2,379,8/11/2021,8,11,3,,Delphinium ramosum,97,flow,9:16,Bombus flavifrons,f,38.90197702,-104.992462,2624.518799,8610.626257
2021,GPS2,379,8/11/2021,8,11,4,,Linaria vulgaris,20,clust,9:17,Bombus bifarius,f,38.90197702,-104.992462,2624.518799,8610.626257
2021,GPS2,379,8/11/2021,8,11,5,,Delphinium ramosum,97,flow,9:31,Bombus flavifrons,f,38.90197702,-104.992462,2624.518799,8610.626257
2021,GPS2,379,8/11/2021,8,11,6,,Delphinium ramosum,97,flow,9:39,Bombus flavifrons,f,38.90197702,-104.992462,2624.518799,8610.626257
2021,GPS2,379,8/11/2021,8,11,7,,Geranium richardsonii,6,flow,9:46,Bombus centralis,f,38.90197702,-104.992462,2624.518799,8610.626257
2021,GPS2,379,8/11/2021,8,11,8,,Delphinium ramosum,97,flow,9:48,Bombus appositus,f,38.90197702,-104.992462,2624.518799,8610.626257
2021,GPS2,380,8/11/2021,8,11,10,,Swertia perennis,10,flow,10:47,Bombus bifarius,f,38.90300204,-104.992225,2640.410645,8662.764861
2021,GPS2,380,8/11/2021,8,11,11,,Swertia perennis,15,flow,10:49,Bombus centralis,f,38.90300204,-104.992225,2640.410645,8662.764861
2021,GPS2,381,8/11/2021,8,11,14,,Rhodiola rhodantha,15,clust,12:36,Bombus balteatus,m,38.86216298,-105.068828,3924.519531,12875.72066
2021,GPS2,381,8/11/2021,8,11,16,,Rhodiola rhodantha,20,clust,12:40,Bombus bifarius,f,38.86216298,-105.068828,3924.519531,12875.72066
2021,GPS2,381,8/11/2021,8,11,17,,Rhodiola rhodantha,20,clust,12:41,Bombus centralis,m,38.86216298,-105.068828,3924.519531,12875.72066
2021,GPS2,382,8/11/2021,8,11,18,,Castilleja occidentalis,33,clust,12:45,Bombus flavifrons,f,38.86222299,-105.068721,3922.865967,12870.29558
2021,GPS2,383,8/11/2021,8,11,19,,Castilleja occidentalis,25,clust,12:51,Bombus bifarius,f,38.86205602,-105.068395,3928.266602,12888.0142
2021,GPS2,383,8/11/2021,8,11,20,,Castilleja occidentalis,25,clust,12:53,Bombus balteatus,f,38.86205602,-105.068395,3928.266602,12888.0142
2021,GPS2,384,8/11/2021,8,11,21,,Mertensia alpina,35,flow,12:59,Bombus balteatus,f,38.86232601,-105.06871,3924.955322,12877.15042
2021,GPS2,384,8/11/2021,8,11,,,Rhodiola rhodantha,10,clust,13:00,Bombus balteatus,,38.86232601,-105.06871,3924.955322,12877.15042
2021,GPS2,384,8/11/2021,8,11,22,,Rhodiola rhodantha,12,clust,13:07,Bombus sylvicola,f,38.86232601,-105.06871,3924.955322,12877.15042
2021,GPS2,384,8/11/2021,8,11,23,,Pedicularis groenlandica,5,clust,13:08,Bombus sylvicola,f,38.86232601,-105.06871,3924.955322,12877.15042
2021,GPS2,384,8/11/2021,8,11,24,,Pedicularis groenlandica,3,clust,13:10,Bombus sylvicola,f,38.86232601,-105.06871,3924.955322,12877.15042
2021,GPS2,384,8/11/2021,8,11,27,A,Rhodiola rhodantha,19,clust,13:22,Bombus balteatus,f,38.86232601,-105.06871,3924.955322,12877.15042
2021,GPS2,384,8/11/2021,8,11,27,B,Rhodiola rhodantha,19,clust,13:23,Bombus centralis,m,38.86232601,-105.06871,3924.955322,12877.15042
2021,GPS2,385,8/11/2021,8,11,28,,Castilleja occidentalis,5,clust,13:27,Bombus bifarius,f,38.86237596,-105.068299,3930.254883,12894.53743
2021,GPS1,574,8/12/2021,8,12,1,,Swertia perennis,5,flow,8:41,Bombus balteatus,f,38.87633602,-105.06462,3592.424805,11786.171
2021,GPS1,575,8/12/2021,8,12,2,,Campanula rotundifolia,150,flow,8:46,Bombus mixtus,f,38.87605397,-105.064455,3590.126953,11778.63211
2021,GPS1,587,8/12/2021,8,12,10,,Erigeron elatior,300,flow,10:20,Bombus sylvicola,f,38.86115799,-105.054261,3394.303711,11136.16739
2021,GPS1,588,8/12/2021,8,12,11,,Aquilegia coerulea,1,flow,10:30,Bombus melanopygus,m,38.86043899,-105.054398,3410.806641,11190.31086
2021,GPS1,592,8/12/2021,8,12,16,,Telesonix jamesii,12,flow,11:39,Bombus flavifrons,f,38.85944104,-105.05448,3432.244629,11260.64547
2021,GPS1,592,8/12/2021,8,12,17,,Telesonix jamesii,12,flow,11:40,Bombus melanopygus,m,38.85944104,-105.05448,3432.244629,11260.64547
2021,GPS1,594,8/12/2021,8,12,19,,Solidago multiradiata var. scopulorum,5,clust,12:02,Bombus sylvicola,f,38.85924197,-105.054323,3437.572266,11278.12459
2021,GPS1,596,8/12/2021,8,12,20,,Packera fendleri,8,flow,12:28,Bombus melanopygus,m,38.86548699,-105.05326,3397.812988,11147.68076
2021,GPS1,574,8/12/2021,8,12,1,,Cirsium scariosum/scopulorum,1,clust,8:45,Bombus centralis,f,38.87633602,-105.06462,3592.424805,11786.171
2021,GPS1,589,8/12/2021,8,12,10,,Chamerion angustifolium,75,flow,10:30,Bombus flavifrons,f,38.86138396,-105.054306,3379.450439,11087.43618
2021,GPS1,589,8/12/2021,8,12,14,,Chamerion angustifolium,75,flow,10:40,Bombus centralis,m,38.86138396,-105.054306,3379.450439,11087.43618
2021,GPS1,589,8/12/2021,8,12,16,,Chamerion angustifolium,75,flow,10:44,Bombus mixtus,m,38.86138396,-105.054306,3379.450439,11087.43618
2021,GPS1,589,8/12/2021,8,12,20,,Chamerion angustifolium,75,flow,10:58,Bombus centralis,m,38.86138396,-105.054306,3379.450439,11087.43618
2021,GPS1,589,8/12/2021,8,12,24,,Chamerion angustifolium,75,flow,11:07,Bombus flavifrons,f,38.86138396,-105.054306,3379.450439,11087.43618
2021,GPS1,589,8/12/2021,8,12,26,,Chamerion angustifolium,75,flow,11:11,Bombus centralis,f,38.86138396,-105.054306,3379.450439,11087.43618
2021,GPS2,388,8/12/2021,8,12,2,,Cirsium scariosum/scopulorum,1,clust,8:40,Bombus flavifrons,f,38.87636703,-105.064871,3593.925293,11791.09386
2021,GPS2,388,8/12/2021,8,12,4,,Cirsium scariosum/scopulorum,1,clust,8:41,Bombus sylvicola,f,38.87636703,-105.064871,3593.925293,11791.09386
2021,GPS2,388,8/12/2021,8,12,5,,Cirsium scariosum/scopulorum,1,clust,8:44,Bombus flavifrons,f,38.87636703,-105.064871,3593.925293,11791.09386
2021,GPS2,388,8/12/2021,8,12,7,,Cirsium scariosum/scopulorum,1,clust,8:46,Bombus flavifrons,f,38.87636703,-105.064871,3593.925293,11791.09386
2021,GPS2,388,8/12/2021,8,12,8,,Cirsium scariosum/scopulorum,1,clust,8:47,Bombus flavifrons,f,38.87636703,-105.064871,3593.925293,11791.09386
2021,GPS2,388,8/12/2021,8,12,9,,Cirsium scariosum/scopulorum,1,clust,8:48,Bombus flavifrons,f,38.87636703,-105.064871,3593.925293,11791.09386
2021,GPS2,389,8/12/2021,8,12,10,,Cirsium scariosum/scopulorum,1,clust,8:51,Bombus flavifrons,f,38.87639,-105.06475,3591.500732,11783.13926
2021,GPS2,390,8/12/2021,8,12,12,,Cirsium scariosum/scopulorum,1,clust,8:57,Bombus pensylvanicus,m,38.87634398,-105.064516,3589.073975,11775.17746
2021,GPS2,390,8/12/2021,8,12,13,,Cirsium scariosum/scopulorum,1,clust,8:58,Bombus flavifrons,f,38.87634398,-105.064516,3589.073975,11775.17746
2021,GPS2,393,8/12/2021,8,12,16,,Mertensia ciliata,33,flow,9:52,Bombus mixtus,f,38.86367097,-105.053487,3385.106445,11105.99263
2021,GPS2,399,8/12/2021,8,12,23,,Erigeron elatior,500,flow,10:26,Bombus mixtus,f,38.86066496,-105.054493,3414.441895,11202.23755
2021,GPS2,399,8/12/2021,8,12,26,A,Erigeron elatior,500,flow,10:31,Bombus bifarius,f,38.86066496,-105.054493,3414.441895,11202.23755
2021,GPS2,399,8/12/2021,8,12,26,B,Erigeron elatior,500,flow,10:32,Bombus sylvicola,f,38.86066496,-105.054493,3414.441895,11202.23755
2021,GPS2,399,8/12/2021,8,12,37,,Erigeron elatior,500,flow,10:35,Bombus mixtus,m,38.86066496,-105.054493,3414.441895,11202.23755
2021,GPS2,399,8/12/2021,8,12,27,A,Erigeron elatior,500,flow,10:43,Bombus bifarius,f,38.86066496,-105.054493,3414.441895,11202.23755
2021,GPS2,399,8/12/2021,8,12,27,C,Erigeron elatior,500,flow,10:45,Bombus sylvicola,m,38.86066496,-105.054493,3414.441895,11202.23755
2021,GPS2,400,8/12/2021,8,12,28,,Telesonix jamesii,13,clust,11:17,Bombus centralis,m,38.85944699,-105.055079,3440.50293,11287.73963
2021,GPS2,401,8/12/2021,8,12,29,,Rhodiola rhodantha,10,clust,11:24,Bombus mixtus,f,38.859881,-105.055113,3418.722656,11216.28204
2021,GPS2,401,8/12/2021,8,12,30,,Rhodiola rhodantha,10,clust,11:26,Bombus mixtus,f,38.859881,-105.055113,3418.722656,11216.28204
2021,GPS2,401,8/12/2021,8,12,32,,Mertensia ciliata,40,flow,11:28,Bombus flavifrons,f,38.859881,-105.055113,3418.722656,11216.28204
2021,GPS2,402,8/12/2021,8,12,33,,Castilleja occidentalis,5,clust,11:43,Bombus flavifrons,f,38.85912797,-105.054327,3433.487061,11264.72169
2021,GPS2,402,8/12/2021,8,12,34,,Castilleja occidentalis,19,clust,12:01,Bombus flavifrons,f,38.85912797,-105.054327,3433.487061,11264.72169
2021,GPS3,398,8/13/2021,8,13,10,,Nepeta cataria,15,flow,10:55,Bombus centralis,f,38.88404796,-104.950695,2156.459473,7074.998497
2021,GPS3,395,8/13/2021,8,13,6,,Hackelia floribunda,10,flow,10:15,Bombus centralis,f,38.86928701,-104.923798,2015.068848,6611.118479
2021,GPS3,394,8/13/2021,8,13,7,,Centaurea diffusa,15,flow,10:21,Bombus bifarius,f,38.86812704,-104.92285,2003.491577,6573.135305
2021,GPS3,399,8/13/2021,8,13,8,,Delphinium carolinianum,150,flow,10:49,Bombus flavifrons,f,38.88453302,-104.951211,2166.37207,7107.520142
2021,GPS1,598,8/16/2021,8,16,1,,Geranium caespitosum,47,flow,9:23,Bombus centralis,m,38.92323998,-105.025602,3940.662109,12928.68187
2021,GPS1,598,8/16/2021,8,16,2,,Geranium caespitosum,47,flow,9:26,Bombus centralis,m,38.92323998,-105.025602,3940.662109,12928.68187
2021,GPS1,598,8/16/2021,8,16,3,,Geranium caespitosum,47,flow,9:31,Bombus centralis,m,38.92323998,-105.025602,3940.662109,12928.68187
2021,GPS1,598,8/16/2021,8,16,4,,Geranium caespitosum,47,flow,9:50,Bombus centralis,m,38.92323998,-105.025602,3940.662109,12928.68187
2021,GPS1,598,8/16/2021,8,16,5,,Geranium caespitosum,47,flow,9:58,Bombus centralis,m,38.92323998,-105.025602,3940.662109,12928.68187
2021,GPS1,599,8/16/2021,8,16,6,,Penstemon glaber,50,flow,10:48,Bombus flavifrons,f,38.87329498,-105.075481,3522.760986,11557.61515
2021,GPS1,599,8/16/2021,8,16,7,,Penstemon glaber,50,flow,10:55,Bombus flavifrons,f,38.87329498,-105.075481,3522.760986,11557.61515
2021,GPS1,599,8/16/2021,8,16,8,,Penstemon glaber,50,flow,10:56,Bombus flavifrons,f,38.87329498,-105.075481,3522.760986,11557.61515
2021,GPS1,599,8/16/2021,8,16,9,,Penstemon glaber,50,flow,11:00,Bombus sylvicola,f,38.87329498,-105.075481,3522.760986,11557.61515
2021,GPS1,599,8/16/2021,8,16,12,,Penstemon glaber,50,flow,11:15,Bombus flavifrons,f,38.87329498,-105.075481,3522.760986,11557.61515
2021,GPS1,599,8/16/2021,8,16,13,,Penstemon glaber,50,flow,11:23,Bombus flavifrons,f,38.87329498,-105.075481,3522.760986,11557.61515
2021,GPS1,599,8/16/2021,8,16,14,,Penstemon glaber,50,flow,11:26,Bombus sylvicola,f,38.87329498,-105.075481,3522.760986,11557.61515
2021,GPS1,600,8/16/2021,8,16,16,,Rhodiola rhodantha,8,clust,12:42,Bombus mixtus,f,38.86220103,-105.068731,3924.74585,12876.46317
2021,GPS1,600,8/16/2021,8,16,17,,Rhodiola rhodantha,8,clust,12:44,Bombus sylvicola,f,38.86220103,-105.068731,3924.74585,12876.46317
2021,GPS1,600,8/16/2021,8,16,18,,Gentiana algida,3,flow,12:45,Bombus bifarius,f,38.86220103,-105.068731,3924.74585,12876.46317
2021,GPS1,600,8/16/2021,8,16,20,,Pedicularis groenlandica,2,clust,12:54,Bombus bifarius,f,38.86220103,-105.068731,3924.74585,12876.46317
2021,GPS3,403,8/16/2021,8,16,1,,Geranium caespitosum,50,flow,8:59,Bombus centralis,m,38.92542204,-105.021745,2772.597412,9096.448493
2021,GPS3,403,8/16/2021,8,16,2,,Geranium caespitosum,50,flow,9:15,Bombus centralis,m,38.92542204,-105.021745,2772.597412,9096.448493
2021,GPS3,403,8/16/2021,8,16,5,,Geranium caespitosum,50,flow,10:05,Bombus centralis,m,38.92542204,-105.021745,2772.597412,9096.448493
2021,GPS3,403,8/16/2021,8,16,6,,Geranium caespitosum,50,flow,10:50,Bombus flavifrons,f,38.92542204,-105.021745,2772.597412,9096.448493
2021,GPS3,403,8/16/2021,8,16,7,,Geranium caespitosum,50,flow,10:54,Bombus appositus,m,38.92542204,-105.021745,2772.597412,9096.448493
2021,GPS3,403,8/16/2021,8,16,11,,Geranium caespitosum,50,flow,11:20,Bombus flavifrons,f,38.92542204,-105.021745,2772.597412,9096.448493
2021,GPS3,403,8/16/2021,8,16,12,,Geranium caespitosum,50,flow,11:25,Bombus flavifrons,f,38.92542204,-105.021745,2772.597412,9096.448493
2021,GPS3,403,8/16/2021,8,16,13,,Geranium caespitosum,50,flow,11:30,Bombus appositus,m,38.92542204,-105.021745,2772.597412,9096.448493
2021,GPS1,600,8/16/2021,8,16,14,,Rhodiola rhodantha,40,flow,12:44,Bombus sylvicola,f,38.86220103,-105.068731,3924.74585,12876.46317
2021,GPS1,600,8/16/2021,8,16,15,,Rhodiola rhodantha,40,flow,12:48,Bombus melanopygus,m,38.86220103,-105.068731,3924.74585,12876.46317
2021,GPS1,600,8/16/2021,8,16,17,,Rhodiola rhodantha,40,flow,12:51,Bombus balteatus,f,38.86220103,-105.068731,3924.74585,12876.46317
2021,GPS1,601,8/18/2021,8,18,1,,Geranium caespitosum,50,flow,8:35,Bombus centralis,m,38.92542003,-105.021757,2795.584961,9171.866963
2021,GPS1,601,8/18/2021,8,18,2,,Geranium caespitosum,50,flow,8:45,Bombus centralis,m,38.92542003,-105.021757,2795.584961,9171.866963
2021,GPS1,601,8/18/2021,8,18,3,,Geranium caespitosum,50,flow,8:46,Bombus centralis,m,38.92542003,-105.021757,2795.584961,9171.866963
2021,GPS1,601,8/18/2021,8,18,4,,Geranium caespitosum,50,flow,8:49,Bombus centralis,m,38.92542003,-105.021757,2795.584961,9171.866963
2021,GPS1,601,8/18/2021,8,18,7,,Geranium caespitosum,50,flow,9:22,Bombus centralis,m,38.92542003,-105.021757,2795.584961,9171.866963
2021,GPS1,601,8/18/2021,8,18,8,,Geranium caespitosum,50,flow,9:34,Bombus centralis,m,38.92542003,-105.021757,2795.584961,9171.866963
2021,GPS1,601,8/18/2021,8,18,9,,Geranium caespitosum,50,flow,9:46,Bombus centralis,m,38.92542003,-105.021757,2795.584961,9171.866963
2021,GPS1,601,8/18/2021,8,18,10,,Geranium caespitosum,50,flow,9:48,Bombus flavifrons,f,38.92542003,-105.021757,2795.584961,9171.866963
2021,GPS1,601,8/18/2021,8,18,11,,Geranium caespitosum,50,flow,9:49,Bombus centralis,m,38.92542003,-105.021757,2795.584961,9171.866963
2021,GPS1,601,8/18/2021,8,18,12,,Geranium caespitosum,50,flow,10:08,Bombus centralis,m,38.92542003,-105.021757,2795.584961,9171.866963
2021,GPS1,601,8/18/2021,8,18,14,,Geranium caespitosum,50,flow,10:14,Bombus centralis,m,38.92542003,-105.021757,2795.584961,9171.866963
2021,GPS1,601,8/18/2021,8,18,15,,Geranium caespitosum,50,flow,10:19,Bombus centralis,m,38.92542003,-105.021757,2795.584961,9171.866963
2021,GPS1,601,8/18/2021,8,18,17,,Geranium caespitosum,50,flow,10:26,Bombus centralis,m,38.92542003,-105.021757,2795.584961,9171.866963
2021,GPS1,601,8/18/2021,8,18,18,,Geranium caespitosum,50,flow,10:27,Bombus centralis,m,38.92542003,-105.021757,2795.584961,9171.866963
2021,GPS1,601,8/18/2021,8,18,19,,Geranium caespitosum,50,flow,10:31,Bombus mixtus,m,38.92542003,-105.021757,2795.584961,9171.866963
2021,GPS1,601,8/18/2021,8,18,20,,Geranium caespitosum,50,flow,10:35,Bombus centralis,m,38.92542003,-105.021757,2795.584961,9171.866963
2021,GPS1,601,8/18/2021,8,18,21,,Geranium caespitosum,50,flow,10:37,Bombus centralis,m,38.92542003,-105.021757,2795.584961,9171.866963
2021,GPS1,601,8/18/2021,8,18,24,,Geranium caespitosum,50,flow,11:02,Bombus centralis,m,38.92542003,-105.021757,2795.584961,9171.866963
2021,GPS3,417,8/18/2021,8,18,1,,Geranium caespitosum,50,flow,8:34,Bombus centralis,f,38.924941,-105.022084,2776.369385,9108.823733
2021,GPS3,417,8/18/2021,8,18,3,,Geranium caespitosum,50,flow,8:44,Bombus centralis,f,38.924941,-105.022084,2776.369385,9108.823733
2021,GPS3,417,8/18/2021,8,18,5,,Geranium caespitosum,50,flow,9:24,Bombus centralis,m,38.924941,-105.022084,2776.369385,9108.823733
2021,GPS3,417,8/18/2021,8,18,6,,Geranium caespitosum,50,flow,9:40,Bombus centralis,m,38.924941,-105.022084,2776.369385,9108.823733
2021,GPS3,417,8/18/2021,8,18,7,,Geranium caespitosum,50,flow,10:06,Bombus centralis,m,38.924941,-105.022084,2776.369385,9108.823733
2021,GPS3,417,8/18/2021,8,18,8,,Geranium caespitosum,50,flow,10:12,Bombus centralis,m,38.924941,-105.022084,2776.369385,9108.823733
2021,GPS3,417,8/18/2021,8,18,10,,Geranium caespitosum,50,flow,10:23,Bombus centralis,m,38.924941,-105.022084,2776.369385,9108.823733
2021,GPS3,417,8/18/2021,8,18,11,,Geranium caespitosum,50,flow,10:25,Bombus mixtus,f,38.924941,-105.022084,2776.369385,9108.823733
2021,GPS3,417,8/18/2021,8,18,12,,Geranium caespitosum,50,flow,10:26,Bombus centralis,m,38.924941,-105.022084,2776.369385,9108.823733
2021,GPS3,417,8/18/2021,8,18,14,,Geranium caespitosum,50,flow,10:30,Bombus centralis,m,38.924941,-105.022084,2776.369385,9108.823733
2021,GPS1,603,8/19/2021,8,19,1,,Geranium caespitosum,50,flow,8:52,Bombus centralis,m,38.92497797,-105.021831,2817.997803,9245.399912
2021,GPS1,603,8/19/2021,8,19,2,,Geranium caespitosum,50,flow,8:53,Bombus flavifrons,f,38.92497797,-105.021831,2817.997803,9245.399912
2021,GPS1,603,8/19/2021,8,19,4,,Geranium caespitosum,50,flow,9:10,Bombus centralis,m,38.92497797,-105.021831,2817.997803,9245.399912
2021,GPS1,603,8/19/2021,8,19,6,,Geranium caespitosum,50,flow,9:43,Bombus centralis,m,38.92497797,-105.021831,2817.997803,9245.399912
2021,GPS1,603,8/19/2021,8,19,7,,Geranium caespitosum,50,flow,9:51,Bombus centralis,f,38.92497797,-105.021831,2817.997803,9245.399912
2021,GPS1,603,8/19/2021,8,19,8,,Geranium caespitosum,50,flow,10:05,Bombus centralis,m,38.92497797,-105.021831,2817.997803,9245.399912
2021,GPS1,603,8/19/2021,8,19,9,,Geranium caespitosum,50,flow,10:14,Bombus centralis,m,38.92497797,-105.021831,2817.997803,9245.399912
2021,GPS1,603,8/19/2021,8,19,10,,Geranium caespitosum,50,flow,10:23,Bombus mixtus,f,38.92497797,-105.021831,2817.997803,9245.399912
2021,GPS1,603,8/19/2021,8,19,11,,Geranium caespitosum,50,flow,10:30,Bombus centralis,m,38.92497797,-105.021831,2817.997803,9245.399912